,ID,finalReview,Satisfaction_final,pred_Satisfaction_final,cleaning_service_quality,order_packaging,communication_and_responsiveness,Driver_professionalism,Service_speed,cleaning_service_quality_sentiment,order_packaging_sentiment,communication_and_responsiveness_sentiment,Driver_professionalism_sentiment,Service_speed_sentiment,Overall_review_sentiment,Emotional_intensity_LLM,lang,pred_Satisfaction_final
0,1,My order was to dryclean! All suits came back in dirty and smelly! And this like 5th time happwning!And i made a note to take extra care! I demand a refund and u have lost me as a customer! Ur service became disguating! I will makw sure my friends leave u,1.0,3.0,1,1,1,0,0,4.42,4.92,4.45,,,-0.5,,en,3.0
1,2,poor experience. jacket not cleaned properly.,2.5,2.5,1,1,1,0,0,3.98,4.87,4.32,,,-0.5,,en,2.5
2,3,"The clean laundry came in a bag that had a smell. Even though it was inside a white plastic bag, reusing and mixing dirty bags to carry clean clothes is not ideal.",4.5,4.5,1,1,0,0,0,3.9,5.24,,,,-0.5,,en,4.5
3,4,not happy with the service. i received multiple emails asking if the quotation to clean my two dresses is approved as they were quoted at 120 dhs per dress and i replied to each message asking to proceed and finally my order was cancelled and items return,3.0,3.5,1,1,1,0,1,4.56,5.21,4.69,,5.41,-0.5,,en,3.5
4,5,its a very expensive service.,3.5,3.0,0,0,0,0,0,,,,,,-0.5,,en,3.0
5,6,great,8.5,8.0,0,0,0,0,0,,,,,,-0.5,,en,8.0
6,7,les chemises ne sont pas assez bien repassees,5.0,4.5,0,0,0,0,0,,,,,,-0.5,,fr,4.5
7,8,excellent all round,7.5,8.5,0,0,0,0,0,,,,,,-0.51,,ca,8.5
8,9,"fery nice and quick, thank you!",7.0,7.0,0,0,0,0,0,,,,,,-0.51,,en,7.0
9,10,"brilliant, will use again ",8.5,7.0,0,0,0,0,0,,,,,,-0.51,,en,7.0
10,11,Great Service,8.0,8.5,0,0,0,1,1,,,,6.16,6.27,-0.51,,en,8.5
11,12,A++,9.0,7.5,0,0,0,0,0,,,,,,-0.51,,en,7.5
12,13,"parfait, merci ",9.0,5.5,0,0,0,0,0,,,,,,-0.51,,fr,5.5
13,14,the best eased my stress of having to do my laundry as i had such a busy week and even busier weekend! \n,6.0,6.5,1,0,0,0,0,4.35,,,,,-0.5,,en,6.5
14,15,they did not bring my socks and my underwear,5.0,4.0,1,1,0,0,0,3.36,4.66,,,,-0.51,,en,4.0
15,16,Awfull..ALL shirts came with NEW creases,1.0,2.5,1,0,0,0,0,3.24,,,,,-0.49,,en,2.5
16,17,great thanks,7.0,6.5,0,0,0,0,0,,,,,,-0.49,,en,6.5
17,18,all good.,8.0,8.0,0,0,0,0,0,,,,,,-0.52,,en,8.0
18,19,your drivers are always super nice abd very professional 👍,8.0,7.5,0,0,0,1,1,,,,8.33,6.55,-0.49,,en,7.5
19,20,arms not ironed on obe shirt and poor ironing on another. normally good but dissappointing,5.0,3.5,1,0,1,0,0,3.37,,4.19,,,-0.5,,en,3.5
20,21,Livraison sans les temps et avec professionnalisme. Parfait.,4.0,5.0,0,0,0,0,0,,,,,,-0.49,,fr,5.0
21,22,Items have come back still dirty. Extremely disappointed.,2.0,3.0,1,1,1,0,0,4.48,4.04,4.19,,,-0.49,,en,3.0
22,23,happy,8.5,7.0,0,0,0,0,0,,,,,,-0.5,,en,7.0
23,24,very bad. the cloths are nor ironed. I just wanted these to be folded. it does not mean ‘no ironing’. what do you expect me to do now? iron myself.,2.0,2.5,1,1,0,0,0,3.33,6.45,,,,-0.5,,en,2.5
24,25,you didn’t iron the purple duvet set as per instructions,4.5,4.5,1,0,0,0,0,2.22,,,,,-0.49,,en,4.5
25,26,"I am broadly happy with the service, however I have been overcharged twice in a row by the launderette, which charged me for 18kg of washing when I gave less than 12kg. I have been issued a refund in both cases but could do without the hassle",6.0,5.5,1,0,1,0,1,4.98,,4.7,,6.57,-0.5,,en,5.5
26,27,"Hi Ben, i cant fault the delivery drivers. Picked up and delivered in good time. however not too impressed with some of the items how they have arrived back. Are they supposed to be ironed as there are more creases now than before they went? ",8.0,5.0,1,1,1,1,1,4.59,5.4,5.14,7.6,4.6,-0.49,,en,5.0
27,28,"delivery was on time, however I received the wrong items and some of my items are missing also ",3.0,4.5,1,0,1,0,1,4.21,,4.86,,4.0,-0.51,,en,4.5
28,29,"Good, as ever ",8.0,8.0,0,0,0,0,0,,,,,,-0.5,,en,8.0
29,30,fab service love laundry heap,7.5,6.5,1,1,0,0,0,4.9,7.17,,,,-0.49,,en,6.5
30,31,"Fantastic, efficient service. took less than 24 hours for lovely freshly laundered clothes and nicely folded. ",6.0,6.5,1,1,1,1,1,4.99,6.31,5.38,7.51,6.17,-0.5,,en,6.5
31,32,"amazing, thank u",7.0,6.5,0,0,0,0,0,,,,,,-0.52,,sw,6.5
32,33,Excellent service.,9.0,8.0,0,0,0,1,1,,,,6.3,6.08,-0.51,,fr,8.0
33,34,Not impressed. My shirts came back wrinkled still.,4.5,4.0,1,1,1,0,0,3.49,5.54,4.66,,,-0.49,,en,4.0
34,35,great,8.5,8.0,0,0,0,0,0,,,,,,-0.5,,en,8.0
35,36,very efficient and did a good job,7.0,7.0,0,0,0,0,1,,,,,7.32,-0.5,,en,7.0
36,37,great service,8.0,8.5,0,0,0,1,1,,,,6.16,6.27,-0.51,,en,8.5
37,38,driver was superbly  polite. hanging the items on the door but i was in ! if he rang the bell would have saved him time. i opened the door when i heard him. great service very happy,9.0,6.5,0,0,0,1,1,,,,6.85,5.38,-0.49,,en,6.5
38,39,everything is good,8.0,8.0,0,0,0,0,0,,,,,,-0.5,,en,8.0
39,40,as always excellent,9.0,7.5,0,0,0,0,0,,,,,,-0.52,,en,7.5
40,41,"i had alot of problems with the order due to the fact that there were two laundry parcels but it was logged as one. this created delay, an unnecessary trip back (for which i waa charged a cancellation fee) and too much back and forth with the support team",4.0,3.5,1,1,1,0,1,3.78,4.82,4.34,,4.18,-0.49,,en,3.5
41,42,great experience!,9.0,7.5,0,0,0,0,0,,,,,,-0.48,,ro,7.5
42,43,Good 👍,8.0,8.0,0,0,0,0,0,,,,,,-0.5,,en,8.0
43,44,excellent,9.0,9.0,0,0,0,0,0,,,,,,-0.5,,en,9.0
44,45,"Terrible service, i have contacted you and sent photos,  you offer a pathetic small credit.\nnot good at all. ",1.0,3.0,0,0,1,0,0,,,4.59,,,-0.49,,en,3.0
45,46,very good,9.0,8.5,0,0,0,0,0,,,,,,-0.5,,en,8.5
46,47,I'm actually shocked at the condition my coat is returned in.,2.0,4.0,1,1,1,0,0,3.49,4.83,4.8,,,-0.49,,en,4.0
47,48,"very prompt service, friendly and efficient driver/delivery. Would highly recommend ",6.0,6.5,0,0,0,1,1,,,,7.11,6.06,-0.49,,en,6.5
48,49,Very pleased with service!,8.5,8.5,0,0,1,1,1,,,5.65,6.8,6.04,-0.5,,en,8.5
49,50,Shirts have been dry cleaned - NOT washed. Basically destroying them. Not the first time this has happened,1.0,3.5,1,1,1,0,0,3.03,4.36,4.23,,,-0.5,,en,3.5
50,51,excellent,9.0,9.0,0,0,0,0,0,,,,,,-0.5,,en,9.0
51,52,thank you,5.0,5.0,0,0,0,0,0,,,,,,-0.49,,en,5.0
52,53,very good laundry,9.0,8.5,1,1,0,0,0,4.26,7.07,,,,-0.5,,af,8.5
53,54,great,8.0,8.0,0,0,0,0,0,,,,,,-0.5,,en,8.0
54,55,The whole process was very easy and efficient.,6.5,8.5,0,0,0,0,1,,,,,9.0,-0.5,,en,8.5
55,56,i had specifically asked that all clothes be returned folded in individual plastic bags and they have been sent on hangers. i have had this experience before too and it is a bit frustrating seeing this,3.0,3.5,1,1,1,0,0,2.96,5.48,3.84,,,-0.51,,en,3.5
56,57,"First, the app's service selection is unclear initially. Second, the prices, especially for dry cleaning, are excessively high. Third, pickup and delivery timings were among the worst experiences. Fourth, the clothes delivered by the driver were poorly ir",3.0,3.0,1,1,1,0,1,4.29,5.03,4.95,,5.83,-0.5,,en,3.0
57,58,"Hi, most of my clothes that were wash only have been shrunk and have come back all wrinkled. Unlike the other times youve washed them.",2.0,4.5,1,1,0,0,0,2.56,7.51,,,,-0.49,,en,4.5
58,59,one of the clothing item is not cleant properly…stains are still present …I tried to take a picture but its not clear in it….the stain is visible to the eye when looked carefully. \nthe white tshirts still have pale sweat stains at the collar…\n,4.5,5.5,1,1,1,0,0,3.89,5.23,5.19,,,-0.49,,en,5.5
59,60,Would like some info on weight ahead of time so I could make decisions accordingly,5.0,5.0,0,0,0,0,0,,,,,,-0.49,,en,5.0
60,61,great service,8.0,8.5,0,0,0,1,1,,,,6.16,6.27,-0.51,,en,8.5
61,62,good,8.0,8.0,0,0,0,0,0,,,,,,-0.5,,en,8.0
62,63,more expensive than i thought,5.0,4.0,0,0,0,0,0,,,,,,-0.5,,en,4.0
63,64,top class,7.5,7.5,0,0,0,0,0,,,,,,-0.5,,en,7.5
64,65,Nit washed very good,3.0,4.5,1,1,0,0,0,3.76,5.08,,,,-0.51,,en,4.5
65,66,"Rapide, serieux ! ",5.0,5.0,0,0,0,0,0,,,,,,-0.51,,fr,5.0
66,67,Super Quality \nGreat Service \n10/10 \n100% would recommend.,8.0,7.0,0,0,0,0,1,,,,,6.89,-0.51,,en,7.0
67,68,hasnt arrived yet,4.0,4.0,0,0,0,0,1,,,,,2.85,-0.49,,en,4.0
68,69,Fantastic!,7.5,9.0,0,0,0,0,0,,,,,,-0.51,,en,9.0
69,70,good,7.5,8.0,0,0,0,0,0,,,,,,-0.5,,en,8.0
70,71,how can you tip the the delivery driver? why does only trhe pick up driver get a tip?,5.0,5.0,0,0,0,1,0,,,,6.7,,-0.49,,en,5.0
71,72,From start to finish excellent service.\nBoth drivers extremely friendly and had no issue with collection and delivery.,8.0,6.5,0,0,0,1,1,,,,7.32,6.12,-0.5,,en,6.5
72,73,excellent,9.0,9.0,0,0,0,0,0,,,,,,-0.5,,en,9.0
73,74,great service thank you,8.5,8.0,0,0,0,0,0,,,,,,-0.5,,en,8.0
74,75,great aervice and erlier than expcted,8.5,5.5,0,0,0,0,0,,,,,,-0.51,,en,5.5
75,76,so thrilled about the time laundryheap just saved me. thank you!!,9.0,7.0,1,0,0,0,0,4.53,,,,,-0.5,,en,7.0
76,77,was good,8.0,8.0,0,0,0,0,0,,,,,,-0.5,,en,8.0
77,78,one of the pants was returned with marks all\nover it,4.5,4.0,1,1,1,0,0,3.28,4.73,3.86,,,-0.49,,en,4.0
78,79,You took double the time to return my laundry abd lort half of it. Your help function is jedt to useless as nobody replies. This is genuinely the worst servife ofe ever come across and I’m going to make sure everyone knows how bad it is,2.0,2.5,1,0,1,0,0,3.44,,4.73,,,-0.51,,en,2.5
79,80,i was promised a $40 voucher due to the issues ivfaced previously but to date its not given. Can you clarify.,4.5,3.5,0,0,1,0,0,,,3.98,,,-0.5,,en,3.5
80,81,brilliant delivery service,9.0,7.0,0,0,0,1,1,,,,5.94,5.87,-0.51,,en,7.0
81,82,"Amazing service: prompt to collect and deliver, and an impeccable result at the end. Thank you!",8.0,7.5,0,0,1,1,1,,,5.07,7.29,5.44,-0.49,,en,7.5
82,83,Horrible quality wash and folding….. my god,1.0,2.0,1,1,0,0,0,3.35,5.4,,,,-0.5,,en,2.0
83,84,great,8.0,8.0,0,0,0,0,0,,,,,,-0.5,,en,8.0
84,85,very good. all laundry are washed perfectly and all are in order. i dont ahve to worry logistically on my bulky laundry any longer.,9.0,6.0,1,1,0,0,1,4.65,6.44,,,6.83,-0.5,,en,6.0
85,86,"Was worried at first because the full price is calculated after sending the clothes in. However, I’m pleased by their amazing service and reasonable pricing. Delivery was speedy for both collection and return. Winter jackets are super well cleaned. TY!",6.0,5.5,1,0,1,0,1,4.6,,5.33,,5.97,-0.51,,en,5.5
86,87,again you hironing was under acceptable quality,4.0,4.0,0,0,0,0,0,,,,,,-0.5,,en,4.0
87,88,great job,8.0,8.0,0,0,0,0,0,,,,,,-0.49,,en,8.0
88,89,great service,8.5,8.5,0,0,0,1,1,,,,6.16,6.27,-0.51,,en,8.5
89,90,Everything good. No problems.,8.0,7.5,0,0,0,1,0,,,,6.21,,-0.5,,en,7.5
90,91,having used the service a few times ive noticed that the last 2 times that the deyer temperature has been even done on too high or left for 2 long as some of the items have bits where they look melted,4.5,5.0,1,0,0,0,0,4.91,,,,,-0.5,,en,5.0
91,92,clothes came back clean and neatly folded whoch is exactly what i wanted,6.0,6.0,1,1,0,0,0,3.99,6.46,,,,-0.49,,en,6.0
92,93,prompt and polite,5.5,6.0,0,0,0,1,1,,,,6.06,6.62,-0.49,,en,6.0
93,94,done,5.0,5.5,0,0,0,0,0,,,,,,-0.5,,en,5.5
94,95,,5.0,5.0,0,0,0,0,0,,,,,,-0.51,,en,5.0
95,96,brilliant\n,5.0,7.0,0,0,0,0,0,,,,,,-0.52,,en,7.0
96,97,x,5.0,5.0,0,0,0,0,0,,,,,,-0.51,,en,5.0
97,98,"the driver and my clothes/comforter now smell like cigarettes. if you are a delivery driver, you should not be smoking/using a vehicle that has the smell of smoke. now my items smell like cigarette smoke and it is disgusting ",1.0,4.0,1,0,0,0,0,4.21,,,,,-0.49,,en,4.0
98,99,"Horrible! There were stains of dark dye on my light coloured clothes! I specifically chose the option thay separates the dark and light coloured clothes. And to be sure, I've already packed my light and dark coloured clothes separately!",1.0,2.5,1,1,0,0,0,3.2,6.64,,,,-0.49,,en,2.5
99,100,Fast and Easy,6.0,7.0,0,0,0,0,1,,,,,6.99,-0.5,,en,7.0
100,101,"very bad experience. I asked the shirts to be folded. and they were delivered on hangers! frustraiting. on top of this, i have used a promotion code 5FEESHIRTS, however my card was charged for full amount even tough I was entitled for a free service. ",1.0,3.5,1,1,1,0,1,3.62,5.49,4.85,,5.53,-0.49,,en,3.5
101,102,"the tablecloth is not well ironed. i didnt check for the bedsheets as i cant be bothered to open them, but cab only assuem its the same",4.0,5.0,1,0,0,0,0,3.43,,,,,-0.5,,en,5.0
102,103,absolutely horrendous,1.0,0.5,0,0,0,0,0,,,,,,-0.51,,en,0.5
103,104,One of my shirts got damaged,2.0,3.5,1,0,1,0,0,2.47,,4.62,,,-0.5,,en,3.5
104,105,its very very bad,1.0,1.0,0,0,0,0,0,,,,,,-0.5,,en,1.0
105,106,"amazing, stains on coats were removed, look new!  delivery was right on time.",6.0,6.0,1,0,1,0,1,5.06,,5.89,,5.4,-0.49,,en,6.0
106,107,my jacket is still dirty?,3.0,4.0,1,1,0,0,0,3.78,4.54,,,,-0.49,,sv,4.0
107,108,"great, although scheduled delivery was late, but its still within the same day. ",7.0,7.0,0,0,0,0,1,,,,,4.26,-0.5,,en,7.0
108,109,merci beaucoup,5.0,6.0,0,0,0,0,0,,,,,,-0.51,,en,6.0
109,110,"excellent cleaning, I was extremely happy with the results",9.0,7.5,1,0,0,0,0,6.14,,,,,-0.5,,en,7.5
110,111,"Hi, I have received someone else laundry!!! Please can you check where are my clothes asap? \nIn the bag I have received there are a couple of towels and bed sheets but none of my clothes. \nPlease contact me asap at +971 54 218 3604. Thank you",4.5,4.5,1,1,1,0,0,3.15,5.57,4.56,,,-0.5,,en,4.5
111,112,tshirt and dress had bluish stain,5.0,3.5,1,1,0,0,0,3.12,4.88,,,,-0.48,,en,3.5
112,113,everything great,8.0,7.5,0,0,0,0,0,,,,,,-0.5,,en,7.5
113,114,"Good service, driver polite & friendly. Timings accurate. Laundry clean. ",7.0,7.5,1,0,0,1,1,5.33,,,8.12,7.02,-0.49,,en,7.5
114,115,i did not receive my two tote bags back that i delivered my laundry in. how can i get them back?,5.5,5.0,1,1,0,0,0,2.2,4.02,,,,-0.49,,en,5.0
115,116,"the driver tagged my order wrongly and i was left to wonder if my own shirts will come back to me safely.  while my order came back to me in order, it leaves me with some uncertainty if i can trust this service ",5.0,4.5,1,0,1,0,1,4.19,,5.06,,4.65,-0.49,,en,4.5
116,117,Excellent service,9.0,8.5,0,0,0,1,1,,,,6.03,6.07,-0.51,,ca,8.5
117,118,Clothese wet. Clothes smelly. Nkt properly washed or dryed,3.5,5.0,1,1,0,0,0,3.27,5.07,,,,-0.48,,en,5.0
118,119,"Quick and easy service, will definitely use again",7.0,7.0,0,0,1,0,1,,,5.25,,6.78,-0.5,,en,7.0
119,120,"Happy with the service overall, the item was well cleaned, the pick and delivery were done smoothly and efficiently. The packing was done with care and respectfully. Only the second item could not be taken care of. Would've been better to know in advance.",6.5,6.5,1,1,1,1,1,5.39,5.26,4.99,6.76,5.8,-0.5,,en,6.5
120,121,all seems fine,7.0,7.0,0,0,0,0,0,,,,,,-0.5,,en,7.0
121,122,excellent,9.0,9.0,0,0,0,0,0,,,,,,-0.5,,en,9.0
122,123,Excellent service,9.0,8.5,0,0,0,1,1,,,,6.03,6.07,-0.51,,ca,8.5
123,124,first time saved a bunch of time,6.0,5.5,0,0,0,0,0,,,,,,-0.51,,en,5.5
124,125,perfect,9.0,8.5,0,0,0,0,0,,,,,,-0.51,,en,8.5
125,126,It was perfecf thank you,4.0,5.5,0,0,0,0,0,,,,,,-0.51,,en,5.5
126,127,didnt call but got there in the end,5.0,5.5,0,0,0,0,0,,,,,,-0.5,,en,5.5
127,128,Laundryheap has been a lifesaver when my washing machine broke down. The service is fast and laundry is delivered to the door the next day. Very courteous delivery drivers. Great service!,5.0,6.0,1,0,0,0,0,4.29,,,,,-0.51,,en,6.0
128,129,great service  as always,8.0,8.5,0,0,0,1,0,,,,6.69,,-0.5,,en,8.5
129,130,experience was fast and effiecint! they were very polite and proffessional.,6.0,6.5,0,0,1,1,1,,,5.38,7.6,7.07,-0.5,,en,6.5
130,131,respectez les horaires et ca ira mieux,5.0,4.5,0,0,0,0,0,,,,,,-0.5,,fr,4.5
131,132,all good,8.0,7.5,0,0,0,0,0,,,,,,-0.52,,en,7.5
132,133,grwat servuce and washing,5.0,4.0,1,0,0,0,0,4.02,,,,,-0.5,,en,4.0
133,134,I am not very satisfied. Two trousers came back visibly stained. I don't think they even attempted cleaning them\n,2.0,3.5,1,1,1,0,0,4.5,5.35,4.49,,,-0.5,,en,3.5
134,135,This service is a life saver! thank you,5.0,5.5,0,0,0,0,0,,,,,,-0.5,,en,5.5
135,136,"Hi, I am missing a pillow cover from the white company…",4.0,3.5,0,0,0,0,0,,,,,,-0.5,,en,3.5
136,137,amazing,8.0,7.0,0,0,0,0,0,,,,,,-0.51,,en,7.0
137,138,great service from booking to collection and finally drop off.,7.0,7.0,0,0,0,1,1,,,,7.89,6.07,-0.5,,en,7.0
138,139,"In time, very polite. excelent service, I’m very happy",6.0,6.5,1,0,1,1,1,6.05,,5.73,7.03,5.49,-0.49,,en,6.5
139,140,tres bonne expérience,6.5,5.0,0,0,0,0,0,,,,,,-0.49,,fr,5.0
140,141,loved the service! it helps me as a single mother take a load off from my daily task. Thank you!,6.0,6.0,0,0,0,0,0,,,,,,-0.51,,en,6.0
141,142,"never ysed until this week, would again & highly recommend 👍",7.5,7.5,0,0,0,0,0,,,,,,-0.51,,en,7.5
142,143,it was good.  my laundry was here once I got home from work.  thank you!,9.0,7.5,1,0,0,0,1,4.86,,,,4.28,-0.49,,en,7.5
143,144,my item hasnt been dry cleaned properly and has returned with loads of bits,5.0,4.5,1,1,1,0,0,4.34,3.75,3.97,,,-0.5,,en,4.5
144,145,excellent service by Shaheen. \nthank you!,8.0,6.0,0,0,1,0,0,,,4.96,,,-0.5,,en,6.0
145,146,great service!,9.0,8.5,0,0,0,1,0,,,,6.6,,-0.5,,en,8.5
146,147,missing item,4.5,4.5,0,0,0,0,0,,,,,,-0.51,,en,4.5
147,148,"Comme déjà indiqué le jour de la livraison, c’était parfait !!!! J’ai même pu récupérer mon sac plastique, donc merci.\nEn revanche, je tiens à repréciser que le sac ayant servi à la livraison m’a été remis déchiré au fond.",5.0,5.0,0,0,0,0,0,,,,,,-0.5,,fr,5.0
148,149,,5.0,5.0,0,0,0,0,0,,,,,,-0.51,,en,5.0
149,150,"the stains were not removed which is understandable but more importantly, the sheets and duvet cover are completely crinkled ",3.0,3.5,1,0,0,0,0,2.89,,,,,-0.49,,en,3.5
150,151,one of my dresses wasnt even cleaned properly,5.0,3.5,1,1,1,0,0,3.64,4.57,4.4,,,-0.5,,en,3.5
151,152,ggreat,5.0,5.5,0,0,0,0,0,,,,,,-0.51,,en,5.5
152,153,"i will be submitting for a refund, my blue burryberry coat has come back with hair all iver the inside",4.0,3.5,1,0,1,0,0,3.22,,3.5,,,-0.49,,en,3.5
153,154,"Out of the 2 overcoats, none came back 100% clean. one still has a stain, the other is full of fur from other pieces of clothing ",4.5,4.5,1,0,0,0,0,4.52,,,,,-0.5,,en,4.5
154,155,good,8.0,8.0,0,0,0,0,0,,,,,,-0.5,,en,8.0
155,156,I am shocked at the amount charged for the washing that was returned to me. Could you please check that there isn’t another bag at the depot. Thank you,4.0,3.5,1,1,1,0,0,4.11,4.46,4.12,,,-0.49,,en,3.5
156,157,The pickup and dropoff was perfect. However the cleaning was not good. This was rhe second time I used the service. This time the cleaning was sub-standard.,2.5,6.0,0,0,0,1,1,,,,7.19,5.96,-0.5,,en,6.0
157,158,fuss-free and simple,5.0,5.5,0,0,0,0,0,,,,,,-0.5,,en,5.5
158,159,it took a day longer than i was wuoted.,5.0,4.5,0,0,0,0,1,,,,,2.85,-0.5,,en,4.5
159,160,great service,8.5,8.5,0,0,0,1,1,,,,6.16,6.27,-0.51,,en,8.5
160,161,"very disappointed, appalling service.you had mixed washed and unwashed clothes together what was that about!",2.0,3.0,1,1,1,0,0,4.28,5.05,4.44,,,-0.49,,en,3.0
161,162,great delivery thanks,7.0,7.0,0,0,0,0,1,,,,,4.52,-0.5,,en,7.0
162,163,great,8.0,8.0,0,0,0,0,0,,,,,,-0.5,,en,8.0
163,164,guys you ruined one of my white shirts. i have the pictures,1.0,3.5,1,0,0,0,0,1.86,,,,,-0.49,,en,3.5
164,165,bad,2.0,2.5,0,0,0,0,0,,,,,,-0.5,,en,2.5
165,166,some of my clothes were slightly damp,4.0,5.5,1,1,0,0,0,3.0,5.35,,,,-0.49,,en,5.5
166,167,great the drivet called\nme to diacuss how to delivet,8.0,5.5,0,0,0,0,0,,,,,,-0.51,,en,5.5
167,168,very good service but far too much plastic. if there is a way to reduce the plastic used i would use the service more.,6.0,5.5,0,0,1,0,0,,,4.8,,,-0.51,,en,5.5
168,169,Terrible. Late. Poor quality. cost me tome and money and alot of inconvenience.,1.0,2.5,0,0,0,0,1,,,,,5.41,-0.5,,en,2.5
169,170,,5.0,5.0,0,0,0,0,0,,,,,,-0.51,,en,5.0
170,171,Very good,9.0,8.5,0,0,0,0,0,,,,,,-0.5,,en,8.5
171,172,"good. the delivery is good, the clothes is good. ",8.0,7.0,1,1,0,1,1,4.7,6.12,,6.73,5.88,-0.5,,en,7.0
172,173,everything was good,8.0,8.0,0,0,0,0,0,,,,,,-0.5,,en,8.0
173,174,"great results, the suit had a drink stain and has been removed. I couldnt get the clothes on time and without issues has been rescheduled for the day after. ",8.5,5.0,1,0,0,0,0,4.23,,,,,-0.5,,en,5.0
174,175,"All perfect, thank you! :) ",7.5,7.5,0,0,0,0,0,,,,,,-0.51,,en,7.5
175,176,great service,8.0,8.5,0,0,0,1,1,,,,6.16,6.27,-0.51,,en,8.5
176,177,great!,9.0,8.5,0,0,0,0,0,,,,,,-0.5,,en,8.5
177,178,"excellent service , we will be using this again. ",9.0,7.5,0,0,1,1,0,,,4.73,6.35,,-0.5,,en,7.5
178,179,"hello team, you shrunk 3 of my tops.. i dont think they should have gone through the tumble dryer :/ ",4.0,3.5,1,0,1,0,0,2.42,,4.54,,,-0.51,,en,3.5
179,180,Quick and communicative!,8.0,6.5,0,0,0,1,1,,,,6.9,6.47,-0.5,,en,6.5
180,181,some of my shirts had iron marks,5.0,4.5,1,0,0,0,0,3.32,,,,,-0.5,,en,4.5
181,182,bien \n,4.0,5.0,0,0,0,0,0,,,,,,-0.5,,en,5.0
182,183,"It was horrible that I wanted to have my order in both #0012912 and #8315935 to be combined, they were collected together, and delivered back to me together, with same driver. I do not understand why there was a min charge being charged to my bills. ",3.0,4.5,0,0,0,0,0,,,,,,-0.49,,en,4.5
183,184,super all the way,6.0,6.5,0,0,0,0,0,,,,,,-0.5,,en,6.5
184,185,Price too high,3.0,4.0,0,0,1,0,0,,,5.49,,,-0.5,,en,4.0
185,186,excellent,9.0,9.0,0,0,0,0,0,,,,,,-0.5,,en,9.0
186,187,it’s been a great efficient service,8.5,7.0,0,0,0,0,1,,,,,6.37,-0.51,,en,7.0
187,188,"We are not really happy. Half of our stuff was lost for three days without any proper info from Laundryheap. Finally everything went well, but that event left quite some bad emotions.",3.0,3.5,1,1,1,0,0,3.74,4.49,3.71,,,-0.5,,en,3.5
188,189,"deluvery time scehduled for 7-10 pm. we we just out for few mins around 7pm. when we came back the laundry eas left hung on our door handle, driver didbt call to even chcek ifanyone hone. scary that the laundry abandoned, someone couid have stolen. ",4.5,4.5,1,1,0,0,0,3.58,5.01,,,,-0.49,,en,4.5
189,190,excellent driver. explained process clearly.,6.0,7.0,0,0,0,1,0,,,,7.53,,-0.49,,en,7.0
190,191,"2 articles abîmés
 Vraiment en colère, pièces uniques, ornements abîmés",5.0,5.5,0,0,0,0,0,,,,,,-0.5,,fr,5.5
191,192,everything was perfectly clean but smelled like weed and cigarettes.,6.5,4.5,1,1,0,0,0,5.39,4.06,,,,-0.5,,en,4.5
192,193,Everything was good.,8.5,9.0,0,0,0,0,0,,,,,,-0.5,,en,9.0
193,194,"service too late, once more\n",4.0,3.5,0,0,0,0,0,,,,,,-0.51,,en,3.5
194,195,tout parfait. juste un peu cher!,5.0,5.0,0,0,0,0,0,,,,,,-0.51,,fr,5.0
195,196,excellent service,9.0,8.5,0,0,0,1,1,,,,6.03,6.07,-0.51,,fr,8.5
196,197,very good service,9.0,9.0,0,0,0,1,1,,,,6.21,6.28,-0.51,,en,9.0
197,198,very unhappy to receive all my goods on hangers as i requested delivery folder both in the comments of the order as well as to the driver! i will be travelling hence reqiested folded!!,1.0,4.5,1,1,0,0,0,2.89,5.69,,,,-0.5,,en,4.5
198,199,"10/10 fast service, prompt pickup and delivery. Clothes are  received washed and cleaned in tip top condition.",6.0,6.0,1,1,1,1,1,4.98,6.35,6.33,7.66,6.74,-0.5,,en,6.0
199,200,Prices bit high,5.5,4.5,0,0,1,0,0,,,6.3,,,-0.49,,en,4.5
200,201,will use it again,5.0,6.0,0,0,0,0,0,,,,,,-0.51,,en,6.0
201,202,"Hello. I wanted to inform you that even before unpacking my belongings, I noticed dust under the plastic and looks like items were handled carelessly. There's an impression that the items are already dirty. Contact me and I’ll provide you with all details",3.0,4.0,1,1,0,0,0,5.31,4.49,,,,-0.49,,en,4.0
202,203,Nice pick and delivery service. far too expensive though,5.0,5.5,0,0,0,0,1,,,,,5.54,-0.52,,en,5.5
203,204,my first pick up had to be rescheduled. the driver said we werent home but thay wasnt true so i am not entirely aure what happened. once i rescheduled everything went great,6.0,5.0,0,0,0,1,1,,,,8.26,4.92,-0.5,,en,5.0
204,205,my 2nd time for ironimg they did a good job - i m happy,8.0,6.0,1,0,0,0,0,4.85,,,,,-0.5,,en,6.0
205,206,Clothes were not ironed and were still dirty / smelly. Clearly were not dry cleaned as paid for.,3.0,3.0,1,1,1,0,0,3.82,4.68,3.02,,,-0.5,,en,3.0
206,207,great!!,9.0,8.5,0,0,0,0,0,,,,,,-0.5,,en,8.5
207,208,great service,8.0,8.5,0,0,0,1,1,,,,6.16,6.27,-0.51,,en,8.5
208,209,my shirt was not cleaned and pressed property,5.0,4.0,1,1,1,0,0,3.92,4.38,4.24,,,-0.49,,en,4.0
209,210,0/10 stars. They couldnt find my flat. Despite being right outside. threw my bags on the floor with 0 care. the handle on one bag was returned completely broken off. Overall unprofessional and disappointing service for how expensive it is.,1.0,3.5,0,1,1,0,1,,5.27,4.24,,6.77,-0.5,,en,3.5
210,211,These clothes are not folded and come back all wrinkled,4.0,4.5,1,1,0,0,0,2.33,5.91,,,,-0.5,,en,4.5
211,212,TB. Merci !,6.0,5.5,0,0,0,0,0,,,,,,-0.49,,en,5.5
212,213,Great service,8.0,8.5,0,0,0,1,1,,,,6.16,6.27,-0.51,,en,8.5
213,214,troisieme semaine sur 4 ou la commande etait retarde,5.0,4.5,0,0,0,0,0,,,,,,-0.49,,fr,4.5
214,215,tres bon service,5.0,4.5,0,0,0,0,0,,,,,,-0.5,,en,4.5
215,216,All great,8.0,8.0,0,0,0,0,0,,,,,,-0.51,,en,8.0
216,217,my dress shirts that were suppose to be washed and returned on hangers were shoved in a bag and retunred very wrinkled and colars damaged,5.0,3.0,1,1,1,0,0,2.77,4.98,4.21,,,-0.5,,en,3.0
217,218,excellent as usual,7.0,7.5,0,0,0,0,0,,,,,,-0.51,,ca,7.5
218,219,Pick up and delivery was fast and efficient,5.5,7.0,0,0,0,1,1,,,,7.24,6.02,-0.51,,en,7.0
219,220,the person who delivered my cleaned and ironed stuff left everything downstairs and folded (so against the ironing just done..) . first time this happened.,5.0,3.5,1,1,1,0,0,3.59,5.14,4.13,,,-0.5,,en,3.5
220,221,good service,8.0,8.0,0,0,0,1,1,,,,5.61,6.07,-0.51,,en,8.0
221,222,m item was damaged！,4.0,4.5,0,0,0,0,0,,,,,,-0.52,,af,4.5
222,223,good,8.0,8.0,0,0,0,0,0,,,,,,-0.5,,en,8.0
223,224,clothes ruined,4.5,2.5,1,1,0,0,0,2.8,4.6,,,,-0.5,,en,2.5
224,225,Amazing and thank you!,8.0,7.0,0,0,0,0,0,,,,,,-0.52,,en,7.0
225,226,very swift and fast.. nice ncie ncie 💯💯💯,6.0,6.5,0,0,0,0,1,,,,,6.54,-0.52,,en,6.5
226,227,leather stain was not removed at all… its the exact same as when i sent it away. i understand you couldnt guarantee 100% removal but you haven’t removed it even 1%? is there nothing that can be done ?,2.0,4.0,1,0,0,0,0,4.52,,,,,-0.5,,en,4.0
227,228,Delivered to the door with no problem!,5.0,7.0,0,0,0,0,1,,,,,4.12,-0.5,,en,7.0
228,229,cleaning is nice. delivery also… perhaps a bit of attention should be made when it comes to invoicing,6.0,7.0,1,0,1,1,1,5.34,,6.37,7.02,6.32,-0.49,,en,7.0
229,230,not great service. collection 2.5 hours after end of 3 hour booked slot. i was charged for split whites / colours when I only booked mixed wash as I have always done previously. delivery tracking said in 20 minutes for 2 hours until finally arrived.,3.0,3.5,1,1,1,0,1,4.6,5.6,5.19,,5.13,-0.5,,en,3.5
230,231,"very pleased with the way it was managed, thank you",8.0,7.5,0,0,0,0,0,,,,,,-0.5,,en,7.5
231,232,lovely driver,8.0,7.5,0,0,0,1,0,,,,7.92,,-0.49,,en,7.5
232,233,you have give me someone else’s order. in addition to my own order.,5.0,5.0,0,0,1,0,0,,,4.76,,,-0.51,,en,5.0
233,234,my jeans arrived back with a broken zip and customer services qouted terms and conditons at me rather than try to rectify the damage - very dissapionted,2.0,3.0,1,1,1,0,0,3.63,4.5,4.03,,,-0.5,,en,3.0
234,235,J ai pas recu mes articles. J ai recu que 2 articles sur 4 et un aeticle qui ne m appartient pas,5.0,5.0,0,0,0,0,0,,,,,,-0.5,,fr,5.0
235,236,"10 out of 10. No notes. I’m very satisfied with the state of my clothes. Everything was clean, not overwhelming in fragrances, and neatly packed away. I will be using your services again. ",6.0,5.0,1,1,1,0,1,4.62,6.08,5.21,,6.4,-0.51,,en,5.0
236,237,amazing service! thank you!,9.0,7.5,0,0,0,0,0,,,,,,-0.5,,en,7.5
237,238,very quick and easy process!,8.0,7.0,0,0,0,0,1,,,,,6.49,-0.49,,en,7.0
238,239,le linge n’est pas bien plie. Plusiers vêtements étaient inversés et le pliage etait mal fait.,5.0,5.0,0,0,0,0,0,,,,,,-0.49,,fr,5.0
239,240,"the clothes are still dirty, i want reimbursement, i have pictures ",2.0,3.5,1,1,1,0,0,3.86,4.93,4.2,,,-0.48,,en,3.5
240,241,my laundry was delayed for two days,5.0,4.5,1,1,1,0,1,3.01,4.81,4.64,,4.02,-0.5,,en,4.5
241,242,good job,8.0,7.5,0,0,0,0,0,,,,,,-0.49,,en,7.5
242,243,Stains remain the same :(,3.0,3.5,1,0,0,0,0,4.16,,,,,-0.49,,en,3.5
243,244,"really easy, efficient and convenient!",7.0,7.0,0,0,0,0,0,,,,,,-0.49,,en,7.0
244,245,great service.,8.0,8.0,0,0,0,1,1,,,,6.45,6.3,-0.51,,en,8.0
245,246,"Excellent- cleaned well, professional folded and packed and delivered back on time ",6.5,7.0,1,1,0,1,1,5.08,6.08,,8.68,5.98,-0.51,,en,7.0
246,247,can you explain why the tshirts dryclean is having shrinkage?,4.0,3.5,1,1,0,0,0,2.25,4.82,,,,-0.5,,en,3.5
247,248,friendly and informed when due to arrive. perfect.,8.0,7.5,0,0,0,1,1,,,,6.85,5.37,-0.51,,en,7.5
248,249,good,8.0,8.0,0,0,0,0,0,,,,,,-0.5,,en,8.0
249,250,"Easy to to get a service and woth good communication.\nI did get a pair of socks which done belong to me, how can I return them?",7.0,6.0,1,0,1,0,0,4.37,,4.68,,,-0.49,,en,6.0
250,251,"will never use it again. i paid additional £8 due to wrong itemsztion. if you want to improve your service 1st be honest with the customer, 2nd be transparent with the prices. after collecting the staff, there is no way for the client to reject your price",1.0,4.0,0,0,1,0,0,,,4.85,,,-0.5,,en,4.0
251,252,Excellent service,9.0,8.5,0,0,0,1,1,,,,6.03,6.07,-0.51,,ca,8.5
252,253,i am not happy about service as it was delayed for more than one hour!,1.0,4.0,0,0,0,1,1,,,,5.66,4.38,-0.5,,en,4.0
253,254,Thank you always! very friendly and I like you keep me updated and it’s always correct!,8.0,7.5,0,0,0,1,0,,,,8.33,,-0.51,,en,7.5
254,255,Mesh laundry bag provided to clean dress in was not returned,6.0,4.0,1,1,1,0,0,3.51,4.86,3.69,,,-0.51,,en,4.0
255,256,Drivers are fabulous!,7.0,7.5,0,0,0,1,0,,,,8.87,,-0.49,,en,7.5
256,257,amazing!!,9.0,7.5,0,0,0,0,0,,,,,,-0.51,,en,7.5
257,258,very good!,9.0,9.5,0,0,0,0,0,,,,,,-0.51,,en,9.5
258,259,excellent,9.0,9.0,0,0,0,0,0,,,,,,-0.5,,en,9.0
259,260,Clothes smell post dry cleaning,3.0,4.0,1,1,0,0,0,3.59,6.0,,,,-0.48,,en,4.0
260,261,Not good. 1. did not wash whites and darks separately. white clothes are ruined. i did choose that.  2. did not keep the two orders/bags separate as per my instructions. my colleagues clothes were mixed in with mine. 3. clothes were damp and not folded.,3.0,3.0,1,1,1,0,0,3.46,5.87,4.38,,,-0.5,,en,3.0
261,262,not good,4.0,3.5,0,0,0,0,0,,,,,,-0.49,,en,3.5
262,263,"I sent a wool rug for dry cleaning and it came back with a strong pungent smell, now I have to air it outside and see if it gets better after a week",4.0,4.5,1,1,0,0,0,4.12,4.72,,,,-0.48,,en,4.5
263,264,great!,9.0,8.5,0,0,0,0,0,,,,,,-0.5,,en,8.5
264,265,provide bags (proper ones) please,5.0,5.0,0,1,0,0,0,,5.19,,,,-0.5,,en,5.0
265,266,perfect!,9.0,9.0,0,0,0,0,0,,,,,,-0.51,,en,9.0
266,267,friendly service,7.0,6.0,0,0,0,1,1,,,,6.3,6.53,-0.5,,en,6.0
267,268,brilliant !!!!,9.0,7.5,0,0,0,0,0,,,,,,-0.52,,en,7.5
268,269,the coat isnok but green jqxket colour jqs gone darker and duller,4.0,4.5,1,0,0,0,0,3.17,,,,,-0.5,,en,4.5
269,270,great,8.0,8.0,0,0,0,0,0,,,,,,-0.5,,en,8.0
270,271,fabulous service very happy,8.0,8.0,0,0,1,1,1,,,5.49,6.84,5.85,-0.51,,en,8.0
271,272,"consistent service level, quality, & professionalism - satisfied customer ",6.0,6.5,0,0,0,1,1,,,,8.2,6.96,-0.49,,en,6.5
272,273,urgent delivery - succesful!!,5.0,6.0,0,0,0,0,1,,,,,4.47,-0.5,,ro,6.0
273,274,1st time to use so no comparison yet.,5.0,5.5,0,0,0,0,0,,,,,,-0.49,,it,5.5
274,275,"I asked for all shirts to be folded
 They were not",4.0,4.0,1,1,1,0,0,2.74,5.12,4.57,,,-0.5,,en,4.0
275,276,perfect handoff!,9.0,7.5,0,0,0,0,0,,,,,,-0.5,,en,7.5
276,277,i was very disappointed of the delievry service. the package arrives so late,3.0,5.0,1,0,1,0,1,4.92,,4.74,,4.95,-0.5,,en,5.0
277,278,terrible. an expensive night top has been destoryed by being completely over stretched and its thinned the cotton to zero and doubled the garmet sizs,1.0,2.5,1,0,0,0,0,2.69,,,,,-0.5,,en,2.5
278,279,excellent,9.0,9.0,0,0,0,0,0,,,,,,-0.5,,en,9.0
279,280,little disapointed. App said that laundry will be dropped at 5.30. left work a bit early to ensure i would be home on time. laundry arrived at 8. Please try harder on your delivery times you put on your app.,3.0,4.0,1,1,1,0,1,3.74,5.18,5.23,,4.05,-0.5,,en,4.0
280,281,amazing service. will request again for sure,7.0,7.0,0,0,1,0,0,,,4.84,,,-0.5,,en,7.0
281,282,"I ordwred the sheets to be washed and ironed, however this wasnt done. I also asked for a douvet cover to be mended and this was also not done. Not sure why as it was never communicated to me",4.0,3.5,1,0,1,0,0,2.9,,4.29,,,-0.5,,en,3.5
282,283,ABSOLUTELY PERFWCT SERVICE AND QUALITY. I will for sure use your services again in Doha and other cities. Thank you!!!,6.0,6.5,0,0,1,1,1,,,5.44,7.09,6.81,-0.5,,en,6.5
283,284,Shirt collar crumpled,5.5,4.0,1,0,0,0,0,2.42,,,,,-0.5,,en,4.0
284,285,"it was my first and last experience. I would prefer to deal with the local market laundry since nothing went smoothly with you guys,especially it showing that i received my bag ,nd actually i, is not also the same wa thippened while the collection process",1.0,3.5,1,1,1,0,0,3.61,5.23,4.29,,,-0.5,,en,3.5
285,286,Great service,8.0,8.5,0,0,0,1,1,,,,6.16,6.27,-0.51,,en,8.5
286,287,thanks,6.0,6.5,0,0,0,0,0,,,,,,-0.51,,en,6.5
287,288,dcvv,5.0,5.5,0,0,0,0,0,,,,,,-0.51,,en,5.5
288,289,excellent service fast efficient and good price.,8.0,7.5,0,0,0,1,1,,,,6.91,6.63,-0.51,,en,7.5
289,290,Perfect!!!,9.0,8.0,0,0,0,0,0,,,,,,-0.51,,en,8.0
290,291,terrible experience with customer service agents twisting themselves into pretzels to justify a decision made by a cleaning facility. completely opaque decision making.,1.5,3.0,1,0,1,0,0,5.31,,3.74,,,-0.49,,en,3.0
291,292,so bad \nthe smell from my clothes is still there ans you ripped my jacket \nfirst and last time i use your service,1.0,2.0,1,1,0,0,0,4.58,4.58,,,,-0.49,,en,2.0
292,293,was a goood service,5.0,4.5,0,0,0,0,1,,,,,5.59,-0.51,,en,4.5
293,294,Your company is horribly irresponsible. took money for very bad job. After spoilt my clothes and said to me that this kind of thing happens generally and told me to fix it myself\nI’m shocked with this response. I will warn people and share this experience,1.0,2.5,1,1,1,0,0,3.77,4.77,4.27,,,-0.51,,en,2.5
294,295,Good Work,8.5,8.5,0,0,0,0,0,,,,,,-0.49,,en,8.5
295,296,On time delivery and service is great,8.0,7.5,0,0,0,1,1,,,,7.36,6.23,-0.51,,en,7.5
296,297,on time delivery,4.5,5.5,0,0,0,0,1,,,,,5.22,-0.5,,da,5.5
297,298,great service,8.0,8.5,0,0,0,1,1,,,,6.16,6.27,-0.51,,en,8.5
298,299,great service.  great driver.,8.0,7.5,0,0,0,1,1,,,,7.64,6.31,-0.5,,da,7.5
299,300,"I had terrible experience as my clothes came with new stains, and when i did the proper claim, the company just replied that the stains were due to sweat and a long term use, neither of those cases were true. ",1.0,3.0,1,1,1,0,0,3.66,6.05,4.38,,,-0.48,,en,3.0
300,301,my items were catogrised wrongly. instead shirts were put skirts. and charged me extra,3.0,3.0,1,1,1,0,0,2.83,4.89,4.46,,,-0.5,,en,3.0
301,302,excellent service,8.5,8.5,0,0,0,1,1,,,,6.03,6.07,-0.51,,fr,8.5
302,303,"was my first time - laundry looks ok, but dont agree with being charged £5 for missing the service by 20 mins - i had told the driver i was on the way home and would be home in 20 so dont agree with a complete no show added fee. will make me rethink use",6.0,5.0,1,1,1,0,1,4.78,6.11,5.35,,5.61,-0.49,,en,5.0
303,304,"Efficient servuce, as ever ",6.0,6.0,0,0,0,0,1,,,,,6.94,-0.5,,en,6.0
304,305,"very good, immediately called on arrival to confirm floor. ",9.0,6.5,0,0,0,1,1,,,,6.23,5.28,-0.48,,en,6.5
305,306,great!,9.0,8.5,0,0,0,0,0,,,,,,-0.5,,en,8.5
306,307,excellent,9.0,9.0,0,0,0,0,0,,,,,,-0.5,,en,9.0
307,308,"Fantastic service, very happy with the delivery driver and wash/iron.",8.0,7.0,1,0,1,1,1,5.29,,5.32,7.72,5.89,-0.49,,en,7.0
308,309,wrong laundry,4.0,4.0,1,1,0,0,0,2.81,4.9,,,,-0.5,,en,4.0
309,310,took a little longer than advertised but otherwise a really convenient service. Would be nice if ghe clothes had a just cleaned fragrance but overall I was happy.,6.0,6.0,1,1,1,0,1,4.92,6.18,6.05,,5.92,-0.49,,en,6.0
310,311,great delivery experience. lovely driver who offered to help me carry the bags.,8.0,7.5,0,0,0,1,1,,,,7.95,5.28,-0.5,,en,7.5
311,312,super! 👍,8.0,8.5,0,0,0,0,0,,,,,,-0.52,,en,8.5
312,313,great,8.0,8.0,0,0,0,0,0,,,,,,-0.5,,en,8.0
313,314,i asked my items folded and they came on hangers. you charge so much money yet you cannot get an order correct. i will take my business somewhere else,2.0,3.5,1,0,0,0,0,2.38,,,,,-0.51,,en,3.5
314,315,excellent.but next time i want clothes ironed and folded instead of hangers,5.0,6.5,1,0,0,0,0,2.9,,,,,-0.51,,en,6.5
315,316,"Good/ efficient service overall.\nHowever, I received someone else’s sock and one of mine was missing :(",4.0,5.0,1,1,1,0,1,4.79,5.37,4.95,,6.12,-0.5,,en,5.0
316,317,"very disappointed to have been charged for 4 bags. I sent 3 x 6kg loads each very slightly over, I weighed later, total 20kg , I thought you allowed small weight discrepancy upto a kg a load , please correct the invoice and refund the difference.",4.0,4.0,0,1,1,0,0,,4.63,4.49,,,-0.5,,en,4.0
317,318,bad,2.0,2.5,0,0,0,0,0,,,,,,-0.5,,en,2.5
318,319,The clothes came back wet and stinky.,4.0,3.5,1,1,0,0,0,3.34,5.12,,,,-0.49,,en,3.5
319,320,Quality is good and delivery time is fine but I didn't like that thwy hung the laundry on our front door without calling me or ringing the doorbell.,8.0,6.5,1,1,1,0,1,4.4,5.74,5.51,,5.38,-0.49,,en,6.5
320,321,good. on time. polite and friendly. well done.,7.0,7.0,0,0,0,1,1,,,,6.98,5.93,-0.51,,en,7.0
321,322,"this time some of the laundry came back washed but dirty, with new dirt stains on it :/",4.0,3.5,1,1,0,0,0,3.66,4.67,,,,-0.5,,en,3.5
322,323,I keep getting overcharged everytime. I do have my own digital scale and weigh my clothes everytime but the facility keeps overcharging me with wrong weight.,4.0,4.0,1,0,1,0,0,3.89,,3.47,,,-0.49,,en,4.0
323,324,I wasnt expecting 40£ tor 3 bedsheets and q dress for dry cleaning,4.0,3.5,1,1,1,0,0,3.81,5.66,5.09,,,-0.5,,en,3.5
324,325,delivery drivers very prompt. service is great. thank you for helping make our daily lives a bit easier,6.0,7.0,0,0,1,1,1,,,5.33,7.35,5.58,-0.5,,en,7.0
325,326,"really happy, clean and fast",7.0,8.0,0,0,0,0,1,,,,,6.24,-0.5,,en,8.0
326,327,"Great service as always, very efficient, everything looks perfect ",8.0,7.5,1,0,1,1,1,5.93,,5.56,7.26,6.2,-0.5,,en,7.5
327,328,very happy,9.0,8.0,0,0,0,0,0,,,,,,-0.49,,en,8.0
328,329,The driver did not leave any additional bags for future orders.,5.0,4.5,0,0,0,0,0,,,,,,-0.5,,en,4.5
329,330,Recommended !,5.0,6.5,0,0,0,0,0,,,,,,-0.51,,en,6.5
330,331,awful website - i have been incorrectly charged for 2 bags of washing and im told to ‘tag an order’ - what does that mean?!?,4.0,3.0,1,1,1,0,0,3.75,4.32,4.5,,,-0.49,,en,3.0
331,332,punctual and my laundry nicely delivered,8.0,7.5,1,1,0,1,1,4.68,6.01,,7.36,5.85,-0.5,,en,7.5
332,333,"I have to be honest, and despite at the end it was done what it was right and fair, the customer experience was awful and will need to think carefuly if I ever use it againg. Pick up drive should have been more clear on my instructionsn to laundryheap",3.0,4.5,1,0,0,0,0,4.25,,,,,-0.49,,en,4.5
333,334,"Pickup and delivery went smoothly.\nHowever, I am missing a sock, see attachment please.\nPlease let me know if it is found.",4.0,5.0,1,1,1,0,1,4.67,5.25,5.09,,3.94,-0.51,,en,5.0
334,335,cordial and great,8.0,7.0,0,0,0,1,1,,,,6.14,6.73,-0.5,,en,7.0
335,336,it was my first time ro\nuse Laundryheap - absolutely amazing service! lightning fast. very pleasant service.  stain remained in my overcoat (but maybe from before). would help if they told me it couldnt be removed.  my white shirt was flawless.  5 ⭐️,7.0,5.5,1,1,1,0,1,4.78,6.43,5.03,,7.01,-0.5,,en,5.5
336,337,aupwr helpful,5.0,6.5,0,0,0,0,0,,,,,,-0.5,,en,6.5
337,338,obviously a lot of deliveries on tonights round as running late but despute that your driver was cheerful and friendly. thank you.,5.0,6.0,0,0,0,1,1,,,,7.04,4.72,-0.5,,en,6.0
338,339,"Delivery was delayed 24 hours without alternative.I had a trip for the weekend and I have gone without clean clothes due to the delay.It doesnt have an impact of 24 hours but of 48.No phone to call, & no email answer until 2 hours later,& with no solution",4.0,3.0,1,0,1,0,1,3.41,,4.77,,3.35,-0.51,,en,3.0
339,340,quick and easy,7.0,7.0,0,0,0,0,0,,,,,,-0.5,,en,7.0
340,341,trop cher,5.5,4.0,0,0,0,0,0,,,,,,-0.5,,en,4.0
341,342,"Very poor quality of cleaning. My clothes arrived full of hair and it was clear that everything was just thrown into the machine without separating anything. It was a very bad service for the price to pay, because i ended up with several items ruined",2.0,3.0,1,1,1,0,0,4.28,5.5,3.31,,,-0.5,,en,3.0
342,343,4th order and the 4th in a row wrong,3.0,4.0,0,0,0,0,0,,,,,,-0.5,,en,4.0
343,344,"Consistent, flexible and easy",6.0,5.0,0,0,0,0,0,,,,,,-0.5,,en,5.0
344,345,very good thanks,6.0,7.0,0,0,0,0,0,,,,,,-0.49,,en,7.0
345,346,very happy with your delivery driver and service many thanks,8.0,7.5,0,0,0,1,1,,,,7.54,5.17,-0.5,,en,7.5
346,347,Absolutely great. this was my forst time using snd wiuld definitely recommend and use again,8.0,6.5,0,0,0,0,0,,,,,,-0.5,,en,6.5
347,348,"Really efficient service, no fuss - driver was polite and professional - def would use again in SE2! ",6.0,6.5,0,0,0,1,1,,,,7.69,6.38,-0.49,,en,6.5
348,349,thank you for loyal service,6.0,6.5,0,0,0,0,0,,,,,,-0.49,,en,6.5
349,350,"Excellent communication with driver, Adama. He provided great customer service.",9.0,7.5,0,0,0,1,1,,,,7.31,6.14,-0.49,,en,7.5
350,351,Excellent,9.0,9.0,0,0,0,0,0,,,,,,-0.5,,en,9.0
351,352,"hi, i ordered a 6kg mixed wash for 65aed. i might have been slightly above the 6kg, mostly likely by 1kg and was charged an extra 65aed! guys, i really liked the service sofar, but this time this was a massive rip off 😞",2.0,4.0,1,0,1,0,0,4.31,,5.13,,,-0.5,,en,4.0
352,353,Excellent service,9.0,8.5,0,0,0,1,1,,,,6.03,6.07,-0.51,,ca,8.5
353,354,Happy with my delivery,8.0,7.0,0,0,0,0,1,,,,,4.3,-0.49,,en,7.0
354,355,"pickup no issue for drop-off i requested for it to be left at the door. instead, the delivery guy rang the doorbell twice. with a baby and dogs, there is a reason i requested it was not happy",3.0,5.0,0,0,0,0,1,,,,,3.65,-0.5,,en,5.0
355,356,Ironing service was excellent. Shirts were well ironed without leaving almost any wrinkles. Delivered within 2 days. Will use service again. Thank You !,9.0,5.5,1,0,1,0,1,4.6,,5.61,,6.43,-0.49,,en,5.5
356,357,great!,8.0,8.5,0,0,0,0,0,,,,,,-0.5,,en,8.5
357,358,"hello, i am generally a frequent user of your services and its very easy and smooth. however this time all my simple tshirts and shorts and everything is on hangers and ironed. typically you ask for clarificarions and now you didnt. the order was now 350 ",4.0,4.5,1,0,1,0,1,3.67,,5.35,,5.12,-0.5,,en,4.5
358,359,items not complete and not the correct order,5.0,4.5,1,0,0,0,0,2.41,,,,,-0.52,,en,4.5
359,360,happy with the delivery,8.0,7.5,0,0,0,0,1,,,,,4.55,-0.49,,en,7.5
360,361,Good,8.0,8.0,0,0,0,0,0,,,,,,-0.5,,en,8.0
361,362,An amazingly smooth and fast service!,6.0,7.5,0,0,0,1,1,,,,7.47,6.02,-0.51,,en,7.5
362,363,Duvet cover does not apear to have been ironed - just dried and folded. I went to put it on the duvet today and it is all crinkled.,4.5,4.0,1,0,0,0,0,2.24,,,,,-0.5,,en,4.0
363,364,as always perfect wash thank you for a brilliant  service,8.5,7.5,1,0,1,0,0,5.21,,6.35,,,-0.51,,en,7.5
364,365,very good service,8.0,9.0,0,0,0,1,1,,,,6.21,6.28,-0.51,,en,9.0
365,366,Thanks for delivering!,6.0,6.5,0,0,0,0,0,,,,,,-0.5,,da,6.5
366,367,Great service!,9.0,8.5,0,0,0,1,0,,,,6.6,,-0.5,,en,8.5
367,368,excellent,9.0,9.0,0,0,0,0,0,,,,,,-0.5,,en,9.0
368,369,this driver is nice and jolly,8.0,6.5,0,0,0,1,0,,,,7.29,,-0.49,,en,6.5
369,370,"the driver was really late, never called or rang the bell. they left it hanging on the door in the bad weather",4.0,4.0,0,0,0,1,0,,,,5.65,,-0.5,,en,4.0
370,371,you did a nice job. no perfume. perfect thank you  little confision on delivery date. but great look forward\n to sending blankets next wek.,7.0,6.5,1,0,0,0,0,4.89,,,,,-0.5,,en,6.5
371,372,good and timely service!,9.0,8.0,0,0,1,1,1,,,5.47,6.7,5.79,-0.5,,en,8.0
372,373,always amazing service!,8.0,8.5,0,0,0,1,1,,,,7.01,6.19,-0.5,,en,8.5
373,374,would be better if the customer service team listened more to my concerns,7.0,4.5,0,0,1,0,0,,,4.2,,,-0.51,,en,4.5
374,375,"the shirts arived still wet, and i had to iron them again ",5.0,5.0,1,1,0,0,0,3.34,5.48,,,,-0.49,,en,5.0
375,376,My first experience with Laundryheap and I couldn't fault anything. I'll be using their services again.,6.0,6.5,1,1,1,0,0,4.75,6.16,4.49,,,-0.5,,en,6.5
376,377,"overall great experience - tshirts were still a bit damp, however. ",7.0,6.0,1,0,0,0,0,4.34,,,,,-0.49,,en,6.0
377,378,good efficient service,8.0,6.5,0,0,0,1,1,,,,5.92,7.05,-0.51,,en,6.5
378,379,Positive: \n1. Delivery driver was super polite and enthusiastic. \n2. Clothes very well ironed\n\nNegatives:\n1. Cuffs and collars not treated and not washed well.,7.0,5.0,1,1,1,1,1,4.46,5.58,5.01,5.71,6.04,-0.5,,en,5.0
379,380,Laundryheap saved my mental health diring the last three weeks when my washing machine got broken.\nThe collection ans delivery servicewas so good and convenient.I had constant communication with the team regarding how to best wash things.will defo use aga,6.0,6.0,1,0,0,0,0,4.38,,,,,-0.51,,en,6.0
380,381,An item is missing,5.0,4.5,0,0,0,0,0,,,,,,-0.52,,de,4.5
381,382,It’s the second time out of 3 orders that my delivery is delayed once it gets to the cleaning facility. I would like the service to be more reliable in terms of delivery schedule,5.0,4.5,1,0,1,0,1,5.58,,5.07,,4.83,-0.5,,en,4.5
382,383,"perfect, merci!",9.0,7.5,0,0,0,0,0,,,,,,-0.5,,ro,7.5
383,384,Very good,9.0,8.5,0,0,0,0,0,,,,,,-0.5,,en,8.5
384,385,Nice and friendly behaviour.,7.0,7.5,0,0,0,1,1,,,,7.17,6.8,-0.5,,en,7.5
385,386,I thought clothes woudl be ironed and folded but they have not been. They have been packaged without being folded first.,6.5,5.0,1,1,0,0,0,2.94,5.81,,,,-0.5,,en,5.0
386,387,All 8 shirts were very wrinkled when we received them.,6.0,4.5,1,1,0,0,0,2.62,5.66,,,,-0.48,,en,4.5
387,388,rapide et efficace,5.0,5.5,0,0,0,0,1,,,,,7.61,-0.51,,fr,5.5
388,389,Absolutely  fine,7.0,7.0,0,0,0,0,0,,,,,,-0.49,,en,7.0
389,390,quick and friendly collection/delivery,6.0,7.0,0,0,0,0,1,,,,,5.7,-0.5,,en,7.0
390,391,tie added to this service was damaged,5.0,3.5,1,0,0,0,0,3.05,,,,,-0.51,,en,3.5
391,392,"Fast, easy service, very happy, thanks ",7.0,7.0,0,0,0,1,1,,,,7.02,5.93,-0.5,,en,7.0
392,393,"bedsheets were nicely ironed however none of dresses were ironed, in fact, they came back with more creases than they had!",3.0,4.5,1,1,1,0,0,3.31,6.75,5.57,,,-0.5,,en,4.5
393,394,Fast efficient service however last couple of times the shirt collars are not cleaned to my satisfaction.,5.0,5.0,1,1,1,0,1,5.03,5.61,6.05,,6.93,-0.5,,en,5.0
394,395,shirt collars look flat ironed i will re iron collars to stand up !\notherwise good thankyou .,5.0,5.0,1,0,0,0,0,3.51,,,,,-0.51,,en,5.0
395,396,once again I had a problem with myorder,5.0,4.5,0,0,1,0,0,,,4.78,,,-0.51,,en,4.5
396,397,I asked for two of my pants to be ironed but that request was just ignored,4.0,4.0,1,0,1,0,0,3.1,,4.32,,,-0.48,,en,4.0
397,398,top service as usual!,5.0,7.0,0,0,0,1,0,,,,6.99,,-0.5,,en,7.0
398,399,Great and friendly service. I will definitely use laundryheap again.,7.0,7.0,1,1,0,0,0,5.1,6.22,,,,-0.5,,en,7.0
399,400,Excellent service and quality,9.0,8.0,0,0,0,1,1,,,,6.89,6.48,-0.51,,ca,8.0
400,401,thank for your service ! great,8.0,8.0,0,0,0,0,0,,,,,,-0.5,,en,8.0
401,402,Ruined my son’s school uniform. not sure how that happened,2.5,3.0,1,0,0,0,0,2.43,,,,,-0.51,,en,3.0
402,403,my delivery driver was great. definitely went the extra mile.,6.5,7.0,0,0,0,1,1,,,,8.25,5.64,-0.5,,en,7.0
403,404,Rider left the laundry on floor before I could open the door,5.0,4.0,1,1,0,0,0,3.74,4.48,,,,-0.51,,en,4.0
404,405,there is missed out in ironing of 2 pants. :(,2.0,4.0,1,0,0,0,0,2.68,,,,,-0.5,,en,4.0
405,406,Thanks,5.5,6.5,0,0,0,0,0,,,,,,-0.51,,en,6.5
406,407,thank you,5.0,5.0,0,0,0,0,0,,,,,,-0.49,,en,5.0
407,408,"Not a good performance. One of two bags left behind, despite checking and confirming via. app.\nWas told to raise a new order, which would have resulted in being hit twice for a minumum price fine. The two failed drops, which email blames on the customer.",4.0,3.5,0,1,1,0,1,,4.62,4.44,,4.72,-0.5,,en,3.5
408,409,ok,6.0,6.5,0,0,0,0,0,,,,,,-0.5,,en,6.5
409,410,"qick and freindly, would recommend ",6.0,6.5,0,0,0,0,0,,,,,,-0.5,,en,6.5
410,411,Perfect,9.0,8.5,0,0,0,0,0,,,,,,-0.51,,en,8.5
411,412,"so easy, i booked a driver to collect my dirty laundry and within the hour it was collected. \n\ni wasnt sure what service i needed to choose and the laundryheap team amended the order for me. \n\ni have just had my clean laundry delivered. Thank you team! ",6.0,5.5,1,1,1,0,1,5.19,6.22,6.25,,5.96,-0.48,,en,5.5
412,413,good overall just one item still soiled,5.5,6.0,1,1,0,0,1,4.58,5.07,,,5.4,-0.5,,et,6.0
413,414,"Great service, very speedy and smooth and jacket looks extremely well cleaned. I am very happy! ",8.0,7.0,1,0,1,1,1,5.21,,6.09,7.89,6.03,-0.5,,en,7.0
414,415,some clothes come back shrunk but overall excellent,6.0,4.5,1,0,0,0,0,2.93,,,,,-0.5,,en,4.5
415,416,Awesomely convenient service for about the same price as self-service laundries throughout Europe; would def use again!,7.0,5.5,1,0,1,0,1,5.01,,5.11,,7.31,-0.51,,en,5.5
416,417,Very good service!,9.0,9.0,0,0,0,1,1,,,,6.6,6.22,-0.5,,en,9.0
417,418,collection and delivery were fine but I'm really disappointed about the wash: I wanted to get rid of the strong detergent smell but the clothes smell just as strongly now if not more so.  Not good for a newborn baby!,4.0,4.5,1,1,1,0,1,4.12,5.63,5.79,,5.22,-0.5,,en,4.5
418,419,"i am extremely upset re service , ive sent 4 suits and a jacket , they habe ruined them, they are ironed wrong , these items have been dealt worh incorrectly, i demand a refund and will mamd an official complaint ",4.0,2.5,1,0,1,0,0,3.87,,4.23,,,-0.5,,en,2.5
419,420,"Was charged for the wrong items, and items arrived all crampled up",4.0,4.0,1,1,1,0,0,3.4,4.17,4.12,,,-0.5,,en,4.0
420,421,"SHRUNK MY FAV JUMPER!!! oversised wool jumper put in for dry cleaning, it doesnt fot me antmore irs far too small… really nice old, expensive vintage wool junper im really upset by this honestly ",2.0,3.0,1,0,0,0,0,1.58,,,,,-0.51,,en,3.0
421,422,quick and responsive service,6.0,6.0,0,0,0,1,1,,,,6.33,6.65,-0.51,,fr,6.0
422,423,i have been charged for two ties but I only sent one. Also my grey Lanvin tie has not come back yet.  It is expensive please return it. Thanks,3.0,3.0,1,0,1,0,0,2.09,,4.16,,,-0.51,,en,3.0
423,424,Emma was on time and the cleaning was super thank ypu!,7.0,8.5,1,0,0,0,1,6.32,,,,6.35,-0.5,,en,8.5
424,425,Very bad there is stain on the clothes didnt clean at all,2.0,3.0,1,1,0,0,0,3.76,5.2,,,,-0.48,,en,3.0
425,426,great service as usual,5.5,7.5,0,0,0,1,1,,,,6.56,5.73,-0.5,,en,7.5
426,427,convinient and efficient service,6.0,6.5,0,0,0,1,1,,,,6.18,7.33,-0.51,,fr,6.5
427,428,perfect,9.0,8.5,0,0,0,0,0,,,,,,-0.51,,en,8.5
428,429,super clean and easy to use the service,7.0,7.0,1,0,0,1,1,6.09,,,7.04,7.48,-0.5,,en,7.0
429,430,Poor because you ignored my request for later drop off and ended up disturbing my neighbours.,4.0,2.5,0,0,0,0,1,,,,,3.86,-0.5,,en,2.5
430,431,excellent,9.0,9.0,0,0,0,0,0,,,,,,-0.5,,en,9.0
431,432,fast delivery,5.5,5.5,0,0,0,0,1,,,,,5.09,-0.51,,en,5.5
432,433,They stop by three days later to pick up my clothes. Hopefully this doesn't happen again and we can relay on a timely pick up and delivery.,5.0,4.5,1,1,1,0,1,4.18,5.14,4.68,,3.82,-0.51,,en,4.5
433,434,Will use service again..,5.0,4.5,0,0,0,0,0,,,,,,-0.51,,en,4.5
434,435,"Hello, my jeans came back very discoloured. I wore them only once",5.0,5.0,1,0,0,0,0,3.25,,,,,-0.5,,en,5.0
435,436,"over an hour and a half late pretty much 2 hours, unimpressed will i get a discount on my next load?",4.0,3.0,1,0,0,0,1,3.21,,,,4.12,-0.48,,en,3.0
436,437,Everything was fine. I am sorry for the confusion about the pickup last night. I am not used to your interface.,5.0,5.0,0,0,0,0,0,,,,,,-0.49,,en,5.0
437,438,,5.0,5.0,0,0,0,0,0,,,,,,-0.51,,en,5.0
438,439,really lovely delivery staff member who dropped back the washing to me this evening. she was so very kind and polite,7.5,7.0,1,1,1,1,1,5.0,5.84,4.92,6.9,5.09,-0.5,,en,7.0
439,440,great and handy,8.0,8.0,0,0,0,0,0,,,,,,-0.51,,en,8.0
440,441,Very happy,9.0,8.0,0,0,0,0,0,,,,,,-0.49,,en,8.0
441,442,"Too many messages, emails and notifications ",7.0,4.5,0,0,0,0,0,,,,,,-0.5,,en,4.5
442,443,excellent,9.0,9.0,0,0,0,0,0,,,,,,-0.5,,en,9.0
443,444,was oberlal good,8.0,6.5,0,0,0,0,0,,,,,,-0.51,,af,6.5
444,445,Terrible. i was overcharged and 3 of my socks are missing.,2.0,2.0,1,1,0,0,1,3.83,4.94,,,4.96,-0.5,,en,2.0
445,446,advertise 24 hours service. not happening past two order very late. very poor,3.0,3.5,1,0,1,0,1,4.62,,4.82,,4.55,-0.5,,en,3.5
446,447,excellent service,9.0,8.5,0,0,0,1,1,,,,6.03,6.07,-0.51,,fr,8.5
447,448,"Really not happy, it doesnt look like its been washed at all! It still has marks all over it - ones thag I know would have come out in the wash ",2.0,3.0,1,1,0,0,0,3.71,5.23,,,,-0.49,,en,3.0
448,449,excellent service,8.5,8.5,0,0,0,1,1,,,,6.03,6.07,-0.51,,fr,8.5
449,450,very good,9.0,8.5,0,0,0,0,0,,,,,,-0.5,,en,8.5
450,451,great service,8.0,8.5,0,0,0,1,1,,,,6.16,6.27,-0.51,,en,8.5
451,452,Great service!!!,9.0,8.0,0,0,0,1,1,,,,6.53,6.06,-0.5,,en,8.0
452,453,Delivery driver is the best,9.0,7.5,0,0,0,1,1,,,,7.67,5.76,-0.5,,en,7.5
453,454,excellent,9.0,9.0,0,0,0,0,0,,,,,,-0.5,,en,9.0
454,455,"Excellent service,professionally cleaned and delivered on time, very grateful. ",7.0,7.0,1,0,1,1,1,5.77,,5.26,7.42,6.42,-0.5,,en,7.0
455,456,"still have not received fbe pillow, bed sheet, duvet cover and pillow covers. ",5.0,3.5,1,0,1,0,0,1.75,,4.41,,,-0.5,,en,3.5
456,457,great!,9.0,8.5,0,0,0,0,0,,,,,,-0.5,,en,8.5
457,458,this is at least the 3rd time laundryheap has been late in return delivery . perhaps laundryheap should provide a more realistic return delivery timeframe or provide compensafion for late delivery !,4.0,3.5,1,1,1,0,1,3.77,4.71,4.38,,4.37,-0.5,,en,3.5
458,459,"excellent service, thank you!",9.0,8.0,0,0,1,1,1,,,5.08,6.52,6.01,-0.5,,en,8.0
459,460,third time in a month that i have to raise issues on billing or service,4.0,4.0,0,0,1,0,0,,,3.65,,,-0.5,,en,4.0
460,461,Thank you so much!,5.5,7.0,0,0,0,0,0,,,,,,-0.51,,en,7.0
461,462,Good service,8.5,8.0,0,0,0,1,1,,,,5.61,6.07,-0.51,,en,8.0
462,463,"Slightly disappointed - some larger items still a bit damp, clothes not folded and shoved in the bag. Maybe my fault for not req iron service? Otherwise very grateful for the service as my washing machine is broken so unable to do laundry! thank you! ",4.5,4.5,1,1,1,0,0,3.82,6.17,4.68,,,-0.5,,en,4.5
463,464,efficient and quick service but several items gone missing and our laundry came back with items from orhers’ laundry too.,5.0,5.5,1,1,1,0,1,4.58,5.62,4.76,,6.2,-0.51,,en,5.5
464,465,hi - most of my underwear that was delivered was not clean. \ngiven fhe previous issues - i will give it a few more tries and if the service does not improve i will consider an alternative provider,4.0,4.0,1,1,1,0,0,4.94,4.64,4.9,,,-0.5,,en,4.0
465,466,good,8.0,8.0,0,0,0,0,0,,,,,,-0.5,,en,8.0
466,467,my favorite sweats from beyond yoga were not returned to me. :(,5.0,4.5,1,0,1,0,0,2.46,,3.91,,,-0.48,,en,4.5
467,468,not good. missing one shirt,3.0,3.5,1,0,0,0,0,3.3,,,,,-0.49,,en,3.5
468,469,"amazing quality of service, i like the blue bags 😃",6.0,7.0,0,0,0,0,0,,,,,,-0.5,,en,7.0
469,470,poor service.,2.0,2.5,0,0,0,0,1,,,,,4.84,-0.5,,en,2.5
470,471,super organized,5.5,6.5,0,0,0,0,0,,,,,,-0.51,,ro,6.5
471,472,The driver left my laundry outside my apartment when I specifically asked to get the delivery in person. There were no attempts to contact me at all by the driver to let me know that they were early or that they were leaving the clothes at the door.,5.0,3.5,1,0,0,0,1,4.19,,,,4.39,-0.48,,en,3.5
472,473,the whole process was great and smooth,7.5,9.0,0,0,0,0,1,,,,,6.2,-0.5,,en,9.0
473,474,yet again damp/wet items!,5.0,4.5,1,0,0,0,0,4.03,,,,,-0.49,,en,4.5
474,475,x,5.0,5.0,0,0,0,0,0,,,,,,-0.51,,en,5.0
475,476,I LIKE,5.0,6.5,0,0,0,0,0,,,,,,-0.5,,en,6.5
476,477,"very friendly delivery driver, so far laundry looks good though i haven't checked thoroughly yet. would definitely use this service again ",7.0,6.5,1,1,1,1,1,4.89,6.08,5.02,7.68,5.96,-0.49,,en,6.5
477,478,late or too early. i will never use tjis service,1.0,3.5,0,0,0,0,0,,,,,,-0.5,,en,3.5
478,479,the linen table cloth was scarcely ironed: needs to be rewashed and ironed properly that is when still wet otherwise it looks more like a rag! thank you,3.0,4.0,1,0,1,0,0,3.6,,4.23,,,-0.49,,en,4.0
479,480,"I CANNOT believe your staff didn’t notice half of this order was still WET. They shoved wet towels etc into a plastic bag. Hello mold. \n\nPlease send refund. \nI’m used to everything arriving wrinkled because they never properly fold, but this is too much. ",1.0,3.5,1,1,1,0,0,4.07,4.63,4.42,,,-0.49,,en,3.5
480,481,very good delivery early and on time thank you,8.0,7.5,0,0,0,1,1,,,,7.47,4.99,-0.5,,en,7.5
481,482,Driver waited 5 mins for me to arrive home. Much appreciated!,5.5,6.0,0,0,0,1,1,,,,7.55,4.49,-0.49,,en,6.0
482,483,Its a good idea but did not get my dry cleaning within the timeframe suggested,6.0,6.0,1,0,0,0,0,4.83,,,,,-0.5,,en,6.0
483,484,"Extremely happy with your service. Kept completely updated and informed. Items impeccable, thank you :)",7.0,8.0,0,0,1,1,1,,,4.97,7.08,5.96,-0.5,,en,8.0
484,485,really good - i just wished the staff couod bring more bags to bag the clothes. many thanks,7.0,6.0,1,1,1,0,1,4.52,6.36,5.13,,6.23,-0.51,,en,6.0
485,486,The rturn was 3 days late,4.0,4.0,0,0,0,0,0,,,,,,-0.49,,en,4.0
486,487,very unprofessional to state a time for pick up and delivery and be exorbitantly late for both.,4.0,4.5,0,0,0,1,1,,,,6.44,5.27,-0.51,,en,4.5
487,488,"Great service, quick and easy, thanks so much ✨",7.0,8.0,0,0,0,0,1,,,,,5.69,-0.51,,en,8.0
488,489,good service,7.5,8.0,0,0,0,1,1,,,,5.61,6.07,-0.51,,en,8.0
489,490,"\n\nGood evening, I wanted to share my feedback regarding my recent dry cleaning. Unfortunately, both blazers don't seem to have the usual fresh scent.",4.5,5.5,1,1,1,0,0,4.42,5.51,4.61,,,-0.5,,en,5.5
490,491,Excellent,9.0,9.0,0,0,0,0,0,,,,,,-0.5,,en,9.0
491,492,It's good.,8.0,7.0,0,0,0,0,0,,,,,,-0.5,,en,7.0
492,493,great service - delivery driver was super professional and corteous,7.0,7.0,0,0,0,1,1,,,,7.17,5.97,-0.5,,en,7.0
493,494,Excellent!! I have been living in Hilton Hotel Habtoor Palace for 4 years. Extremely poor local laundry service “Jeeves”. I’ve had many fights with them about apalling service. Now i will tell hotel management and concierge to dirext ALL customers to you!,5.0,5.0,1,1,1,0,0,4.81,5.92,4.83,,,-0.49,,en,5.0
494,495,it was late and time slot kept changing drastically,4.0,3.5,0,0,0,0,0,,,,,,-0.5,,en,3.5
495,496,Good thank you,8.0,8.5,0,0,0,0,0,,,,,,-0.49,,en,8.5
496,497,"Excellent service, efficient, professional and polite.",7.0,7.5,1,0,1,1,1,5.92,,5.09,6.66,6.75,-0.51,,en,7.5
497,498,Ignored my request to pack separately,5.0,4.5,0,1,0,0,0,,3.94,,,,-0.5,,en,4.5
498,499,"clearly asked for my shirts to be folded, request ignored as it happens on most orders by now … I give up … ",3.0,3.5,1,0,1,0,0,2.3,,4.55,,,-0.49,,en,3.5
499,500,love the service and delivery guy is always friendly !,8.0,7.5,0,0,0,1,1,,,,8.57,5.91,-0.5,,en,7.5
500,501,"The wash is not so clean, wash still shows stains when return. As feedback before, delivery schedule is not well arranged and was not informed if schdule changed.",3.0,3.5,1,1,1,0,0,4.42,6.02,5.52,,,-0.5,,en,3.5
501,502,All good,8.0,7.5,0,0,0,0,0,,,,,,-0.52,,en,7.5
502,503,Overall service was great. My only moan is that the delivery time to pick up my laundry went from between 18.00 - 12.00 to 23.00 so I had to stay up waiting for the driver to pick. But the delivery was perfect and the items look great.,7.0,6.0,1,1,1,1,1,5.09,5.94,4.78,7.18,6.09,-0.49,,en,6.0
503,504,refund issue still not resolved. i was charged incorrectly for 2 super king dubet cover whereas I only gave 1 super king and 1 single bed duvet cover.,5.0,3.5,1,0,1,0,0,2.98,,3.91,,,-0.51,,en,3.5
504,505,the shirts were still wet in places and did not look like they had been ironed.,5.0,4.5,1,1,0,0,0,2.83,5.1,,,,-0.49,,en,4.5
505,506,"ok, some clothes were not properly dry and still damp",6.0,5.5,1,1,1,0,0,3.1,5.03,4.8,,,-0.49,,en,5.5
506,507,hi several clothes are missing from my order. can u return them please ?,5.0,4.5,1,0,1,0,0,2.16,,4.55,,,-0.51,,en,4.5
507,508,excellent delivery service. \n\nit would have been preferred to know in advance exactly what the difference in charges were going to be BEFORE delivery. I sent in 1 long dress but was charged for 2 ? \n,6.0,5.5,1,1,1,0,1,4.6,5.42,4.95,,5.03,-0.51,,en,5.5
508,509,it was a day late bad comunication and when we did get through tgey said we eoukd gave £5 off tge bil tjis never happened,3.5,2.5,0,0,1,0,0,,,4.34,,,-0.5,,en,2.5
509,510,Perfect service❤️,9.0,8.5,0,0,0,0,0,,,,,,-0.51,,en,8.5
510,511,great!,9.0,8.5,0,0,0,0,0,,,,,,-0.5,,en,8.5
511,512,I am missing my black Lululemon leggings plus another brown leggings and i got 2 black bras which are not mine.Either please send my clothes back or i would like the refund as it was an expensive leggins.,3.0,3.5,1,0,1,0,0,1.71,,4.4,,,-0.51,,en,3.5
512,513,Late collection and late delivery,3.0,4.5,0,0,0,0,1,,,,,4.03,-0.5,,en,4.5
513,514,absolutely horrible \n1) 20-30 pieces missing\n2) pieces delivered that are not mine (no follow up on this so clearly you are not interested in recovering this for your client)\n3) no solution suggested for missing items\n,1.0,1.5,1,0,1,0,1,4.16,,3.94,,4.74,-0.49,,en,1.5
514,515,"Missing pieces, a lot of pieces! ",2.0,4.0,0,0,0,0,0,,,,,,-0.52,,en,4.0
515,516,The coats look so clean and new. Very happy with the work - thank you!!!,7.0,7.5,1,0,0,0,0,5.46,,,,,-0.5,,en,7.5
516,517,Very good. have to fold socks and underpants after,9.0,6.5,1,1,0,0,0,3.79,6.86,,,,-0.5,,en,6.5
517,518,easy and on time.,8.0,7.0,0,0,0,1,1,,,,7.51,6.72,-0.5,,en,7.0
518,519,Great service!,9.0,8.5,0,0,0,1,0,,,,6.6,,-0.5,,en,8.5
519,520,"great service, thank you",8.0,8.0,0,0,0,1,0,,,,6.24,,-0.5,,en,8.0
520,521,pick and delivery was fine but didnt feel as “safe” as previous pick ups. no branded van and no picture of bag taken at pick up or delivery. the clothes on return doesnt look to be of the same standard of previous sevice. some items still wet.,5.0,5.0,1,1,1,1,1,4.93,5.43,4.77,7.02,5.3,-0.5,,en,5.0
521,522,"I read price for wash as price per kilo, not the full price used when weight is less",5.0,5.0,1,0,1,0,0,3.06,,4.5,,,-0.52,,en,5.0
522,523,excellent and seamless,7.0,7.5,0,0,0,0,0,,,,,,-0.51,,fr,7.5
523,524,it was way too expensive.  I’ll never be paying you again. :(,2.0,2.0,0,0,1,0,0,,,3.4,,,-0.51,,en,2.0
524,525,Great! On time and friendly.,7.0,8.0,0,0,0,1,1,,,,7.42,5.84,-0.51,,en,8.0
525,526,Drivers both super lovely and efficient.,7.0,7.0,0,0,0,1,0,,,,8.13,,-0.5,,en,7.0
526,527,Everything perfect,9.0,7.0,1,0,0,0,0,5.51,,,,,-0.52,,en,7.0
527,528,very good service this time. no lost socks!,9.0,6.0,1,0,1,0,0,5.08,,4.64,,,-0.5,,en,6.0
528,529,5* - thanks Jan.,6.5,7.0,0,0,0,0,0,,,,,,-0.5,,en,7.0
529,530,The service was delayed and you lost my items,3.0,3.5,0,0,1,0,0,,,4.7,,,-0.51,,en,3.5
530,531,Great.,8.0,8.0,0,0,0,0,0,,,,,,-0.51,,en,8.0
531,532,c'est parfait !,5.0,5.0,0,0,0,0,0,,,,,,-0.52,,fr,5.0
532,533,very efficient service,6.0,7.0,0,0,0,1,1,,,,5.8,7.19,-0.51,,en,7.0
533,534,good service,7.5,8.0,0,0,0,1,1,,,,5.61,6.07,-0.51,,en,8.0
534,535,Happy with service and results,8.0,7.0,0,0,1,1,1,,,5.31,6.24,6.42,-0.5,,en,7.0
535,536,First time user. Very pleasant experience! Keep up the good service standards! You rock it!,7.5,6.5,0,0,0,1,0,,,,7.57,,-0.49,,en,6.5
536,537,livreur parfait à aller et au retour,4.5,5.5,0,0,0,0,0,,,,,,-0.5,,fr,5.5
537,538,pretty happy overall,5.0,6.5,0,0,0,0,0,,,,,,-0.5,,no,6.5
538,539,we are missing 1 sock each from 2 parlirs of socks,4.0,4.5,1,0,0,0,0,1.12,,,,,-0.51,,en,4.5
539,540,"overall okay but my purchase is included for iron service, ended up I need to re-iron again ",4.0,5.0,1,0,0,0,0,4.45,,,,,-0.5,,en,5.0
540,541,"The date of delivery was amended to be 24 hours later. However, the process was handled with professionalism so that was good. I was not happy with the cleaning service. My pants still had marks which i expected to be removed by the cleaning service",4.5,5.0,1,0,1,0,1,5.36,,5.05,,3.74,-0.5,,en,5.0
541,542,Easy and convenient!,7.5,6.5,0,0,0,0,0,,,,,,-0.5,,en,6.5
542,543,prompt delivery and punctial. items are properly pressed.,5.0,6.5,1,0,1,1,1,5.12,,5.71,5.96,5.56,-0.5,,en,6.5
543,544,Great,8.0,8.0,0,0,0,0,0,,,,,,-0.5,,en,8.0
544,545,"The returning driver was asleep in our carpark for over half an hour, we went out to collect the laundry when she was late and she was asleep and seemed pretty confused.",4.0,3.5,0,0,0,1,0,,,,6.5,,-0.48,,en,3.5
545,546,Excellent service - the driver braved the storm to deliver nice and early.,7.0,7.0,0,0,0,1,1,,,,7.15,5.54,-0.49,,en,7.0
546,547,driver needs to wait after knocking please - missed my pick up last time.,5.0,4.0,0,0,0,1,0,,,,6.28,,-0.48,,en,4.0
547,548,5 articles of clothing were still wet,5.0,5.0,1,0,0,0,0,2.97,,,,,-0.5,,en,5.0
548,549,"i am surprised you have asked me. You lost my dry cleaning and communication has been beyond awful. i still don’t know where items you collected on friday are, i have had no apology or offer of compensation. i just keep being thanked for my “understanding",2.0,3.5,1,1,1,0,0,4.39,4.58,3.88,,,-0.51,,en,3.5
549,550,the first driver was not prepared to collect my items as the vehicle was already full and wanted to come back late that evening when I was unable to be available but took them when I asked further. \n\nThe delivery on the day intended never happened with no,4.0,4.5,0,0,0,1,1,,,,7.58,4.74,-0.5,,en,4.5
550,551,Everything os great except the cloths doesn't smell that great,8.0,5.0,1,1,1,0,0,3.79,5.12,4.98,,,-0.5,,en,5.0
551,552,great!,9.0,8.5,0,0,0,0,0,,,,,,-0.5,,en,8.5
552,553,Pick Up and Delivery Was Great By Both Drivers. Issue is the job done..did extras didnt want. My Purple Beanie Hat Is Missing,4.0,4.5,0,0,1,0,1,,,4.31,,3.7,-0.5,,en,4.5
553,554,great service and friendly driver,8.0,8.0,0,0,0,1,1,,,,7.64,6.48,-0.49,,en,8.0
554,555,I’ve used laundry services in the past and every item has been sent back folded. Everything in the bags sent back to me have been thrown into a bag straight from the dryer and all now needs ironing. Also the bags are mixed of colours which i separared,4.0,4.5,1,1,1,0,0,3.37,6.08,4.64,,,-0.51,,en,4.5
555,556,good,8.0,8.0,0,0,0,0,0,,,,,,-0.5,,en,8.0
556,557,fantastic deivery,7.5,7.5,0,0,0,0,0,,,,,,-0.51,,it,7.5
557,558,perfect,9.0,8.5,0,0,0,0,0,,,,,,-0.51,,en,8.5
558,559,na,5.0,4.5,0,0,0,0,0,,,,,,-0.5,,en,4.5
559,560,Great service,8.0,8.5,0,0,0,1,1,,,,6.16,6.27,-0.51,,en,8.5
560,561,excellent service!,9.0,8.5,0,0,0,1,1,,,,6.37,5.86,-0.5,,fr,8.5
561,562,"parfait, merci !",5.0,5.5,0,0,0,0,0,,,,,,-0.51,,fr,5.5
562,563,A bag of items returned damp.,4.5,5.0,1,1,0,0,0,3.91,4.71,,,,-0.49,,en,5.0
563,564,Great service,8.5,8.5,0,0,0,1,1,,,,6.16,6.27,-0.51,,en,8.5
564,565,thanks for delivery. we would prefer for it to be delivered at the specified time and received by us - it was outside the designated time and left outside rather than taken in,5.0,6.0,0,0,1,1,1,,,5.09,6.34,3.95,-0.49,,en,6.0
565,566,you miss out giving back 1 day curtain(white),5.0,4.5,0,0,0,0,0,,,,,,-0.5,,en,4.5
566,567,"thank you gery much, i was about to thoug these sneakers to a garbage but you just mase an awesome work and gave them a second life, much much appreciate 👏",6.0,5.5,0,0,0,0,0,,,,,,-0.49,,en,5.5
567,568,"Our laundry was processed on time, delivered to us as promised. We are very happy with Laundryheap's service again.",8.0,6.0,1,1,1,0,1,4.58,5.7,5.32,,5.39,-0.51,,en,6.0
568,569,i received a wrong pair of pants.,3.0,3.5,1,1,1,0,0,2.64,4.5,4.33,,,-0.49,,en,3.5
569,570,I requested a spare laundryheap bag to be left eith my shirts for my next collection. This is the second time this requeat has been ignored. It is not evident why my request was ignored.,5.0,4.5,1,1,1,0,0,3.37,4.31,4.06,,,-0.49,,en,4.5
570,571,"great service, as always!!!",9.0,8.0,0,0,0,1,1,,,,7.13,5.93,-0.5,,en,8.0
571,572,wonderful,8.5,9.0,0,0,0,0,0,,,,,,-0.51,,en,9.0
572,573,some t shirts are crumpled. laundry is hung outside instead of placing inside the bag as instructed.,5.0,4.0,1,1,0,0,0,2.18,5.61,,,,-0.49,,en,4.0
573,574,We were very disappointed that were dry cleaned rather than the requested normal service wash and tumble dry. As a result The darker clothes were returned with some of their colour stripped out- as is common with dry cleaning method.,4.0,4.0,1,1,1,0,0,3.9,6.1,4.99,,,-0.5,,en,4.0
574,575,Very convenient and helpful,6.0,6.5,0,0,0,0,1,,,,,7.27,-0.51,,en,6.5
575,576,first time using. great service so far.,7.0,7.0,0,0,0,0,1,,,,,5.92,-0.5,,en,7.0
576,577,"excellent, it was nice for them to reach out and ensure I'm choosing the right option for my clothes",7.5,7.5,1,0,1,0,0,4.44,,5.12,,,-0.51,,en,7.5
577,578,All my socks have lost their pair during the service!,3.5,4.5,1,0,0,0,0,3.87,,,,,-0.51,,en,4.5
578,579,cleaned and pack nicely\nthanks again\nreorder soon,5.0,5.0,1,1,0,0,1,4.52,5.27,,,4.2,-0.5,,en,5.0
579,580,excellent,9.0,9.0,0,0,0,0,0,,,,,,-0.5,,en,9.0
580,581,great communication and delivery,7.5,8.5,0,0,0,1,1,,,,7.01,6.48,-0.49,,en,8.5
581,582,very reliable,6.0,6.0,0,0,0,0,0,,,,,,-0.5,,en,6.0
582,583,great,8.0,8.0,0,0,0,0,0,,,,,,-0.5,,en,8.0
583,584,"Drivers were courteous, friendly and timely. Great experience",7.0,7.0,0,0,0,1,1,,,,7.95,6.63,-0.49,,en,7.0
584,585,everything was great!,8.5,8.0,0,0,0,0,0,,,,,,-0.5,,en,8.0
585,586,very good 👍,9.0,9.0,0,0,0,0,0,,,,,,-0.51,,en,9.0
586,587,Did not deliver within the 24hr quoted but didnt mind waiting as was a large order. Quite overpriced and the items were charged incorrectly,4.0,4.0,1,0,1,0,1,4.58,,5.34,,4.4,-0.49,,en,4.0
587,588,it was never delivered???,2.0,3.0,0,0,0,0,1,,,,,3.05,-0.5,,af,3.0
588,589,great service,8.0,8.5,0,0,0,1,1,,,,6.16,6.27,-0.51,,en,8.5
589,590,excellent,9.0,9.0,0,0,0,0,0,,,,,,-0.5,,en,9.0
590,591,Excellent\nMuch improved from the last time,5.0,6.0,0,0,0,0,0,,,,,,-0.51,,en,6.0
591,592,still don’t really like the plastic wrap but cannot think of an alternative.,5.5,5.5,0,0,0,0,0,,,,,,-0.52,,en,5.5
592,593,"Great service, thank you! Only areas that could be improved upon - does the laundry need to wrapped in plastic? And ideally if the delivery driver can ring my bell instead of my downstairs neighbour, thay would be great. ",8.0,6.5,1,1,1,1,1,5.11,5.75,5.3,6.88,5.42,-0.49,,en,6.5
593,594,h,5.0,5.5,0,0,0,0,0,,,,,,-0.5,,en,5.5
594,595,"I’ve used the service twice now, I’m very happy with the ease of service and quality when the clothes are returned.",9.0,6.0,1,1,1,0,1,4.39,5.98,4.87,,6.28,-0.5,,en,6.0
595,596,Happy with the service!,8.0,8.0,0,0,0,1,1,,,,6.83,5.67,-0.5,,en,8.0
596,597,None of the items were mine!!! Where is mt stuff??? Why is there no help number on the app??,1.0,3.0,0,0,0,0,0,,,,,,-0.5,,en,3.0
597,598,"delivery / pick up OK, but the sheets and pillow cases have come back a lot more creased than if i tumble dey at home. normally i can get away without ironing. not possible\n\nalso the amount of plastic waste is unsustainable. i will not be repeating ",4.0,4.0,1,1,1,0,1,3.99,5.47,4.96,,5.34,-0.5,,en,4.0
598,599,The stains on one of my suits are still there,5.0,4.5,1,0,0,0,0,3.92,,,,,-0.5,,en,4.5
599,600,Great service,8.0,8.5,0,0,0,1,1,,,,6.16,6.27,-0.51,,en,8.5
600,601,Friendly and timely service!,7.0,7.0,0,0,0,1,1,,,,7.36,6.45,-0.51,,en,7.0
601,602,one of my clothes that was sent for wash and iron but colourised,5.0,4.5,1,1,1,0,0,2.64,5.14,3.75,,,-0.5,,en,4.5
602,603,absolutely terrible. messed up my order. didnt clean my order. so furious,2.0,2.0,1,1,1,0,1,4.95,4.2,4.77,,4.7,-0.5,,en,2.0
603,604,great!,9.0,8.5,0,0,0,0,0,,,,,,-0.5,,en,8.5
604,605,great service. on time pickup and delivery,8.0,7.5,0,0,0,1,1,,,,7.39,6.01,-0.51,,en,7.5
605,606,all good,8.5,7.5,0,0,0,0,0,,,,,,-0.52,,en,7.5
606,607,Nonsense and not worth my time,2.0,2.5,0,0,0,0,0,,,,,,-0.51,,en,2.5
607,608,It was very bad. The stains on my suit are still there,1.0,2.0,1,0,0,0,0,4.1,,,,,-0.51,,en,2.0
608,609,brst laundry service in town.,5.0,6.0,1,0,0,0,0,4.3,,,,,-0.51,,en,6.0
609,610,No laundry bag left for next time and prices seems to be going up without notice.,5.0,3.5,1,1,1,0,0,3.65,4.51,4.47,,,-0.5,,en,3.5
610,611,good and quick laundry service.,8.0,6.5,1,0,0,0,1,4.37,,,,6.86,-0.51,,en,6.5
611,612,terrible,1.0,1.0,0,0,0,0,0,,,,,,-0.51,,en,1.0
612,613,pleasant deliverymen and service,8.0,7.0,0,0,0,1,1,,,,6.66,5.96,-0.5,,en,7.0
613,614,"Good, will continue to use the service when needed. ",7.5,7.0,0,0,0,0,0,,,,,,-0.5,,en,7.0
614,615,Great driver but the delivery time was not accurate on the app. the app changed from 2 stops to 5 stops and made the delivery 40 mins late. i was also charged more than expected !,6.0,5.5,0,0,0,1,1,,,,7.25,5.78,-0.5,,en,5.5
615,616,wheres my clothed,4.0,4.0,1,0,0,0,0,2.51,,,,,-0.5,,en,4.0
616,617,goood,5.0,4.5,0,0,0,0,0,,,,,,-0.5,,en,4.5
617,618,disappointed to find my dresses are crinkled. are these not dry clean? the pleats are not even there,3.0,4.0,1,1,1,0,0,3.11,5.64,5.03,,,-0.49,,en,4.0
618,619,fast and efficiency experience with laundryheap.,6.0,5.5,1,1,0,0,0,4.12,9.0,,,,-0.49,,en,5.5
619,620,Awesome!,8.0,8.0,0,0,0,0,0,,,,,,-0.49,,en,8.0
620,621,the man who picked up and delivered our clothes was amazing. great guy and service!,8.0,7.5,1,1,1,1,1,4.88,5.86,5.0,7.47,5.71,-0.5,,en,7.5
621,622,great job in the rain.,8.0,6.5,0,0,0,0,0,,,,,,-0.49,,en,6.5
622,623,"quick turnaround, helpful and polite as always. cone across the company just before Christmas and now i wouldn't use anywhere else. ",6.0,6.0,0,0,0,1,1,,,,6.73,6.62,-0.5,,en,6.0
623,624,excellent service. and drivers are always so friendly,8.5,7.5,0,0,0,1,1,,,,8.11,6.42,-0.49,,en,7.5
624,625,"can i get my things later? \nbecause now, im not in the hotel",5.0,5.5,1,0,0,0,0,4.59,,,,,-0.49,,en,5.5
625,626,Was all perfect,9.0,7.5,1,0,0,0,0,5.5,,,,,-0.51,,en,7.5
626,627,Dear LaundryHeap. I’m usually very happy with the service but the last two I’ve been charged blouse prices for shirts. These are shirts for my daughters’ school - they are normal shirts which are charged much lower.,5.0,4.5,1,0,1,0,0,3.4,,5.07,,,-0.49,,en,4.5
627,628,great!,9.0,8.5,0,0,0,0,0,,,,,,-0.5,,en,8.5
628,629,Great service.,7.0,8.0,0,0,0,1,1,,,,6.45,6.3,-0.51,,en,8.0
629,630,Some of the items in my order were damp and which made everything damp and creased. They had not been packed with care. i asked for a refund (its the second time this has happend and the second time I have complained.,4.5,3.5,1,1,1,0,0,3.34,4.48,3.99,,,-0.49,,en,3.5
630,631,it was satisfactory,5.0,7.0,0,0,0,0,0,,,,,,-0.5,,en,7.0
631,632,thank you,5.0,5.0,0,0,0,0,0,,,,,,-0.49,,en,5.0
632,633,"Thank you for your service, good cleaning.",8.0,8.0,1,0,1,1,0,6.43,,5.53,6.61,,-0.49,,en,8.0
633,634,"Amazing service, great communication! \nI will definitely use this company again. ",7.5,7.0,0,0,1,0,1,,,4.88,,6.8,-0.5,,en,7.0
634,635,perfect,9.0,8.5,0,0,0,0,0,,,,,,-0.51,,en,8.5
635,636,"Very poor, driver just left my items for all to see at my door no call for me to advise where to leave them",2.0,3.5,0,0,0,1,1,,,,5.94,5.5,-0.49,,en,3.5
636,637,amazing experience as always!  thank you!,9.0,8.0,0,0,0,0,0,,,,,,-0.5,,en,8.0
637,638,i sent a bery delicat suede Jacket that had a stubborn gum stain! they did an amazing job in only 24hrs i got my Jacket back clean and in an amazing condition! \nno damage at all to the suede or the leather.. \nvery well earned 5 starts,6.0,4.5,1,0,1,0,0,4.4,,4.74,,,-0.51,,en,4.5
638,639,"it was a fantastic experience, but it exceeded the amount more than expected. I am not sure that total amounts of my laundry 4x 6 kgs. it may less than that",5.0,5.5,1,1,1,0,0,3.96,6.96,4.67,,,-0.5,,en,5.5
639,640,my order is miscalculated and I paid more than the service,7.0,4.0,0,0,1,0,0,,,4.39,,,-0.51,,en,4.0
640,641,he was really friendly and professional.,5.5,8.0,0,0,0,1,0,,,,7.85,,-0.51,,en,8.0
641,642,i paid for my coat to be dry cleaned and it came back in the same condition,6.0,5.5,1,0,1,0,0,4.47,,4.75,,,-0.49,,en,5.5
642,643,You stole my money! I will post on every site possibly explain what you did and ill mever use your service again!,1.0,3.0,0,0,1,0,0,,,4.09,,,-0.51,,en,3.0
643,644,we have been sent the wrong bag and my childrens school iniform is in the one we need,4.0,4.0,0,0,0,0,0,,,,,,-0.5,,en,4.0
644,645,it took 10 days to get my order. i could not speak with a real person on the phone and the responses on the app didn’t provide me with the information needed. i sent professional suits for dry cleaning and they were returned folded in a bag.,5.0,3.0,1,1,1,0,1,4.01,5.45,5.32,,4.59,-0.51,,en,3.0
645,646,double charged and now waisting time to get the money back,5.0,4.5,0,0,1,0,0,,,3.69,,,-0.5,,en,4.5
646,647,Worked out in the end. Driver hung the clothes on door and they were waiting for me when I got home.,5.0,5.5,1,1,0,0,0,3.33,5.79,,,,-0.49,,en,5.5
647,648,Would recommend the service to all. The staff who picked up the bags of laundry was professional and friendly. Items are clean and good. Every piece is nicely packed.\n\nIts totally a great time-saver service for anyone who is busy at work!,7.0,6.5,1,1,0,0,1,5.04,6.4,,,7.14,-0.5,,en,6.5
648,649,broken crushed buttons on my dress shirts as usual,4.0,3.5,1,0,0,0,0,2.48,,,,,-0.5,,en,3.5
649,650,driver is always friendly and on time!,8.0,7.5,0,0,0,1,1,,,,8.33,6.53,-0.49,,en,7.5
650,651,Excellent quick service.,8.0,7.0,0,0,0,1,1,,,,5.94,6.32,-0.51,,fr,7.0
651,652,great experience. being able to track the pick up and drop off of my laundry was a big help to organizing the rest of my day.,7.0,7.0,1,1,0,0,1,4.91,6.63,,,6.49,-0.49,,en,7.0
652,653,there are still stains on the coat and suit vest that werent cleaned,5.0,4.5,1,1,0,0,0,4.22,4.19,,,,-0.5,,en,4.5
653,654,"I had given my duvet in a specific bag I had paid for, clearly noted on the label that the bag *was not* disposable & the bag *was to be returned* it has been delivered in plastic wrap bag that rips & a strong hanger has been replaced with a cheap white o",7.0,4.0,1,1,0,0,0,2.41,4.95,,,,-0.52,,en,4.0
654,655,excellent service everytime!!,9.0,8.0,0,0,0,1,1,,,,6.99,6.21,-0.5,,fr,8.0
655,656,"excellent service, prompt and I love how clean and soft everything came out. ",7.0,8.5,1,0,1,1,1,6.14,,5.96,7.66,6.47,-0.49,,en,8.5
656,657,laundry was well done and the delivery service was very good!,8.0,8.0,1,1,1,1,1,5.07,5.99,5.47,8.01,5.99,-0.5,,en,8.0
657,658,Easy and quick service. Will be using again.,7.5,6.5,0,0,1,1,1,,,5.53,6.2,6.84,-0.5,,en,6.5
658,659,Great service! Thank you,9.0,8.0,0,0,0,0,0,,,,,,-0.5,,en,8.0
659,660,i sent my husband suit\nin to be dry cleaned and amazing quick service and turn around ans kept upto date wirh deli ery on thw way baxk i hoghly rexommend,6.5,6.0,1,1,1,0,1,4.55,5.63,5.17,,4.87,-0.51,,en,6.0
660,661,great experience this time. on time and everything looks good.,7.5,8.0,1,0,1,1,1,5.74,,5.45,7.76,6.08,-0.49,,en,8.0
661,662,thank you,5.0,5.0,0,0,0,0,0,,,,,,-0.49,,en,5.0
662,663,Thank you for your kind response to my enquiry.,7.0,6.5,0,0,0,0,0,,,,,,-0.49,,en,6.5
663,664,parfait merci,5.0,5.5,0,0,0,0,0,,,,,,-0.52,,en,5.5
664,665,Excellent service,9.0,8.5,0,0,0,1,1,,,,6.03,6.07,-0.51,,ca,8.5
665,666,There was NO jumpsuit,3.0,4.5,0,0,0,0,0,,,,,,-0.51,,en,4.5
666,667,great thanks,8.0,6.5,0,0,0,0,0,,,,,,-0.49,,en,6.5
667,668,The bedding came back with black marks everywhere. I have photos as a proof,4.0,4.0,1,0,0,0,0,3.26,,,,,-0.51,,en,4.0
668,669,"Quick and on time collection and delivery. But you must take more cautious to small items, such as socks or underwear. I've got missing of 2 socks in the first order.",5.0,5.0,1,1,1,0,1,4.28,5.63,5.94,,5.81,-0.5,,en,5.0
669,670,Fine,7.0,7.0,0,0,0,0,0,,,,,,-0.5,,en,7.0
670,671,"bonjour, je ne comprends pas la facture sachant que j’ai eu 50% en code promo. \nde plus, une tache est toujours visible sur le manteau. Enfin, il y a eu un problème de livraison.",5.0,4.5,0,0,0,0,0,,,,,,-0.49,,fr,4.5
671,672,Prompt delivery. thank you so much. will definitely book the service again.,5.5,6.5,0,0,1,1,1,,,5.37,8.0,4.63,-0.49,,en,6.5
672,673,good,8.0,8.0,0,0,0,0,0,,,,,,-0.5,,en,8.0
673,674,"good job, he always has a smile on his face and that makes me smile.",8.0,9.0,0,0,0,0,0,,,,,,-0.51,,en,9.0
674,675,"There wee two stray childrens socks, somewhat grubby, in my delivery.",5.0,4.5,1,1,0,0,0,3.39,4.34,,,,-0.5,,en,4.5
675,676,very quick and reliable,7.5,6.5,0,0,0,0,1,,,,,6.56,-0.5,,en,6.5
676,677,On Time,5.0,5.5,0,0,0,0,1,,,,,5.98,-0.51,,en,5.5
677,678,fantastic service,7.0,8.0,0,0,0,1,1,,,,6.32,6.14,-0.51,,it,8.0
678,679,delivery and collection where excellent. I do feel the price may have gone up a little bit we'll have to consider this next time I'll get in dry cleaning cost vs convenience,6.0,5.5,1,1,1,0,1,5.07,5.75,5.42,,5.07,-0.5,,en,5.5
679,680,prompt and accurate,7.0,6.5,0,0,0,1,1,,,,5.75,7.39,-0.5,,ro,6.5
680,681,I feel over charged as I weighed my laundry before pick up,5.0,4.5,1,0,0,0,0,3.34,,,,,-0.49,,en,4.5
681,682,"Fast and reliable delivery, with flexibility of time slots to choose from that are convenient. Dry cleaning didnt get the stains off for one of my item, which was a bit disappointing. But prices are very competitive compared to other places. ",5.0,5.5,1,0,1,0,1,4.69,,5.58,,7.14,-0.5,,en,5.5
682,683,Wonderful!,9.0,9.0,0,0,0,0,0,,,,,,-0.5,,en,9.0
683,684,very good,9.0,8.5,0,0,0,0,0,,,,,,-0.5,,en,8.5
684,685,My driver was very good!  I lIked it!,9.0,7.0,0,0,0,1,0,,,,8.15,,-0.49,,en,7.0
685,686,excellent service!!,9.0,8.0,0,0,0,1,1,,,,6.53,5.91,-0.5,,fr,8.0
686,687,"great work, thanks!",7.0,7.5,0,0,0,0,0,,,,,,-0.5,,en,7.5
687,688,"As a customer who trusts your company, my willingness to pay a $5 tip is as a thank you. And now the service is seriously untrustworthy to me. It is your loss. Meanwhile to what kind of abuse my quilt was subjected, I have no idea. But I am filled with sh",1.0,2.5,1,0,1,0,0,3.87,,3.53,,,-0.49,,en,2.5
688,689,kgguhuguh,5.0,5.5,0,0,0,0,0,,,,,,-0.5,,en,5.5
689,690,very convenient and friendly,6.0,6.0,0,0,0,1,1,,,,6.31,7.0,-0.5,,en,6.0
690,691,good,8.0,8.0,0,0,0,0,0,,,,,,-0.5,,en,8.0
691,692,"Great service, thanks a million. Happy to make use of it again!",8.5,7.5,0,0,0,0,0,,,,,,-0.49,,en,7.5
692,693,very good,9.0,8.5,0,0,0,0,0,,,,,,-0.5,,en,8.5
693,694,ruined one of my tshirts. everything else was good.,2.0,2.5,1,0,0,0,0,2.2,,,,,-0.5,,en,2.5
694,695,already reviewed and spoken with customer service,5.0,4.5,1,0,1,0,0,4.18,,4.33,,,-0.51,,en,4.5
695,696,merci !,5.0,6.5,0,0,0,0,0,,,,,,-0.51,,en,6.5
696,697,Thank you. Perfect service,9.0,8.0,0,0,0,1,0,,,,6.83,,-0.5,,en,8.0
697,698,"great service eveytime. no problems, very happy woth everything. been a very helpful hand in assisting with the dialy chores that can easily get left behind! ",6.0,5.5,0,0,0,0,1,,,,,5.84,-0.49,,en,5.5
698,699,great service,8.0,8.5,0,0,0,1,1,,,,6.16,6.27,-0.51,,en,8.5
699,700,im happy with service made my life easy delivery on time,7.0,6.5,1,0,1,1,1,5.32,,5.21,6.41,5.55,-0.51,,en,6.5
700,701,great!,9.0,8.5,0,0,0,0,0,,,,,,-0.5,,en,8.5
701,702,"good service, thank you",8.0,7.5,0,0,1,1,0,,,4.88,5.81,,-0.5,,en,7.5
702,703,loved it,8.0,7.5,0,0,0,0,0,,,,,,-0.5,,en,7.5
703,704,lovely,7.0,7.5,0,0,0,0,0,,,,,,-0.52,,en,7.5
704,705,sweet,6.0,8.0,0,0,0,0,0,,,,,,-0.5,,en,8.0
705,706,great delivery men - very patient and accomodating!,8.0,7.0,0,0,0,1,1,,,,7.6,5.76,-0.51,,en,7.0
706,707,Excellent response to initial request. Costs clearly laid out. Grest communication throughout. Delivered on time with a smile.,5.5,7.0,0,0,1,1,1,,,5.07,6.85,6.48,-0.5,,en,7.0
707,708,excellent driver's helpful and on time would recommend,9.0,7.5,0,0,0,1,1,,,,7.5,6.82,-0.49,,en,7.5
708,709,"I am not satisfied. Firstly, you have promised 48 hrs delivery, but I only received my cloths after 9pm. This is not keeping up to your promises. I do hope that in future, there will be an improvement in this. ",4.0,3.5,1,1,1,0,1,3.74,5.3,4.95,,4.57,-0.5,,en,3.5
709,710,Absolutely fantastic service. 100% would reccomend. Two pairs of shoes with heavy stains came back almost like new. Also a tricky suede jacket was cleaned perfectly. A very happy customer.,6.0,5.5,1,0,1,0,1,5.29,,4.63,,7.29,-0.49,,en,5.5
710,711,I gave anvexpensive silk dress for dry cleaning. It cane back with fabric all rough in places like doneone put a hitviron on it. Either it was washed and not dry cleaned or it was dry cleaned very strong with chemicals. Not a good job,3.0,4.0,1,1,1,0,0,3.95,5.64,3.35,,,-0.5,,en,4.0
711,712,its been a bit confusing when i handed over 2 bags and laundryheap was not aware of the services added and i was worried about the receipt of the clothes . overall abit disturbing for my first time order of 2 services,4.0,4.5,1,1,1,0,0,4.14,5.33,4.58,,,-0.5,,en,4.5
712,713,Ras,6.0,5.5,0,0,0,0,0,,,,,,-0.5,,en,5.5
713,714,very polite and helpful driver. thank you!,6.0,6.5,0,0,0,1,1,,,,7.35,5.92,-0.49,,en,6.5
714,715,Very good. I appreciate them calling me when no one answered the door originally.,8.0,8.0,0,0,0,1,1,,,,5.53,5.18,-0.5,,en,8.0
715,716,It was great knowing you and very satisfied with your work. I am planning to use it again. Thank you,8.0,7.5,0,0,0,0,0,,,,,,-0.49,,en,7.5
716,717,"Delivery of laundry was done within a short period of time. Prior to that, communication via the app & emails were carried out to update the arrival time of delivery person. Items were neatly packed. Delivery person ensured all items were accounted for.",5.0,5.5,1,1,0,0,1,4.45,5.95,,,5.13,-0.51,,en,5.5
717,718,Too expensive for washing,3.0,3.5,1,1,0,0,0,3.16,3.61,,,,-0.5,,en,3.5
718,719,hey clothes were shrunk quite a lot,5.0,4.0,1,0,0,0,0,2.03,,,,,-0.51,,en,4.0
719,720,Enjoying the convenience of the service. Easy to book and to use.,7.0,6.0,0,0,0,1,1,,,,6.24,7.19,-0.51,,en,6.0
720,721,never Again.,1.0,2.5,0,0,0,0,0,,,,,,-0.5,,en,2.5
721,722,Good,8.0,8.0,0,0,0,0,0,,,,,,-0.5,,en,8.0
722,723,Flecks of gitter on the jumper after being cleaned. Collection driver was flustered and frustrated with his device which was struggling to connect - lots of swearing on my door step,2.0,3.5,0,0,0,0,0,,,,,,-0.49,,en,3.5
723,724,,6.0,5.0,0,0,0,0,0,,,,,,-0.51,,en,5.0
724,725,transaction was smooth. efficient and easy to use app!,7.0,7.5,0,0,0,0,1,,,,,5.97,-0.51,,en,7.5
725,726,Not delivered,3.0,3.5,0,0,0,0,1,,,,,3.32,-0.5,,en,3.5
726,727,fab service,5.0,5.5,0,0,0,0,0,,,,,,-0.51,,en,5.5
727,728,very good as usual!,6.0,7.5,0,0,0,0,0,,,,,,-0.5,,en,7.5
728,729,shirts are not well presented.,4.0,3.5,1,0,0,0,0,1.85,,,,,-0.5,,en,3.5
729,730,good service,7.5,8.0,0,0,0,1,1,,,,5.61,6.07,-0.51,,en,8.0
730,731,"Excellent, as usual! Thanks 👍",9.0,8.0,0,0,0,0,0,,,,,,-0.51,,en,8.0
731,732,Another great experience!,8.0,8.5,0,0,0,0,0,,,,,,-0.49,,en,8.5
732,733,i am not happy with the shirts.  you did Not iron the collars correctly and i even asked in the special notes.,5.0,4.5,1,0,1,0,0,3.04,,5.04,,,-0.5,,en,4.5
733,734,Prompt delivery with good ondication of delivery times from the app. The deliveryman was polite and friendly.,6.0,6.5,0,0,0,1,1,,,,7.21,5.46,-0.51,,en,6.5
734,735,everything is ok. Thanks,5.5,7.0,0,0,0,0,0,,,,,,-0.5,,en,7.0
735,736,fabulous!,7.0,7.5,0,0,0,0,0,,,,,,-0.51,,en,7.5
736,737,very good!,9.0,9.5,0,0,0,0,0,,,,,,-0.51,,en,9.5
737,738,very good - no problems,9.0,8.0,0,0,0,1,1,,,,6.09,5.68,-0.5,,sl,8.0
738,739,is missing my laindry soap. a trader joes free and clear. can a note be made for this ?,5.0,5.0,1,0,1,0,0,4.87,,4.18,,,-0.52,,en,5.0
739,740,my clothes were not ironed as requested.  All my clothes were kust thrown into a bag and not even folded. \nI would like to continue to use the service but i would need reassurance that this will not happen again,4.0,3.5,1,0,1,0,0,4.43,,3.69,,,-0.51,,en,3.5
740,741,very good efficient and polite.,9.0,8.0,0,0,0,1,1,,,,6.15,6.95,-0.51,,en,8.0
741,742,very happy with this laundry service. More so than some others.,8.0,7.0,1,1,1,0,1,4.92,6.27,5.1,,6.69,-0.5,,en,7.0
742,743,excellent!,9.0,9.0,0,0,0,0,0,,,,,,-0.49,,en,9.0
743,744,"No two bags of clothes stained, delivery was days late and rhe items where scrunched and pushed in to the bag. noting is wearabke, noting is clean,, all my clothes are damanged and stained ",2.0,3.5,1,1,1,0,0,3.76,4.96,4.43,,,-0.48,,en,3.5
744,745,"5 stars, really appreciated the great delivery. ",7.0,7.5,0,0,0,0,0,,,,,,-0.48,,en,7.5
745,746,ok,7.0,6.5,0,0,0,0,0,,,,,,-0.5,,en,6.5
746,747,great as always! excellent drivers,9.0,8.5,0,0,0,1,0,,,,8.23,,-0.49,,en,8.5
747,748,amazing!,7.5,7.5,0,0,0,0,0,,,,,,-0.51,,en,7.5
748,749,"excellent experience, will definitely use again in the future",6.0,7.5,0,0,0,0,0,,,,,,-0.49,,en,7.5
749,750,Great service and drivers!,8.5,8.0,0,0,0,1,1,,,,8.08,6.28,-0.49,,en,8.0
750,751,48 hour delayed service. No proper explanation on why.,3.0,3.5,0,0,0,0,1,,,,,3.81,-0.5,,en,3.5
751,752,"Collection & delivery fine, collector courteous & friendly.\nOveralll feeling ripped off though, the additional fees were more than the cost of the cleaning.\nNot sure i will use yhe service again ",1.0,5.0,1,1,1,1,1,5.6,5.21,4.64,6.76,5.78,-0.5,,en,5.0
752,753,great,8.0,8.0,0,0,0,0,0,,,,,,-0.5,,en,8.0
753,754,great service as always. even got a call to check it was ok to leave the bags at the top of the stairs to my front door. so appreciated,7.0,7.5,0,1,0,1,1,,5.71,,7.0,5.91,-0.5,,en,7.5
754,755,both pick up and delivery were excellent,9.0,8.0,0,0,0,1,1,,,,7.35,5.7,-0.5,,en,8.0
755,756,"excellent service! the clothes look amazing after, they really take care of them and is so quick",6.0,7.0,1,1,1,1,1,5.07,6.59,5.69,8.63,6.71,-0.5,,en,7.0
756,757,The only thing that lets this service down is the delivery driver. Every time this driver collects or delivers he calls and says he cant find parking and i have to go and find him on the main road. No other driver has this issue.,4.0,3.5,0,0,0,0,1,,,,,5.15,-0.5,,en,3.5
757,758,Fantastic and diligent service! Will be using again!,7.0,7.5,0,0,1,0,0,,,4.68,,,-0.5,,en,7.5
758,759,Great first experience!,7.0,7.5,0,0,0,0,0,,,,,,-0.49,,en,7.5
759,760,"excellent quality, on time delivery. ",9.0,7.0,1,0,0,1,1,5.2,,,7.39,5.9,-0.51,,en,7.0
760,761,Great,8.0,8.0,0,0,0,0,0,,,,,,-0.5,,en,8.0
761,762,Tres surpris par le prix !,6.0,5.5,0,0,0,0,0,,,,,,-0.5,,fr,5.5
762,763,"The problem is that i got my coat back with a broken zipper and wasn’t even as much as notified.
 

 The dry cleaning part is actually very nice, the thrift store smell went away completely. 
 

 Deley was a bit inconvenient but stuff happens.",3.0,3.5,1,1,1,0,0,4.14,5.17,4.46,,,-0.49,,en,3.5
763,764,"quality is bad, a lot of items with stains that not was before the cleaning ",2.0,3.5,1,1,1,0,0,4.69,5.18,4.64,,,-0.49,,en,3.5
764,765,"first time using this app and service. fantastic 24 hour turn around, dresses well cleaned. happy customer ! ",6.0,5.5,1,0,1,0,1,4.7,,5.81,,5.93,-0.5,,en,5.5
765,766,great!,9.0,8.5,0,0,0,0,0,,,,,,-0.5,,en,8.5
766,767,this is not my order. mine are clothes and not bedsheet etc. olease send me my order.,4.0,4.5,1,1,1,0,0,1.43,5.15,5.01,,,-0.5,,en,4.5
767,768,Good,8.5,8.0,0,0,0,0,0,,,,,,-0.5,,en,8.0
768,769,"fantastic service, but i weighed my clothes before and i had less than 24kg but was charged for 30kg worth",5.0,5.0,1,0,1,0,0,4.79,,4.72,,,-0.5,,en,5.0
769,770,excellent,9.0,9.0,0,0,0,0,0,,,,,,-0.5,,en,9.0
770,771,excellent quality of service as always,9.0,8.0,0,0,0,1,1,,,,6.74,6.02,-0.5,,en,8.0
771,772,quality of wassing was not that good. But you are fast.,6.0,6.5,0,0,0,0,1,,,,,6.1,-0.51,,en,6.5
772,773,good price and service,8.0,8.0,0,0,0,1,1,,,,7.0,6.66,-0.51,,en,8.0
773,774,there are still stains on my trousers. I had specifically also called this out on the order note.,4.0,3.0,1,0,1,0,0,4.18,,4.16,,,-0.49,,en,3.0
774,775,clothes are smelly,5.0,4.5,1,1,0,0,0,2.96,5.55,,,,-0.49,,en,4.5
775,776,additional clothes delivered- have contacted but no reaponse,5.0,5.0,1,0,1,0,0,1.92,,4.14,,,-0.5,,en,5.0
776,777,mauvaise,5.0,5.5,0,0,0,0,0,,,,,,-0.5,,en,5.5
777,778,"Damp clothes, unpleasnt smell, badly folded items",4.0,4.0,1,1,0,0,0,3.29,5.3,,,,-0.49,,en,4.0
778,779,Great job!,9.0,8.0,0,0,0,0,0,,,,,,-0.5,,en,8.0
779,780,great service,8.0,8.5,0,0,0,1,1,,,,6.16,6.27,-0.51,,en,8.5
780,781,happy with the service and the ease in using the app,8.0,7.0,0,0,0,0,1,,,,,6.45,-0.5,,en,7.0
781,782,Not happy because one of the clothes has washed out.,2.0,4.5,1,1,0,0,0,2.7,5.02,,,,-0.5,,en,4.5
782,783,very poor,1.0,3.0,0,0,0,0,0,,,,,,-0.5,,en,3.0
783,784,great delivery,8.0,8.0,0,0,0,0,0,,,,,,-0.49,,en,8.0
784,785,some clothes were ruined unfortunately:(. i do appreciate the pickup/delivery and quick turnaround time.,2.0,5.0,1,1,1,0,1,4.19,5.44,5.57,,4.36,-0.51,,en,5.0
785,786,Clothes washed well.\n\nI left a tiny bottle of softener with my stuff to be used but it was ignored :(,4.0,5.0,1,1,0,0,0,4.26,5.44,,,,-0.5,,en,5.0
786,787,great as always,8.5,8.5,0,0,0,0,0,,,,,,-0.5,,en,8.5
787,788,"the clothes came clean. however, there were pills on the clothes and remainings of some other on my clothing. otherwise all find",5.0,5.0,1,1,1,0,0,4.06,5.43,4.82,,,-0.5,,en,5.0
788,789,quick and excellent service,8.0,7.5,0,0,1,1,1,,,5.77,6.84,6.44,-0.51,,fr,7.5
789,790,well done,5.0,5.5,0,0,0,0,0,,,,,,-0.5,,en,5.5
790,791,"Efficient, as always!",5.0,6.5,0,0,0,0,1,,,,,7.28,-0.51,,en,6.5
791,792,He is great. very helpful- thenk you.,8.0,6.5,0,0,0,0,0,,,,,,-0.49,,en,6.5
792,793,top driver,7.0,6.5,0,0,0,0,0,,,,,,-0.49,,en,6.5
793,794,Not impressed that a ladies shirt is classified as a blouse and as such charged at double the proce of a men’s shirt (and not included in the five shirts offer).,3.0,4.0,1,0,1,0,0,2.33,,5.2,,,-0.49,,en,4.0
794,795,1st class 👏,9.0,6.0,0,0,0,0,0,,,,,,-0.5,,en,6.0
795,796,excellebt service!,5.0,5.0,0,0,0,0,0,,,,,,-0.49,,fr,5.0
796,797,excellent as always,9.0,8.5,0,0,0,0,0,,,,,,-0.51,,en,8.5
797,798,company lost my  item. driver told me it was at the depot and he was figuring out how ti get it to me but then went away and now my item is lost. ahve filed a lost complaint. horroble experience overall,2.0,3.0,0,0,0,0,1,,,,,4.62,-0.5,,en,3.0
798,799,i am very happy with your service but too costly,9.0,5.0,0,0,1,0,0,,,4.73,,,-0.51,,en,5.0
799,800,quick polite and friendly,6.5,6.0,0,0,0,1,1,,,,6.29,6.51,-0.51,,en,6.0
800,801,very satisfied with the service and driver,8.0,7.5,0,0,0,1,1,,,,7.32,5.82,-0.49,,en,7.5
801,802,use more detergent.,7.0,5.0,1,0,0,0,0,3.89,,,,,-0.49,,no,5.0
802,803,rapide parfait,5.0,5.0,0,0,0,0,0,,,,,,-0.52,,en,5.0
803,804,"i was charged double for being slightly over 6kg, unlikely to use laundryheap again",2.0,4.0,1,0,1,0,0,3.88,,3.95,,,-0.5,,en,4.0
804,805,comme client fidele pour 6.4 kg je suis déçu d’avoir été facturé 12 kg…,5.5,5.5,0,0,0,0,0,,,,,,-0.48,,fr,5.5
805,806,our clothes came back with many white marks on them. they were folded but upon opening most of the black clothing had white marks and the white items had black lint all over them.,5.0,4.5,1,1,1,0,0,3.08,5.24,4.02,,,-0.5,,en,4.5
806,807,Happy with the service but not the price. You always charge me an extra amount on the top of the indicates price :((,4.0,5.0,0,0,1,0,1,,,4.93,,5.41,-0.5,,en,5.0
807,808,👍,7.0,7.0,0,0,0,0,0,,,,,,-0.51,,en,7.0
808,809,good as always. just very bad at estimating when they show up haha,5.5,5.5,0,0,0,0,1,,,,,4.62,-0.51,,en,5.5
809,810,"If I’m going to pay DOUBLE what it normally costs for laundry pickup, wash/fold, and delivery, I want ALL items returned to me, I want Tide used, and I want the correct socks folded with their rightful sibling. I don’t want cheap detergent/sloppy folding.",6.0,4.5,1,1,1,0,0,3.6,5.43,4.06,,,-0.5,,en,4.5
810,811,"Hi, i will\nnever be using this service wver again!",1.0,2.5,0,0,1,0,0,,,4.47,,,-0.5,,en,2.5
811,812,"great packaging - loved the professional service. order was delayed, but the communication helped. ",7.0,6.5,0,1,0,0,1,,5.36,,,5.25,-0.5,,en,6.5
812,813,perfect every time. collected and delivered when they said they would,9.0,8.0,1,0,0,1,1,5.34,,,7.12,5.91,-0.52,,en,8.0
813,814,not good. \ni recieved the incorrect order.,4.5,4.0,0,0,1,0,1,,,4.91,,3.61,-0.5,,en,4.0
814,815,REFUND THE EXTRA MONEY THAT YOU TOOK FROM MY ACCOUNT. DRIVER ALSO TOLD ME THAT THE BAG IS NOT HEAVIER THAN 6kg!!,3.0,4.0,0,0,1,0,0,,,4.09,,,-0.52,,en,4.0
815,816,Good service and fast turnaround time. Thank you!,7.0,7.5,0,0,1,1,1,,,5.36,7.25,6.09,-0.51,,en,7.5
816,817,fuss free laundry with up and delivery. however my new jacket buttons are broken when i got my laundry back.,4.5,5.5,1,1,1,0,1,3.75,6.22,6.55,,5.96,-0.5,,en,5.5
817,818,service nickel,5.0,5.5,0,0,0,0,0,,,,,,-0.52,,en,5.5
818,819,For the second time some items are not well ironed. I love the seevice and everything and i hope this can be fixed,5.0,4.5,1,0,1,0,0,3.68,,5.06,,,-0.51,,en,4.5
819,820,Good,7.0,8.0,0,0,0,0,0,,,,,,-0.5,,en,8.0
820,821,these rugs have not been cleaned at all,4.0,3.5,1,1,0,0,0,4.79,3.21,,,,-0.5,,en,3.5
821,822,the service is always prompt and efficient!!,6.0,6.5,0,0,0,1,1,,,,6.63,6.37,-0.5,,en,6.5
822,823,Excellent job!,8.0,8.5,0,0,0,0,0,,,,,,-0.51,,en,8.5
823,824,Didn't follow hanging or folded instructions.\nDriver late for drop off.,4.0,3.0,1,1,0,0,0,2.97,4.51,,,,-0.51,,en,3.0
824,825,most of order sent back creased. very frustrated,2.0,3.5,1,0,1,0,0,2.94,,4.45,,,-0.5,,en,3.5
825,826,your team was v late to collect foorcing me to stat home half a day…\nwithiut curtains for ine whole week is horrible and the the curtains come back still with a lot of stains - wonder if they could have done better getting rid of these,3.0,3.0,1,1,0,0,0,4.24,4.85,,,,-0.5,,en,3.0
826,827,Happy with the service,8.0,7.5,0,0,0,1,1,,,,6.07,5.8,-0.5,,en,7.5
827,828,it was good though i did not expect my bedsheets to be so wrinkled. i guess i need a differebt servuce for them.,8.0,6.0,1,1,0,0,0,3.75,6.13,,,,-0.48,,en,6.0
828,829,over charged and painful to send photos to prove it in order to get refunded. an awful service. ill never use again,1.0,3.0,0,0,1,0,0,,,4.87,,,-0.49,,en,3.0
829,830,great service,8.0,8.5,0,0,0,1,1,,,,6.16,6.27,-0.51,,en,8.5
830,831,Very good,9.0,8.5,0,0,0,0,0,,,,,,-0.5,,en,8.5
831,832,if it was delivered to my house it would have a good rating….,5.0,5.0,0,0,0,0,1,,,,,4.55,-0.5,,en,5.0
832,833,The previous time i used this service there was a delay in delivering the clothes but the quality was excellent. This time the delivery was as schedule but unfortunately the clothes were just bundled in the bag in a heap (not folded) and not v clean.,5.0,4.5,1,1,1,0,1,4.28,5.82,5.2,,5.04,-0.5,,en,4.5
833,834,"amazing service, couldn’t fault it! clothes are beautifully clean and the pickup and dropoff was perfect. ",8.0,7.5,1,1,1,1,1,5.43,6.15,5.32,8.48,6.18,-0.5,,en,7.5
834,835,tres bien,5.0,6.0,0,0,0,0,0,,,,,,-0.49,,en,6.0
835,836,The driver was very considerate and called when the receptionist at my building wasn't available to receive delivery,6.0,6.5,0,0,0,1,1,,,,7.32,5.53,-0.48,,en,6.5
836,837,good,8.0,8.0,0,0,0,0,0,,,,,,-0.5,,en,8.0
837,838,super,5.0,6.0,0,0,0,0,0,,,,,,-0.51,,en,6.0
838,839,tres mauvaise experience malgré une demande de chemises ploees (et d’aimleues facturée comme telle) mes chemises sont sur cintres. Navrant car ce n’est pas la premiere fois.,6.0,4.0,0,0,0,0,0,,,,,,-0.49,,fr,4.0
839,840,great service,8.0,8.5,0,0,0,1,1,,,,6.16,6.27,-0.51,,en,8.5
840,841,excellent,9.0,9.0,0,0,0,0,0,,,,,,-0.5,,en,9.0
841,842,missing underwear.  everything was wadded up in the bag.  i have a picture of a pair of overalls that look lime they didnt even get washed.,4.0,3.0,1,1,0,0,0,3.13,5.02,,,,-0.51,,en,3.0
842,843,good,8.0,8.0,0,0,0,0,0,,,,,,-0.5,,en,8.0
843,844,always a positive experience,5.5,7.0,0,0,0,0,0,,,,,,-0.49,,en,7.0
844,845,excellent! fuss and worry free. leave it to the professionals,8.0,7.5,0,0,0,0,0,,,,,,-0.5,,en,7.5
845,846,not very high quality cleaning,6.0,5.0,1,0,0,0,0,5.34,,,,,-0.5,,en,5.0
846,847,very efficient,6.0,6.0,0,0,0,0,1,,,,,7.81,-0.52,,en,6.0
847,848,"they steal, each time i get charged more. i send the weights before i send the oder and keep getting overcharged! what a waste of my time ",2.0,2.5,0,0,1,0,0,,,4.76,,,-0.5,,en,2.5
848,849,zain,5.0,5.5,0,0,0,0,0,,,,,,-0.51,,en,5.5
849,850,One of my sock is lost!,2.0,4.5,0,0,0,0,0,,,,,,-0.5,,en,4.5
850,851,the stain i had asked to be removed i still there,5.0,4.5,1,0,0,0,0,4.67,,,,,-0.49,,en,4.5
851,852,excellent sercive,9.0,7.5,0,0,0,0,0,,,,,,-0.5,,ca,7.5
852,853,good service. however it would have been better if i was charged for 3 suits vs 2 suits and 2 raincoat. i didnt have a raincoat it was a suit. also i didnt have the option to remove my card from the application.,8.0,5.0,1,0,1,0,1,5.23,,4.95,,5.75,-0.49,,en,5.0
853,854,perfect delivery. thank you,9.0,7.0,0,0,0,0,1,,,,,4.05,-0.5,,en,7.0
854,855,good service cheaper than hotel equivalent,7.5,6.5,0,0,0,0,0,,,,,,-0.49,,en,6.5
855,856,great service!,9.0,8.5,0,0,0,1,0,,,,6.6,,-0.5,,en,8.5
856,857,really poor experience. i sent a load of laundry out to be washed and tumble dried as our tumble dryer is broken and the washing has come back damp so now i have to hang it all out anyway. plus it therefore all had a slight damp smell.,4.0,3.5,1,1,1,0,1,3.87,5.89,4.47,,5.08,-0.48,,en,3.5
857,858,I’m missing one V-neck Polo sweater navy blue from this order,4.5,4.5,1,0,0,0,0,1.42,,,,,-0.49,,en,4.5
858,859,top,7.5,7.0,0,0,0,0,0,,,,,,-0.5,,en,7.0
859,860,great service,8.5,8.5,0,0,0,1,1,,,,6.16,6.27,-0.51,,en,8.5
860,861,The blue Cerruti suit trousers I sent for dry cleaning are missing?,4.0,3.5,1,1,1,0,0,3.51,4.62,4.16,,,-0.5,,en,3.5
861,862,all the items smelled awful with cigarette smoking ordour. please reconfirm and advise this will never happen again.,1.0,3.5,1,1,1,0,0,4.58,4.27,4.07,,,-0.5,,en,3.5
862,863,an expensive jacket ruined.,3.0,2.0,1,0,0,0,0,1.59,,,,,-0.51,,en,2.0
863,864,"Great service. Very polite driver at pick up and drop off, the whole service was quick and efficient. thank you ",7.0,7.0,0,0,0,1,1,,,,7.48,5.8,-0.5,,en,7.0
864,865,"everything was clear, great service",7.5,7.0,1,0,1,1,1,6.06,,5.23,6.34,6.23,-0.51,,en,7.0
865,866,very good,9.0,8.5,0,0,0,0,0,,,,,,-0.5,,en,8.5
866,867,great service. the discount and billing process was not good and i wont use the service again,1.0,5.0,0,0,1,0,1,,,4.67,,6.13,-0.51,,en,5.0
867,868,very good,9.0,8.5,0,0,0,0,0,,,,,,-0.5,,en,8.5
868,869,overly expensive though the service is good,5.0,5.5,0,0,0,0,1,,,,,6.12,-0.51,,en,5.5
869,870,Amazing,7.0,7.0,0,0,0,0,0,,,,,,-0.51,,en,7.0
870,871,"process was easy, service was prompt, and results were fantastic!",7.0,6.5,0,0,0,0,1,,,,,6.62,-0.49,,en,6.5
871,872,great!,9.0,8.5,0,0,0,0,0,,,,,,-0.5,,en,8.5
872,873,Ironing needs to be improved. One pants sent for ironing came back with crease at seams making it looked awkward when worn. Not sure how ironing was done to get this. Had to get help ironing it again.,4.0,3.5,1,1,1,0,0,3.32,5.81,5.02,,,-0.49,,en,3.5
873,874,great experince. timely delivery,8.0,7.5,0,0,1,1,1,,,5.76,7.18,5.35,-0.51,,en,7.5
874,875,I requested that the bags be washed separately.,5.0,4.5,1,1,0,0,0,3.76,4.26,,,,-0.5,,en,4.5
875,876,I have been charded for a kind size duvet while my duvet is only a standard double,5.0,5.0,1,0,0,0,0,1.0,,,,,-0.52,,en,5.0
876,877,Failed to follow instructions. Every dry cleaning place I have been to take requests to give clothes folded instead of on hangers for no added cost. I requested folded and still got them on hangers.,4.0,3.0,1,1,1,0,0,3.13,5.61,4.11,,,-0.51,,en,3.0
877,878,very organised abd effocient tgankyou for duch great service,7.0,6.5,0,0,0,0,0,,,,,,-0.51,,en,6.5
878,879,Great help...,8.0,6.5,0,0,0,0,0,,,,,,-0.5,,en,6.5
879,880,I love not washing my own socks,7.0,6.0,1,0,0,0,0,3.33,,,,,-0.5,,en,6.0
880,881,"kind service, right on time",7.0,7.5,0,0,0,1,1,,,,6.65,6.25,-0.51,,en,7.5
881,882,"timely collection and return, clear pricing and quality workmanship. very impressed. many thanks",7.0,7.0,0,0,1,1,1,,,5.01,7.24,6.72,-0.5,,en,7.0
882,883,Quick and professional service,6.0,5.5,1,0,1,1,1,5.44,,5.87,6.18,6.24,-0.5,,en,5.5
883,884,Awful! Absolutely awful!! I have been delivered the wrong order. I have somebody else's bedsheets and towels. I am missing 20 items!!!,1.0,2.5,1,1,1,0,1,3.58,5.28,4.39,,4.33,-0.5,,en,2.5
884,885,good service,8.0,8.0,0,0,0,1,1,,,,5.61,6.07,-0.51,,en,8.0
885,886,i appreciate you getting my delivery before my flight,5.0,6.5,0,0,0,0,1,,,,,3.81,-0.48,,en,6.5
886,887,felt that the overall quality of the dry cleaning service was underwhelming and could be better. please share with dry cleaning company. thank you.,5.0,4.5,1,1,1,0,1,5.12,5.09,4.3,,6.04,-0.51,,en,4.5
887,888,"Quite a lot of creases, not a great clean for whites.",4.0,4.0,1,0,0,0,0,4.38,,,,,-0.5,,en,4.0
888,889,Thank you!,5.0,6.0,0,0,0,0,0,,,,,,-0.5,,en,6.0
889,890,Hi in my opinion i have tried 3 laundry services and always received clothes folded in the bag. So for the price i expected that but they were not folded.hope this will help in your service. Thanks,3.5,4.5,1,1,0,0,0,3.52,6.66,,,,-0.49,,en,4.5
890,891,Makes such a difference when the driver reads the instructions!,5.5,5.5,0,0,0,1,0,,,,7.51,,-0.48,,en,5.5
891,892,professionalism,5.0,5.0,0,0,0,1,0,,,,5.83,,-0.5,,en,5.0
892,893,"i am very upset , i wrote a note on application , the bag and told ur Agent to make all the laundry folded , but u bring it hanged ",1.0,2.5,1,1,1,0,0,3.33,5.12,4.51,,,-0.5,,en,2.5
893,894,Great--thanks!,5.0,7.5,0,0,0,0,0,,,,,,-0.5,,en,7.5
894,895,mauvais nettoyage,6.0,5.5,0,0,0,0,0,,,,,,-0.5,,fi,5.5
895,896,Items not folded as requested,5.0,4.5,1,1,0,0,0,2.18,5.49,,,,-0.51,,en,4.5
896,897,Great service,8.0,8.5,0,0,0,1,1,,,,6.16,6.27,-0.51,,en,8.5
897,898,Super service as always! Both drivers who collected and dropped off were delughtful. They are a credit to you.,7.0,7.0,0,0,0,1,1,,,,7.76,5.41,-0.49,,en,7.0
898,899,great service every time!,9.0,8.5,0,0,0,1,1,,,,7.07,6.45,-0.5,,en,8.5
899,900,Will be making a complaint,4.0,3.5,0,0,1,0,0,,,4.08,,,-0.5,,en,3.5
900,901,i have not eeceive my order,5.0,5.0,0,0,1,0,0,,,4.51,,,-0.51,,da,5.0
901,902,service parfait,5.0,5.5,0,0,0,0,0,,,,,,-0.52,,fr,5.5
902,903,"4 days late, unacceptable ",3.0,2.5,0,0,0,0,1,,,,,3.84,-0.5,,fr,2.5
903,904,Happy with quick turnaround buy an item of clothing was wet in bag so slightly disappointed with this,4.0,4.0,1,1,1,0,1,3.33,5.6,5.64,,5.46,-0.5,,en,4.0
904,905,very efficient delivery but laundry was not washed well. Some clothes were still dirty and some had new marks on them.,4.5,5.5,1,1,1,0,1,4.38,5.44,5.41,,5.48,-0.5,,en,5.5
905,906,"Great service, thank you. ",7.0,7.5,0,0,0,1,0,,,,6.29,,-0.5,,en,7.5
906,907,Fine bur the previous one was better — in terms if the smell of the clean clothes.  This order was alos delivered a day late.,3.0,6.0,1,1,0,0,1,4.86,5.53,,,5.32,-0.5,,en,6.0
907,908,missing a white jumper not in the delivery,5.0,5.0,0,0,0,0,0,,,,,,-0.5,,en,5.0
908,909,Good and prompt delivery...,8.0,6.5,0,0,0,1,1,,,,6.55,5.57,-0.5,,en,6.5
909,910,one of our shirts went missing and the shop has not get back to us on this. it has been almost a day,5.0,3.0,1,0,1,0,0,2.85,,4.39,,,-0.49,,en,3.0
910,911,very good,9.0,8.5,0,0,0,0,0,,,,,,-0.5,,en,8.5
911,912,parfait,5.0,5.0,0,0,0,0,0,,,,,,-0.53,,en,5.0
912,913,all good,8.0,7.5,0,0,0,0,0,,,,,,-0.52,,en,7.5
913,914,"Excellent service, laundry was collected on time given with a very good tracking service. Laundry service was perfect and delivered on following day. I would highly recommend this Company to family and friends, cannot fault them. Well done ",7.0,5.5,1,1,1,0,1,4.76,6.15,4.9,,6.24,-0.5,,en,5.5
914,915,satisfied!,7.0,8.0,0,0,0,0,0,,,,,,-0.49,,en,8.0
915,916,"quite unhappy. i did say i was trying to get up to 6kg for the wash and fold but wasnt sure of the weight, and to leave out some items if it was more than 6kg. but you charged me 2 loads for 7.7kg. safe to say i won't be using your wash and fold any more.",4.0,3.0,1,1,1,0,0,3.38,5.48,4.13,,,-0.49,,en,3.0
916,917,The men's suits were very badly ironed and even delivered with the wrist sleeves turned inside out. The trousers have double lite stripes as do the jackets at the neck. I have to iron everything again.,3.0,4.0,1,1,1,0,0,3.61,6.03,4.99,,,-0.5,,en,4.0
917,918,Dry cleaning was still damp when it arrived.,5.0,4.0,1,1,0,0,0,4.98,3.82,,,,-0.5,,en,4.0
918,919,terrible clothes missing - crminal,1.0,2.0,1,1,0,0,0,2.54,5.05,,,,-0.5,,en,2.0
919,920,"Terrible. im really dissapointed with the service, will raise a claim",1.0,2.5,0,0,0,0,1,,,,,5.22,-0.51,,en,2.5
920,921,1 star. Order arrived 48 hours late and only because I had to continuously follow-up. no clesr explanation provided as to the reason. Very disappointing.,1.0,4.5,0,0,0,0,1,,,,,5.37,-0.5,,en,4.5
921,922,great,8.0,8.0,0,0,0,0,0,,,,,,-0.5,,en,8.0
922,923,Didn’t follow the instructions. Totally ignored them. we asked for all clothes to be ironed and folded. delayed delivery. we had an international flight to catch early next morning.. spent 2 hrs folding these before packing. Frustrated and annoyed.,1.0,3.5,1,1,1,0,1,3.25,5.7,4.88,,5.57,-0.51,,en,3.5
923,924,excellent !!!,9.0,9.0,0,0,0,0,0,,,,,,-0.5,,en,9.0
924,925,Lost delivery,4.0,4.0,0,0,0,0,1,,,,,3.24,-0.5,,en,4.0
925,926,The order was taken care of very well and i would use the service again 100%. But the delivery driver for the return of my laundry was so rude. im hoping he was just having a bad day.,4.0,5.5,1,1,1,0,1,4.91,5.15,4.64,,5.18,-0.5,,en,5.5
926,927,missing item,4.0,4.5,0,0,0,0,0,,,,,,-0.51,,en,4.5
927,928,Delivery service was great. Disappointed that a few of our items had been shrunk in the wash and probably wont be using the service again because of this.,5.0,6.0,1,1,1,0,1,5.21,5.6,5.02,,5.32,-0.5,,en,6.0
928,929,"was shocked by prices on 3 items, 2 of which listed as an overcoat (23€) and raincoat (18€). neither was in the order, so seems odd. the 3rd item - silk day dress was 25€.  these seemed extremely out of whack.",4.0,3.0,1,0,1,0,0,3.39,,4.76,,,-0.49,,en,3.0
929,930,"Great, fast and efficient",7.0,7.0,0,0,0,1,1,,,,6.19,6.9,-0.51,,en,7.0
930,931,"Appreciate them taking 5 bags of clothes to wash, but £120 was a lot to take in when i was invoiced, and the clothes dont even smell clean. Would not use again due to the price and the laundry not smelling clean and took 4 days.",5.0,4.0,1,1,1,0,1,4.27,6.06,4.98,,6.29,-0.5,,en,4.0
931,932,collection was re-scheduled by the service last moment without any communication beforehand but all the rest was great,7.0,4.5,0,0,0,0,0,,,,,,-0.51,,en,4.5
932,933,excellent and very professional. thank you.,7.0,7.0,0,0,0,0,0,,,,,,-0.5,,en,7.0
933,934,great service and very quick.,7.0,7.5,0,0,0,1,1,,,,6.78,6.12,-0.51,,en,7.5
934,935,1) driver is not very confident about your quality of your services & was not happy with the load and complained\n3) most clothes were packed all inside out \n4) when he delivered he called to check someone to help so he does not drop it to the door,5.0,4.0,1,1,1,1,1,3.48,4.71,3.88,5.65,5.31,-0.49,,en,4.0
935,936,delivery man wasn’t waiting long enough for me to get to the door almost left the laundry outside. i am not mobile.,5.0,3.5,1,1,0,0,1,3.69,4.65,,,4.21,-0.5,,en,3.5
936,937,"professional, items returned properly cleaned and pressed. ",5.0,5.0,1,0,1,0,1,4.87,,4.84,,6.23,-0.5,,en,5.0
937,938,Extremely expensive!,3.0,3.0,0,0,0,0,0,,,,,,-0.51,,en,3.0
938,939,horrible…\n3 pulls a la poubelle\na se demander comment vous faites votre boulot.\nje suis dégoûté,1.0,2.5,0,0,0,0,0,,,,,,-0.49,,fr,2.5
939,940,Too expensive,3.0,3.5,0,0,0,0,0,,,,,,-0.5,,en,3.5
940,941,"Fantastic delivery driver, always polite and friendly. He knows the route, too, so no problems with finding my address.",7.0,7.0,0,0,0,1,1,,,,7.67,5.53,-0.5,,en,7.0
941,942,poor service this time….accepted the order to return by 1700 but failed to collect on time hence delayed return. not impressed at all giventhe cost. customer services had zero interest in helping to resolve…unlikely to use again…,1.5,3.5,0,0,1,0,0,,,4.53,,,-0.5,,en,3.5
942,943,Following a query I raised about the invoice for our order Maradona responded very quickly. The total weight was checked and the over charged amount was promptly refunded. \ni have used Laundryheap for a while now and am happy with how this was resolved.,1.5,4.0,1,1,1,0,1,4.38,5.16,4.76,,5.61,-0.5,,en,4.0
943,944,efficient service,5.5,6.0,0,0,0,0,1,,,,,7.25,-0.51,,fr,6.0
944,945,There is still a stain in the jacket,4.0,4.5,1,0,0,0,0,3.02,,,,,-0.5,,en,4.5
945,946,will use again,5.0,5.5,0,0,0,0,0,,,,,,-0.5,,en,5.5
946,947,"This is my first time trying Laundryheap, and my coat was missing. I obviously was going to rate this very bad, but your customer service was very high quality (Gunjan). There’s also a lot of unnessessary plastic in your packaging. ",4.0,4.0,1,1,1,0,0,3.46,5.04,3.41,,,-0.5,,en,4.0
947,948,"not happy at all, clean laundry was returned in bags I sent it off in, these bags are for dirty laundry not clean",3.0,4.0,1,1,0,0,0,3.73,5.5,,,,-0.5,,en,4.0
948,949,"I noticed that there was no scent. However, when I lived in Mussafah, there was a light, fresh fragrance. What do I need to do to ensure that my items are cleaned with something fragrant now that I havd moved to Reem? ",6.0,5.5,1,1,0,0,0,5.82,4.96,,,,-0.5,,en,5.5
949,950,pathetic,1.0,1.5,0,0,0,0,0,,,,,,-0.51,,en,1.5
950,951,great thank you!,9.0,8.0,0,0,0,0,0,,,,,,-0.49,,en,8.0
951,952,Great service and easy to track the pick-up and drop-off. Many options of slots which makes it easy to manage around a busy schedule. The cleaning of my delicates and duvet was also amazing. I will be using this service again and will recommend it.,7.0,6.0,1,0,1,1,1,5.16,,5.53,6.43,6.84,-0.5,,en,6.0
952,953,"Everything was as promised, so happy to use Laundryheap again👍",8.0,7.0,1,1,0,0,0,4.96,6.41,,,,-0.5,,en,7.0
953,954,lovely man,7.0,7.5,0,0,0,0,0,,,,,,-0.51,,en,7.5
954,955,"great service, very friendly and prompt",8.0,7.5,0,0,0,1,1,,,,6.5,6.56,-0.5,,en,7.5
955,956,Great,8.5,8.0,0,0,0,0,0,,,,,,-0.5,,en,8.0
956,957,i specifically asked when i booked the job that the 3 packages i sent for laundry be kept seperate... They came back all mixed together...This was laundry for 3 people...,5.0,4.0,1,1,1,0,0,3.86,4.26,4.03,,,-0.49,,en,4.0
957,958,odeur non agreable du pressing\npresence de faux plis\ncher\n\nje ne recommanderai pas avec Laundry,5.0,5.0,1,0,0,0,0,2.83,,,,,-0.51,,fr,5.0
958,959,Please call me at 87889189,5.0,4.5,0,0,0,0,0,,,,,,-0.49,,en,4.5
959,960,delayed colelctiok and delivery with no explanation,6.0,4.0,0,0,0,0,1,,,,,3.68,-0.5,,en,4.0
960,961,great!,8.5,8.5,0,0,0,0,0,,,,,,-0.5,,en,8.5
961,962,chauffeur parfait.\nles prix sont exorbitants ! \n2 taies d’oreiller pour 28 € c’est n’importe quoi\ntrop d’erreurs dans la facturation si il y à beaucoup de linge . très insatisfaite pour cette 2ieme commande !😡,4.0,5.5,0,0,0,0,0,,,,,,-0.51,,fr,5.5
962,963,service was good but did not get the laundry bag for next order,6.0,5.0,1,1,1,0,1,4.55,4.98,4.56,,4.8,-0.49,,en,5.0
963,964,"Madame, Monsieur,\n\nJe vous contacte aujourd'hui pour faire une réclamation concernant une commande passée sur votre site le 6/01.\n\nEn effet, lors de ma commande, j'ai utilisé le code promotionnel \""bienvenue 50\"" qui était censé me donner droit à -50%. \n\n",6.0,5.0,0,0,0,0,0,,,,,,-0.49,,fr,5.0
964,965,I loved your hassle free services. Picking up from hotel and dropping off on time.,6.5,7.5,0,0,0,1,1,,,,7.51,6.52,-0.5,,en,7.5
965,966,awesome,9.0,8.0,0,0,0,0,0,,,,,,-0.51,,en,8.0
966,967,Great help for keeping all my laundry done especially those thick bulk winter items.,6.0,7.0,1,0,0,0,0,3.28,,,,,-0.5,,en,7.0
967,968,Perfect!,9.0,9.0,0,0,0,0,0,,,,,,-0.51,,en,9.0
968,969,pick up and delivery on time as promised. still 1 or 2 small stain left on the topper.,5.0,6.0,1,1,1,0,1,4.68,5.55,5.28,,4.86,-0.5,,en,6.0
969,970,why are my socks folded inside out,5.0,5.0,1,0,0,0,0,1.2,,,,,-0.49,,en,5.0
970,971,Too expensive and the pickup/dropoff wasn’t very convenient.,4.0,3.5,0,0,0,0,1,,,,,5.31,-0.5,,en,3.5
971,972,"Great service, thanks",7.0,7.5,0,0,0,0,0,,,,,,-0.5,,en,7.5
972,973,"didnt get picked up until 24 hours later than expected, and wasnt cleaned completely, still have a coffee stain on the back of the jacket that i will have to sort out when i get home",5.0,3.5,1,1,0,0,0,3.82,5.2,,,,-0.49,,en,3.5
973,974,Terrible. My white clothes were clearly washed with darler colours which ran and ruined 2 t shirts and 2 dinner shirts. My tracksuit bottoms were also shrunk,2.0,2.0,1,1,0,0,0,3.41,6.06,,,,-0.5,,en,2.0
974,975,top,7.0,7.0,0,0,0,0,0,,,,,,-0.5,,en,7.0
975,976,excellent \nvery friendly drivers too,8.0,7.0,0,0,0,1,1,,,,7.66,6.96,-0.5,,en,7.0
976,977,swrvice was excellent but i applied a 15% off voucher that hasn’t been processed ??,9.0,5.0,0,0,1,0,0,,,4.39,,,-0.5,,en,5.0
977,978,Custmer serivce is good. Cleaning services and time mangment bellow average.,6.5,6.5,1,0,0,0,1,5.7,,,,7.71,-0.5,,en,6.5
978,979,excellent service,9.0,8.5,0,0,0,1,1,,,,6.03,6.07,-0.51,,fr,8.5
979,980,Hi - im wanting to like your service but im finding it difficult when simple instructions cant be followed.  I specifically asked any knit garments NOT to be put on hangers yet they were.  this order was £146.  I expected more.,4.0,4.0,1,0,1,0,0,3.54,,4.73,,,-0.51,,en,4.0
980,981,"really unhappy\n1 item returned not cleaned, no explanation\ncharged fir 2 loads when only sent 1\n6 of my items have shrunk and its obvious were washed at high temp and likely tumbled at high temp too",5.0,3.5,1,1,1,0,0,3.82,4.62,3.97,,,-0.49,,en,3.5
981,982,"i sent a heavy full bag of laundry and received back half a bag. half of my laundry is missing. items i not missing include a pair of purple brand jeans that are light blue with a paint splatter effect, and a retro red and blue strip crystal palace tshirt",4.5,4.0,1,1,1,0,0,3.1,5.11,3.87,,,-0.5,,en,4.0
982,983,good,8.0,8.0,0,0,0,0,0,,,,,,-0.5,,en,8.0
983,984,"Great, thanks.",6.5,7.0,0,0,0,0,0,,,,,,-0.51,,en,7.0
984,985,All my pieces are ruined. My silk shirts and my blazers are all damaged. I said dry cleaning and it looks like it was all washed in the machine,3.0,3.0,1,1,1,0,0,3.32,4.85,4.2,,,-0.5,,en,3.0
985,986,great service. thank you,8.0,8.0,0,0,0,1,0,,,,6.2,,-0.5,,en,8.0
986,987,"collecte ratee le premier jour, puis apres il a fallu réclamer une réduction due qui n’avait pzs ete  prise en compte. donc non franchement pas bonne l’expérience ",5.0,5.0,0,0,0,0,0,,,,,,-0.5,,fr,5.0
987,988,the delivery was fast and the driver was kind and professional. i'm happy eith my experience so far. but it would be nice to have a personalised option. there was not not an option for white and black clothes. i will definitely use this service again.,6.0,5.5,1,1,1,0,1,4.6,6.27,5.5,,5.56,-0.51,,en,5.5
988,989,hi guys the bed sheets were very damp and beeded drying afsun before we voild store. \nalso alcan we request these str never hung on hsngers and ratger just fokded in a bag please.,5.0,4.5,1,1,1,0,0,2.86,5.1,4.87,,,-0.49,,en,4.5
989,990,as greet as always,5.0,6.5,0,0,0,1,0,,,,6.59,,-0.49,,en,6.5
990,991,Good service. Thanks,7.0,7.5,0,0,0,1,1,,,,5.95,5.64,-0.5,,en,7.5
991,992,good,8.0,8.0,0,0,0,0,0,,,,,,-0.5,,en,8.0
992,993,Very efficient and professional service.Quality service and excellent updates regarding collection and delivery.,8.0,7.0,0,0,1,1,1,,,5.06,6.42,6.47,-0.5,,en,7.0
993,994,great service,8.0,8.5,0,0,0,1,1,,,,6.16,6.27,-0.51,,en,8.5
994,995,"excellent... you found me, and it's not an easy address to find. ",8.5,6.0,0,0,0,0,0,,,,,,-0.5,,en,6.0
995,996,Mon code promo ne s’est pas appliqué…,5.0,5.0,0,0,0,0,0,,,,,,-0.49,,fr,5.0
996,997,"The delivery and pickup timings were quite efficient, which was a positive aspect of the experience. However, the overall service left something to be desired. Considering the cost, I expected a higher standard of cleanliness and quality in service.",3.0,5.5,1,1,1,1,1,5.35,5.2,5.23,6.25,6.11,-0.51,,en,5.5
997,998,good,8.5,8.0,0,0,0,0,0,,,,,,-0.5,,en,8.0
998,999,i have been overcharged. kindly contact me. i have given only 6 sareees but you have invoice me 7 saree ?,4.0,3.5,1,0,1,0,0,3.69,,4.49,,,-0.5,,en,3.5
999,1000,thank you,5.0,5.0,0,0,0,0,0,,,,,,-0.49,,en,5.0
1000,1001,I'm impressed by the result of my dried clean jacket! it's just above my expectations especially when it's white!,6.0,5.0,1,1,1,0,0,4.22,6.96,7.31,,,-0.5,,en,5.0
1001,1002,i need to speak to someone as i was incorrectly charged,5.0,5.0,0,0,1,0,0,,,3.53,,,-0.5,,en,5.0
1002,1003,Excellent!,9.0,9.0,0,0,0,0,0,,,,,,-0.49,,en,9.0
1003,1004,will never hire you again. Many times you.mixing up my clothes. clothes go missing etc. you should just close down,1.0,2.5,1,1,1,0,0,4.05,5.12,3.95,,,-0.5,,en,2.5
1004,1005,i did not ask for this service i got over charged \n,4.5,4.5,0,0,1,0,0,,,4.38,,,-0.5,,en,4.5
1005,1006,1st time using the seevice but the pick up time was delay til really late. i send it together woth laundry netting whoch i did not get back.,4.0,5.0,1,0,0,0,1,4.3,,,,5.04,-0.48,,en,5.0
1006,1007,not honest with pricess that is toooi high and doesnt deserve the so unproffecinal rude treatment,3.0,2.5,0,0,1,0,0,,,4.68,,,-0.49,,en,2.5
1007,1008,Items were collected and delivered promtly. My duvet was cleaned well. I just wish it was made explicit from the start that pillows and cushions cant be washed. Due to the base fee it was expensive to only have 1 item washed and 4 returned.,3.0,4.5,1,1,1,0,1,4.22,5.39,4.95,,4.21,-0.5,,en,4.5
1008,1009,Excellent service with door-to-door pickup & dropoff as well as fast turnaround time.,7.0,6.5,0,0,0,1,1,,,,6.82,6.3,-0.5,,en,6.5
1009,1010,tout s'est très bien passé,5.0,5.5,0,0,0,0,0,,,,,,-0.5,,fr,5.5
1010,1011,I am missing a shirt. It is a Charles Thyrwitt slim fit purple checkered button down,6.0,5.5,1,0,0,0,0,1.21,,,,,-0.5,,en,5.5
1011,1012,perfect delivery !,9.0,7.5,0,0,0,0,1,,,,,4.53,-0.5,,en,7.5
1012,1013,"unfortunately one shirt is dirty, with dirt that wasn‘t there before i gave it to you. i took pictures of it. ",4.0,5.0,1,1,1,0,0,3.97,5.3,5.3,,,-0.48,,en,5.0
1013,1014,not so good this time \n\nthe shirts are a bit burned and the iron wss clearly over heated to save time :(,4.0,4.5,1,0,0,0,0,3.55,,,,,-0.5,,en,4.5
1014,1015,Excellent service!,9.0,8.5,0,0,0,1,1,,,,6.37,5.86,-0.5,,fr,8.5
1015,1016,Great service thanks,7.0,8.0,0,0,0,0,0,,,,,,-0.5,,en,8.0
1016,1017,great experience. great communication and service.,8.0,8.0,0,0,0,1,1,,,,7.51,6.64,-0.5,,en,8.0
1017,1018,3 women’s itens returned damage. They went larger than it was abs shorter as well. Awful,2.0,2.5,0,0,0,0,0,,,,,,-0.51,,en,2.5
1018,1019,service was fast and easy to use,6.0,6.5,0,0,0,1,1,,,,6.35,6.76,-0.51,,en,6.5
1019,1020,Le tarif pour le linge en vrac est trop élevé. j’ai fait lavé 1 housse de couette et 2 taies d’oreillers et ça m’a couté 25€. La tarification serait à adapter à la quantité d’ articles,5.0,4.5,0,0,0,0,0,,,,,,-0.5,,fr,4.5
1020,1021,Please conatct us immediately. All jumpers have been stretched in the shoulders and need to be re-dry cleaned due to the wire hangers used. I specifically requested NO HANGERS to avoid this. The cashmere Me + Em jumper is missing its snood neck piece.,2.0,4.0,1,0,1,0,0,2.51,,4.92,,,-0.51,,en,4.0
1021,1022,"I will never ever use Laundryheap again! I was sent a 50% discount email which being a pensioner, I used as I have been saving items to be cleaned until I coukd afford it or I had a discount code. Laundryheap have refused to accept the code. Total scammer",1.0,3.0,1,1,1,0,0,4.32,5.15,4.38,,,-0.49,,en,3.0
1022,1023,perfect,9.0,8.5,0,0,0,0,0,,,,,,-0.51,,en,8.5
1023,1024,really awful experience. not only was the laundry delivery late but late with no updates and cancelled. just awful service.,1.0,3.0,1,1,1,0,1,4.28,5.25,4.55,,4.95,-0.49,,en,3.0
1024,1025,tres bien,5.0,6.0,0,0,0,0,0,,,,,,-0.49,,en,6.0
1025,1026,"Perfect - I sent a stained item to he drycleaned, and received updates regarding both the state of the item and the delivery. My puffer coat is back, on time and stain free - thank you! ",7.0,6.0,1,0,1,0,0,4.64,,5.25,,,-0.5,,en,6.0
1026,1027,just exactly what I need to make my day easier. Thank you!,6.0,7.0,0,0,0,0,0,,,,,,-0.51,,en,7.0
1027,1028,excellent as always. great service and drivers are always friendly,7.0,7.5,0,0,0,1,1,,,,7.81,6.11,-0.49,,en,7.5
1028,1029,"great experience, fast and easy",7.0,8.0,0,0,0,1,1,,,,7.49,6.86,-0.49,,en,8.0
1029,1030,très déçue !! le linge pour le pressing devait être récupéré dimanche entre 11 et 16h. on nous informe qu’il va y avoir du retard dans la dernière demi-heure pour finalement nous décaler entre 19 et 22h avec un coursier qui n’est venu qu’à 23h !!,1.0,4.0,0,0,0,0,0,,,,,,-0.48,,fr,4.0
1030,1031,👌👌,8.0,7.0,0,0,0,0,0,,,,,,-0.51,,en,7.0
1031,1032,well done its a great help to me .,8.0,6.5,0,0,0,0,0,,,,,,-0.5,,en,6.5
1032,1033,Driver efficient and polite.,5.0,7.0,0,0,0,1,1,,,,7.82,7.06,-0.49,,en,7.0
1033,1034,the firts driver who was supposed to deliver in the sceduled day did not attempt a delivery but falsely claimed he did while i was at home and i was folliwing him on the app app. he just passed by without stopping. all good witn the second delivery.,3.5,3.5,0,0,0,0,1,,,,,3.96,-0.5,,en,3.5
1034,1035,"We paid for 12 kilos of clothes, two loads.  We weighed it, we sent well less than this but they decided to charge us for another load anyways.  We received some of our clothes back at least, even though they weren't folded.",4.0,4.0,1,1,1,0,0,3.12,5.95,4.32,,,-0.5,,en,4.0
1035,1036,very satisfied! good dry cleaning service. I recommend,7.0,6.0,1,1,1,0,1,5.25,5.89,4.9,,5.88,-0.5,,en,6.0
1036,1037,great service thank you,8.0,8.0,0,0,0,0,0,,,,,,-0.5,,en,8.0
1037,1038,super but expensive,5.0,6.5,0,0,0,0,0,,,,,,-0.52,,fr,6.5
1038,1039,Très mauvaise expérience. Mon écharpe a été percée avec une épingle alors qu’elle est en cachemire… De plus elle n’est meme pas propre. Très déçue.,5.0,5.5,0,0,0,0,0,,,,,,-0.5,,fr,5.5
1039,1040,the shoes and bag still smelled really bad like they’d bot even been cleaned,2.0,3.0,1,1,0,0,0,4.35,4.53,,,,-0.5,,en,3.0
1040,1041,Quick service!,7.0,5.5,0,0,0,0,1,,,,,5.69,-0.51,,en,5.5
1041,1042,Excellent!,9.0,9.0,0,0,0,0,0,,,,,,-0.49,,en,9.0
1042,1043,i will use the service again thank you,7.0,5.0,0,0,1,0,0,,,4.39,,,-0.51,,en,5.0
1043,1044,"of the 18 shirts sent to be ironed, 10 looked like they were steamed, as they are damp, but never placed near an iron",5.0,5.0,1,1,0,0,0,3.25,5.28,,,,-0.48,,en,5.0
1044,1045,fab service.,5.0,6.0,0,0,0,1,0,,,,5.99,,-0.51,,en,6.0
1045,1046,expensive,3.0,3.0,0,0,0,0,0,,,,,,-0.5,,en,3.0
1046,1047,"Good experience, friendly driver!",7.0,7.5,0,0,0,1,1,,,,8.23,6.28,-0.49,,en,7.5
1047,1048,Stains found on the trouser I sent for “wash and iron” or “dry clean” service.,4.0,4.5,1,1,1,0,0,4.25,5.26,4.76,,,-0.49,,en,4.5
1048,1049,rapide et efficace bien qu’un peu cher mais bon travail !,5.0,5.0,0,0,0,0,0,,,,,,-0.51,,fr,5.0
1049,1050,Better than last time,5.5,5.5,0,0,0,0,0,,,,,,-0.51,,en,5.5
1050,1051,Superbe !,5.0,6.5,0,0,0,0,0,,,,,,-0.51,,en,6.5
1051,1052,always great service,8.0,8.5,0,0,0,1,0,,,,6.32,,-0.51,,en,8.5
1052,1053,"too many emails, but service was excellent.",8.0,6.0,0,0,1,0,1,,,4.96,,5.42,-0.5,,en,6.0
1053,1054,perfect - clothes look great,9.0,7.5,1,0,0,0,0,4.02,,,,,-0.5,,en,7.5
1054,1055,The driver just left my laundry outside of the gate of the building which is tendency someone can stole that.,5.0,4.5,1,0,0,0,0,4.03,,,,,-0.49,,en,4.5
1055,1056,very good,9.0,8.5,0,0,0,0,0,,,,,,-0.5,,en,8.5
1056,1057,100% of the clothing returned was destroyed,2.0,2.5,1,1,1,0,0,3.03,4.9,4.25,,,-0.51,,en,2.5
1057,1058,"Seamless experience, would recommend",5.0,6.5,0,0,0,0,0,,,,,,-0.49,,en,6.5
1058,1059,"Even though I requested for some items to be folded, everything came in hangers. What should I do in future to prevent this? Thanks",5.0,4.5,1,1,0,0,0,2.46,5.46,,,,-0.51,,en,4.5
1059,1060,"The drivers where really professional and very polite. To be honest i cant say that i will using this app very oftn as it is on the pricey side. But its good to know that if i need something urgently dry cleaned, that this service is available ",6.5,5.5,1,0,0,1,1,5.86,,,7.17,6.46,-0.48,,en,5.5
1060,1061,"tous les vetements sont revenus avec les mêmes taches, aucun effort n’a été fait sur le nettoyage. il s’agit de ma première et dernière expérience avec vous",5.5,5.5,0,0,0,0,0,,,,,,-0.5,,fr,5.5
1061,1062,Very good,8.5,8.5,0,0,0,0,0,,,,,,-0.5,,en,8.5
1062,1063,curtains not cleaned well,5.0,5.5,1,1,0,0,0,4.58,4.83,,,,-0.5,,en,5.5
1063,1064,always use them,5.0,5.5,0,0,0,0,0,,,,,,-0.5,,en,5.5
1064,1065,always easy and convenient. if there are issues they communicate quickly and resolve them without you having to ask twice.,7.0,6.5,0,0,0,1,1,,,,7.83,7.13,-0.49,,en,6.5
1065,1066,thank you!,4.5,6.0,0,0,0,0,0,,,,,,-0.5,,en,6.0
1066,1067,good,8.0,8.0,0,0,0,0,0,,,,,,-0.5,,en,8.0
1067,1068,horrible,1.0,1.5,0,0,0,0,0,,,,,,-0.51,,en,1.5
1068,1069,Order is promptly collected and delivered. but we did spot some stains not removed,4.0,5.0,1,1,1,0,1,4.84,4.75,5.23,,3.84,-0.49,,en,5.0
1069,1070,a lot of the clothes came very wrinkled. i feel ripped off,6.0,4.0,1,1,1,0,0,3.5,5.73,4.94,,,-0.5,,en,4.0
1070,1071,Bizzare. Charges are much more than what you see on the pricelist.,4.0,3.5,0,0,1,0,0,,,4.98,,,-0.49,,en,3.5
1071,1072,Not sure if the driver was smoking but there was remnant smell when pulling the laundry out of the bag.,4.0,4.5,1,1,0,0,0,4.28,4.71,,,,-0.5,,en,4.5
1072,1073,loved the packaging and delivery as promised. happy to have clean clothes again!,8.0,7.5,1,1,1,0,1,4.96,6.12,6.18,,5.31,-0.49,,en,7.5
1073,1074,"Terrible, deceiving, and unprofessional ",1.5,1.5,0,0,0,1,1,,,,4.07,6.9,-0.51,,en,1.5
1074,1075,"Smooth delivery, thank you! ",8.0,7.5,0,0,0,0,1,,,,,5.08,-0.5,,en,7.5
1075,1076,"very good delivery.  however, im not so sure about customer service. before confirming the order, i asked if the rate quoted included the discount & told yes. turns out the discount wasn't applied as not the right item... ",7.5,6.0,0,0,1,0,1,,,5.23,,5.03,-0.5,,en,6.0
1076,1077,"good service from dry cleaning and delivery, ",6.0,6.5,1,1,1,1,1,4.93,5.74,5.12,6.72,5.89,-0.51,,en,6.5
1077,1078,Great service,7.0,8.5,0,0,0,1,1,,,,6.16,6.27,-0.51,,en,8.5
1078,1079,poor. the pick up was late and the drop off was a day later,3.0,3.5,0,0,0,0,1,,,,,3.75,-0.51,,en,3.5
1079,1080,"Great service, excellent quality, fantastic delivery. ",8.0,7.5,0,0,0,1,1,,,,6.93,6.22,-0.51,,en,7.5
1080,1081,great! thanks to all,7.0,8.5,0,0,0,0,0,,,,,,-0.5,,en,8.5
1081,1082,"I was charged almost triple what was advertised (60QR for 6kg). I had less than 6kg and on top of that it was folded badly so that it‘s completley wrinkled. At that price, it would have been cheaper to use the 5* hotel service laundry.",3.0,4.0,1,1,1,0,0,4.27,6.24,4.5,,,-0.49,,en,4.0
1082,1083,I claimed the 50% new year discount but I was still charged the full amount?,5.0,4.0,0,0,0,0,0,,,,,,-0.52,,en,4.0
1083,1084,good,8.0,8.0,0,0,0,0,0,,,,,,-0.5,,en,8.0
1084,1085,très mal. Vous n’avez pas respecté les instructions que j’avais donné pour les pantalon (et n’avez pas appliqué le code promotionnel). Je suis extremament deçu du service,5.0,4.0,0,0,0,0,0,,,,,,-0.51,,fr,4.0
1085,1086,good experience all around,8.5,8.5,0,0,0,1,0,,,,7.57,,-0.49,,en,8.5
1086,1087,All good! many Thanks……,8.0,6.5,0,0,0,0,0,,,,,,-0.51,,en,6.5
1087,1088,Great! Very fast and polite service. Will use again and recommend.,8.0,6.5,0,0,0,1,1,,,,6.14,6.33,-0.5,,en,6.5
1088,1089,terrible have lost a regular customer wont ever use service again,1.0,2.0,0,0,0,1,1,,,,4.42,5.33,-0.5,,en,2.0
1089,1090,very happy,8.0,8.0,0,0,0,0,0,,,,,,-0.49,,en,8.0
1090,1091,excellent service,8.0,8.5,0,0,0,1,1,,,,6.03,6.07,-0.51,,fr,8.5
1091,1092,Some clothes are not dry throughly,5.0,5.0,1,1,0,0,0,2.5,5.66,,,,-0.51,,en,5.0
1092,1093,Very disappointed with my query re discount to be applied! Your offer by email was clearly misleading . Not everybody reads fine print. If i had known the discount only applied to wash and not iron or dry clean i wouldnt have gone ahead with the order.,1.0,3.5,1,0,1,0,0,4.17,,4.61,,,-0.49,,en,3.5
1093,1094,i didnt get my clothes ironed just washed,4.0,5.0,1,1,0,0,0,2.92,6.83,,,,-0.49,,en,5.0
1094,1095,"friendly driver , right on time - perfect delivery",6.0,7.0,0,0,0,1,1,,,,7.57,5.79,-0.5,,da,7.0
1095,1096,Always happy - from the extremely nice drivers to the efficiency and professionalism!,7.5,7.5,0,0,0,1,1,,,,8.27,6.63,-0.49,,en,7.5
1096,1097,"Won’t use Laundryheap again. Not quite a rip-off, but pricing undecipherable and no idea on cost until afterwards. Don’t risk clicking on prepaid bundle - it will automatically bill you with no cart/prompt. Vouchers may be valid but nobody knows!",1.0,4.5,1,1,1,0,0,4.2,5.84,4.49,,,-0.49,,en,4.5
1097,1098,"Daniel is fab, as always. ",5.0,6.5,0,0,0,0,0,,,,,,-0.49,,en,6.5
1098,1099,I am very happy with the dry cleaning. It is very efficient and removes the stains on my  winter jacket.\nIt is the second time that I am using there services and I will use it again.\nThank you!,6.0,5.0,1,1,1,0,0,4.98,6.47,4.64,,,-0.5,,en,5.0
1099,1100,There were problems with delivery being delayed. However it was resolved and was delivered today. lots of conflicting messages about when my order would arrive with a suggestion it could be as late as Thursday! i had a days delay with my first order too.,5.5,4.0,0,0,0,0,1,,,,,2.95,-0.5,,en,4.0
1100,1101,"great experience.easy to set up & track , very fast. ",6.0,7.0,0,0,0,1,1,,,,7.89,7.08,-0.5,,en,7.0
1101,1102,I went to iron the clothing and there is a strong smell not clean,5.0,4.5,1,1,0,0,0,3.25,5.13,,,,-0.5,,en,4.5
1102,1103,very good,9.0,8.5,0,0,0,0,0,,,,,,-0.5,,en,8.5
1103,1104,just no,3.0,3.0,0,0,0,0,0,,,,,,-0.51,,en,3.0
1104,1105,"Great, speedy service, thanks! ",8.0,7.5,0,0,0,0,1,,,,,5.15,-0.5,,en,7.5
1105,1106,i am missing the original bag that I sent my washing with. it is a cream colored bag with Crown wording on the front. I did ask for it to be returned. Thanks,5.0,4.5,1,1,0,0,0,3.39,4.33,,,,-0.51,,en,4.5
1106,1107,"clothes didn’t smell freshly cleaned, plus I thought i was going to my green bag back lol but your bag is better ",5.5,4.5,1,1,0,0,0,4.49,5.68,,,,-0.51,,en,4.5
1107,1108,"Il me manque un oreiller !
 L’oreiller restant et la couette ont été abîmés. La couette me paraît plus sale qu’avant ! Elle était presque neuve. Idem pour l’oreiller",6.0,6.0,0,0,0,0,0,,,,,,-0.51,,fr,6.0
1108,1109,"Great, thank you!! ",9.0,7.5,0,0,0,0,0,,,,,,-0.49,,en,7.5
1109,1110,great,7.0,8.0,0,0,0,0,0,,,,,,-0.5,,en,8.0
1110,1111,Good smooth experience as always!,7.5,8.5,0,0,0,1,0,,,,8.1,,-0.5,,en,8.5
1111,1112,"Mauvaise communication sur les promotions, mauvaise identification des pièces par l'atelier, on ne peut pas compter sur le SAV...",5.0,5.5,0,0,0,0,0,,,,,,-0.48,,fr,5.5
1112,1113,Thank you so much guys,7.0,7.5,0,0,0,0,0,,,,,,-0.49,,en,7.5
1113,1114,Cannot wait to use the services again,5.5,5.0,0,0,0,0,0,,,,,,-0.5,,en,5.0
1114,1115,"shirts came back a bit wrinkled but otherwise, was good. ",6.5,5.5,1,1,0,0,0,3.74,5.76,,,,-0.49,,en,5.5
1115,1116,excellent thank you,9.0,9.0,0,0,0,0,0,,,,,,-0.49,,en,9.0
1116,1117,great,8.0,8.0,0,0,0,0,0,,,,,,-0.5,,en,8.0
1117,1118,"great, thank you.",7.0,8.0,0,0,0,0,0,,,,,,-0.49,,en,8.0
1118,1119,one of my items was misplaced and i reviebed the wrong pillowcase,4.0,5.0,1,0,0,0,0,1.2,,,,,-0.51,,en,5.0
1119,1120,why are the sheets wrinkled ! they do not look good not happy,2.0,4.5,1,0,0,0,0,2.36,,,,,-0.48,,en,4.5
1120,1121,"The laundry service is good, but instructions weren’t followed for pickup or delivery, so it was a bit confusing both times. ",6.0,6.5,1,1,1,0,1,4.74,5.68,5.03,,6.12,-0.5,,en,6.5
1121,1122,absolutely awful. no contact number and our duvet has gone missing it has NOT BEEN DELIVERED.,1.0,2.0,1,0,1,0,0,3.24,,4.1,,,-0.51,,en,2.0
1122,1123,"2nd time engaging your service. Definitely better than the last round in regards to the laundry. This time, items were nicely and neatly folded. Well done!",6.5,6.5,1,1,1,0,1,4.62,5.97,4.64,,5.68,-0.5,,en,6.5
1123,1124,"Thank you so much, I really liked how clean and tidy my Jackets / Shirt look. Appreciate the service ",7.0,7.0,1,0,1,0,0,5.21,,5.48,,,-0.5,,en,7.0
1124,1125,everything has shrunk. i need compenstion. these clothes were expensive and are kow unwearable. theyve clearly been washed in a high tenperature.,2.0,3.5,1,1,1,0,0,2.02,5.05,4.0,,,-0.51,,en,3.5
1125,1126,"great service, costly and expensive however. ",5.5,6.5,0,0,0,1,1,,,,6.42,6.27,-0.51,,en,6.5
1126,1127,"hi, i sent 2 bags, only 1 bag was returned. The invoice did not charge for the second item which was a super king duvet cover which has not been returned yet.",5.0,4.0,1,1,1,0,0,2.62,5.05,4.49,,,-0.51,,en,4.0
1127,1128,"so easy and convenient to arrange, drivers are always friendly and polite and laundry clean, smells fresh and perfectly folded",6.5,6.0,1,0,0,1,1,5.39,,,9.0,6.98,-0.48,,en,6.0
1128,1129,Two items arrived damaged. A jacket from the suit has both buttons broken. It looks like the down coat has been washed instead of being dry cleaned. The down in the collar on one side is completely gone. The rest is lumpy. Both items are unwearable.,3.0,4.5,1,1,1,0,0,2.92,4.74,4.47,,,-0.51,,en,4.5
1129,1130,great service,8.0,8.5,0,0,0,1,1,,,,6.16,6.27,-0.51,,en,8.5
1130,1131,2 days delay,5.0,4.5,0,0,0,0,1,,,,,2.97,-0.49,,en,4.5
1131,1132,great,8.0,8.0,0,0,0,0,0,,,,,,-0.5,,en,8.0
1132,1133,great service for mixed wash and dry,6.0,6.5,1,1,1,0,0,4.46,6.6,5.7,,,-0.51,,en,6.5
1133,1134,please pick ip my laundry again tomorrow. clothes haven’t been dried properly and i dont have time to dry them. thats why i gave them to you to save me time. let me know what time you will come. thanks,6.0,5.0,1,0,1,0,0,3.65,,5.36,,,-0.51,,en,5.0
1134,1135,great thank you,8.0,8.0,0,0,0,0,0,,,,,,-0.49,,en,8.0
1135,1136,Very Bad! i have a whole bag on my clothes missing.,1.5,1.5,1,1,0,0,0,2.59,5.0,,,,-0.5,,en,1.5
1136,1137,horrid,1.0,2.0,0,0,0,0,0,,,,,,-0.52,,en,2.0
1137,1138,fantastic service. thank yoi so much,6.0,6.5,0,0,0,0,0,,,,,,-0.5,,en,6.5
1138,1139,very pleased as always,8.0,8.0,0,0,0,0,0,,,,,,-0.49,,en,8.0
1139,1140,my invoice says 53.02 as i used a discount code. my bill on my credit card was 87.15!,5.0,4.0,0,0,1,0,0,,,4.59,,,-0.5,,en,4.0
1140,1141,24h de retard sur la livraison\n,1.0,3.5,0,0,0,0,0,,,,,,-0.49,,fr,3.5
1141,1142,good 🩷🩷🩷🩷🩷🩷,8.0,8.0,0,0,0,0,0,,,,,,-0.5,,en,8.0
1142,1143,"worked great , arrived on time ",8.0,6.5,0,0,0,0,1,,,,,5.04,-0.5,,en,6.5
1143,1144,"excellent service, very quick and good value",8.0,7.0,0,0,0,1,1,,,,6.73,6.27,-0.5,,en,7.0
1144,1145,"Super easy to book, reliable & quick sevice",5.5,6.5,0,0,0,1,1,,,,7.62,6.48,-0.5,,en,6.5
1145,1146,great,8.0,8.0,0,0,0,0,0,,,,,,-0.5,,en,8.0
1146,1147,Sheets came back with stains still in them. We have cats and there was mucky paw prints still on sheets. Also received a T-shirt that doesnt belong to me.,5.0,3.5,1,1,1,0,0,3.56,4.82,3.92,,,-0.5,,en,3.5
1147,1148,"Very bad, no ironing!",1.0,2.5,1,0,0,0,0,3.66,,,,,-0.5,,tl,2.5
1148,1149,I think I was overcharged for this order. I see two separate charges for 1 order on my credit card statement.,5.0,5.0,0,0,1,0,0,,,4.41,,,-0.5,,en,5.0
1149,1150,"la livraison a eu lieu 1h en avance, en mon absence. J'avais autorisé la livraison devant ma porte à condition que les articles soient tous dans des sacs fermés. Le livreur m'a assuré que oui, mais ce n'était pas le cas... heureusement sans conséquence.",5.0,4.5,0,0,0,0,0,,,,,,-0.49,,fr,4.5
1150,1151,⭐️⭐️⭐️⭐️⭐️,9.0,7.0,0,0,0,0,0,,,,,,-0.51,,en,7.0
1151,1152,"I have sent a query about the extra charge I was charged, so will wait to hear back before i fove feedback. ",5.0,5.0,0,0,1,0,0,,,4.3,,,-0.5,,en,5.0
1152,1153,paid 60 euro to have my clothes thrown in a bag and still damp. only thing good i can say is thr delivery drivers were nice and helpful but i definitely wont be using this company again or recommend it. thanks for that!,1.0,3.5,1,1,1,0,1,4.28,5.75,4.64,,5.51,-0.48,,en,3.5
1153,1154,laundry delivered day after request,6.0,6.0,1,1,0,0,1,3.79,5.5,,,4.06,-0.49,,da,6.0
1154,1155,Akif dropping off…. such a nice chap. Always nice to see him and we have a quick chat. Top guy. 👍,7.0,7.0,0,0,0,1,0,,,,8.6,,-0.5,,en,7.0
1155,1156,everything went smooth as always from a logistical standpoint. The bill was higher than expected though.,5.0,6.5,0,0,0,0,1,,,,,5.39,-0.49,,en,6.5
1156,1157,great,7.5,8.0,0,0,0,0,0,,,,,,-0.5,,en,8.0
1157,1158,very efficient and easy!,5.5,7.5,0,0,0,0,0,,,,,,-0.5,,en,7.5
1158,1159,brilliant  fast and effective,7.0,6.0,0,0,0,0,1,,,,,6.87,-0.52,,en,6.0
1159,1160,There a spots that should’ve been washed out!,4.5,5.0,1,0,0,0,0,4.77,,,,,-0.5,,en,5.0
1160,1161,"items that are washed and folded but not ironed are sloppily folded so as to let wrinkles set in. for the cost, the basic wash and fold service should be neater. ",4.0,4.5,1,1,0,0,0,3.66,6.21,,,,-0.5,,en,4.5
1161,1162,great service. Very happy. some items (only a few) had some dirt remaining.,7.0,5.5,1,1,1,0,1,5.41,5.26,4.84,,6.12,-0.49,,en,5.5
1162,1163,No comments,4.5,4.0,0,0,0,0,0,,,,,,-0.5,,en,4.0
1163,1164,PLEASE !!!!!!!! I CAN’T FIND MY COAT AND LEAVING TOMORROW MORNING TO COLD WEATHER !!!!,1.0,4.5,0,0,0,0,0,,,,,,-0.5,,en,4.5
1164,1165,i wasnt in- unsure where its been delivered too,4.0,5.0,0,0,0,0,1,,,,,3.3,-0.5,,en,5.0
1165,1166,"I’ve already shared my thoughts but I keep receiving notification to rate. So here we are again. I will be deleting my app, never recommending laundry heap again and won’t be using the services again. Clearly money is more important to this company",1.0,2.5,1,0,1,0,0,4.34,,4.51,,,-0.49,,en,2.5
1166,1167,Excellent Service clothes come back packaged and folded and smelling clean,7.0,6.5,1,1,1,1,1,4.63,6.18,5.53,7.74,6.92,-0.5,,en,6.5
1167,1168,Missing items,4.5,4.5,1,0,0,0,0,2.16,,,,,-0.51,,en,4.5
1168,1169,which decent drycleaner return cashmere wool clothes in hangers?,5.0,6.0,1,1,1,0,0,3.53,7.28,4.62,,,-0.51,,en,6.0
1169,1170,very bad experience 😕,1.0,1.0,0,0,0,0,0,,,,,,-0.5,,en,1.0
1170,1171,"Suite à une panne de machine à laver !\nC'était ma première fois avec la société anglaise Laundryheap.\n\nTout s'est déroulé sans problème, le service était rapide, les livreurs courtois et la prestation (Laver + Sécher + Dans un sac) était de qualité confor",5.0,5.0,1,0,0,0,0,4.66,,,,,-0.5,,fr,5.0
1171,1172,Disappointed once again that the order was not completed on the scheduled date. Why offer a scheduled date if you are unable to complete the order in time? It is always more inconvenient for your customers when you are unable to perform your only job.,2.0,4.0,0,0,1,0,1,,,4.13,,4.87,-0.5,,en,4.0
1172,1173,All my shirts were dyed blue,4.5,3.5,1,0,0,0,0,2.87,,,,,-0.49,,en,3.5
1173,1174,was overcharged a whole extra load due to a 1kg overweight. will never recommend to family/friends and will ask them to avoid this service at all times.,1.0,3.5,0,0,1,0,0,,,4.47,,,-0.5,,en,3.5
1174,1175,My order arrived 24 hours late. The help chat took 12 hours to respond to my query when the delivery was not made.,4.0,3.5,0,0,0,0,1,,,,,3.7,-0.49,,en,3.5
1175,1176,"missing item, my top ",4.0,5.5,0,0,0,0,0,,,,,,-0.51,,en,5.5
1176,1177,Good,7.0,8.0,0,0,0,0,0,,,,,,-0.5,,en,8.0
1177,1178,in a bag of sheets and pillow cases one pillow case appears not to be washed but also more dirty than when i sent it to get washed,5.0,4.0,1,1,0,0,0,3.73,4.92,,,,-0.49,,en,4.0
1178,1179,all went well,7.0,6.5,0,0,0,0,0,,,,,,-0.49,,en,6.5
1179,1180,I was supposed to get a 50% discount but got none. Same thing happened last time. Horrible service and last time i am using ur app.,1.0,3.0,0,0,1,0,0,,,4.51,,,-0.5,,en,3.0
1180,1181,Original suit cover and hangers have not been returned,4.0,3.5,1,0,1,0,0,2.69,,3.33,,,-0.52,,en,3.5
1181,1182,i am very sutusfied with my order 8009202 very well washed and properly ironed thank you very much,6.5,5.5,1,1,1,0,0,3.89,5.75,5.59,,,-0.5,,en,5.5
1182,1183,très bien,6.0,6.0,0,0,0,0,0,,,,,,-0.49,,en,6.0
1183,1184,Good prompt service with excellent communication.,8.0,7.5,0,0,0,1,1,,,,6.64,7.0,-0.5,,en,7.5
1184,1185,Great service and polite driver,7.0,7.5,0,0,0,1,1,,,,7.72,6.34,-0.5,,en,7.5
1185,1186,"mostly good, but we did lose a pink ralph lauren sock, and were sent a brown sock that was not ours! so thats not great. ",4.0,4.0,1,1,0,0,1,4.13,5.52,,,5.59,-0.5,,en,4.0
1186,1187,Very quick service and great value,7.5,6.5,0,0,0,1,1,,,,6.58,6.5,-0.51,,en,6.5
1187,1188,great service. easy to use.,7.5,7.5,0,0,0,1,1,,,,6.46,7.06,-0.51,,en,7.5
1188,1189,4 items with stains that were not present before!,5.0,4.5,1,1,0,0,0,4.07,4.3,,,,-0.49,,en,4.5
1189,1190,"Laundry delivered well within the alloted timescale, professionally and courteously. ",5.0,7.0,1,1,1,0,1,4.74,5.88,5.43,,6.34,-0.51,,en,7.0
1190,1191,vweh good,8.0,7.5,0,0,0,0,0,,,,,,-0.5,,en,7.5
1191,1192,driver was great!,9.0,7.5,0,0,0,1,0,,,,9.0,,-0.49,,af,7.5
1192,1193,"your service is great - but you seriously need to come up with a better approach to hangers, its insanly wasteful ",5.5,5.5,1,0,1,0,0,4.23,,4.89,,,-0.5,,en,5.5
1193,1194,"Hello\nI am happy with the qualitity of the service in general. The communication and response did fall short. Asked for a quote.. not given, and was charged almost the same price for the lightweight throw, as for the bedlinen. will email not enough letter",6.5,4.0,1,0,1,0,0,4.27,,4.14,,,-0.5,,en,4.0
1194,1195,les rideaux sont revenus aussi tachés qu’a l’envoi. je ne comprends pas comment vous facturez autant pour un service aussi moyen.,4.5,5.0,0,0,0,0,0,,,,,,-0.52,,fr,5.0
1195,1196,"A lot of my clothes were shrunk 
 Im so disappointed as i was so hopeful of this service",2.0,3.0,1,0,1,0,0,3.35,,4.53,,,-0.51,,en,3.0
1196,1197,Thank you,5.0,5.0,0,0,0,0,0,,,,,,-0.49,,en,5.0
1197,1198,"First delivey was very late, had to reschedule to several days later",4.5,4.5,0,0,0,0,1,,,,,4.88,-0.5,,en,4.5
1198,1199,fantastic in all respects!,6.0,7.5,0,0,0,0,0,,,,,,-0.52,,en,7.5
1199,1200,"drivers fab but actual laundru not great? its still damp, stained,every item has a paper safety pinned to it so ive just had to sit going through them all, it also came back wrapped in plastic which never happened with Oxwash (the company you were before)",4.5,4.5,1,1,0,1,1,4.8,5.56,,7.1,5.87,-0.49,,en,4.5
1200,1201,great service and delivery,8.5,8.0,0,0,0,1,1,,,,7.06,6.36,-0.51,,en,8.0
1201,1202,very bad in customer service as well picking up orders between the times of pick.\ngot no comment on why they where late and comparison for it very bad offer will not be using this company again if they paid me,1.0,3.0,1,0,1,1,1,5.01,,4.42,5.53,5.93,-0.51,,en,3.0
1202,1203,very annoyed about the pricing.  service was fine,4.0,5.0,0,0,1,0,1,,,4.75,,5.44,-0.5,,en,5.0
1203,1204,chauffeurs hyper pro,6.0,5.5,0,0,0,1,0,,,,6.67,,-0.51,,fr,5.5
1204,1205,bonne expérience merci,4.0,5.5,0,0,0,0,0,,,,,,-0.49,,fr,5.5
1205,1206,excellent,9.0,9.0,0,0,0,0,0,,,,,,-0.5,,en,9.0
1206,1207,Another great wash. Thank you.,8.0,7.0,1,0,0,0,0,5.16,,,,,-0.51,,en,7.0
1207,1208,it was the worst experience ever from a laundry service.\n\nWe received our order 5 days later than scheduled.\n\nthe clothes was not properly treated as it was clearly washes and not dry cleaned. some of the fabric has been burned due to it being ironed,1.0,3.0,1,1,1,0,1,3.82,5.69,4.59,,5.68,-0.5,,en,3.0
1208,1209,Smooth pick up and drop off,6.0,6.5,0,0,0,0,1,,,,,6.65,-0.5,,en,6.5
1209,1210,Washing is accetable. Ironing and folding is terrible.,3.0,3.5,1,0,0,0,0,3.23,,,,,-0.5,,en,3.5
1210,1211,Driver was polite and informative.,5.5,7.5,0,0,0,1,1,,,,7.81,6.97,-0.49,,en,7.5
1211,1212,Clothes not cleaned properly. Complaint raised.,4.0,3.5,1,1,1,0,0,3.97,4.81,3.3,,,-0.5,,en,3.5
1212,1213,top,7.0,7.0,0,0,0,0,0,,,,,,-0.5,,en,7.0
1213,1214,"where's my laundry, i didn't receive it, but shows received. it wasn't delivered ",2.0,4.5,1,1,1,0,0,3.38,4.8,4.23,,,-0.49,,en,4.5
1214,1215,"For our first experience it was solid, wasnt my best wash and fold experience ever. There was no detergent option, so im not even sure if any was used. our clothes don’t have that “clean laundry” smell. The fold job was also meh, everything inside out",6.0,5.5,1,1,0,0,0,4.16,7.2,,,,-0.49,,en,5.5
1215,1216,Friendly driver!,8.0,6.0,0,0,0,1,0,,,,7.6,,-0.49,,da,6.0
1216,1217,"hello, one of the shirts came back with a black mark on the collar which wasnt there befor ",4.0,4.5,1,0,1,0,0,3.26,,4.49,,,-0.5,,en,4.5
1217,1218,i pay 236 dollars for wash and iron and the way its returned is appalling. the shirts are crunbled and the trousers are not even iron folded,1.0,2.5,1,1,1,0,0,3.5,5.23,4.17,,,-0.49,,en,2.5
1218,1219,seamless,5.5,6.0,0,0,0,0,0,,,,,,-0.51,,en,6.0
1219,1220,everything is beyond wrinkly since you jusy throw it all in a bag together.,6.0,4.5,1,1,0,0,0,2.0,5.66,,,,-0.49,,en,4.5
1220,1221,"very good service, everything perfect. Fast, easy and very good communication. thank you so much!",8.0,7.5,0,0,1,1,1,,,5.2,6.63,5.29,-0.5,,en,7.5
1221,1222,"Very disappointed that I had to complain (again) just to receive my order as scheduled. I received email tracking link when driver was out for delivery, then 30 minutes later I received email that my order would be a day late! ",3.0,4.0,0,0,1,1,1,,,4.83,6.76,4.32,-0.49,,en,4.0
1222,1223,💜,7.0,7.0,0,0,0,0,0,,,,,,-0.51,,en,7.0
1223,1224,service wise it was prompt. only thing I didnt appreciate was that customer service told me that the stuff I am giving comes under the blanket category. whereas you charged me for a duvet when this is not a duvet. its a blanket from India called the dohar,6.5,5.5,1,0,1,1,1,5.19,,4.89,6.45,5.93,-0.48,,en,5.5
1224,1225,"Anthony Parker is my most frequent delivery person. He is excellent. Communicates ahead of time, always on time, takes great care of the order and is friendly to my dog, who loves him. ",6.0,6.5,0,0,0,0,1,,,,,5.34,-0.49,,en,6.5
1225,1226,"I did not receive anything from your team today so i dont know why the system is telling us that. Could this have been the order from earlier in the week? Also, why is there an additional charge when I prebought a cleaning package? ",5.5,4.0,1,0,1,0,0,5.72,,4.65,,,-0.5,,en,4.0
1226,1227,driver was in a reallt handy time and very kind and professional,6.0,7.0,0,0,0,1,1,,,,7.36,6.03,-0.48,,en,7.0
1227,1228,3 days delayed,4.0,4.0,0,0,0,0,1,,,,,3.01,-0.49,,en,4.0
1228,1229,friendly and on time,7.0,6.5,0,0,0,1,1,,,,7.45,6.63,-0.51,,en,6.5
1229,1230,Thanks,6.0,6.5,0,0,0,0,0,,,,,,-0.51,,en,6.5
1230,1231,Great - fast and professional,5.5,7.5,0,0,0,1,1,,,,7.16,6.96,-0.5,,en,7.5
1231,1232,One trousers still have a stain.,5.0,4.5,1,1,0,0,0,3.14,4.69,,,,-0.49,,en,4.5
1232,1233,"I had my duvet inner cleaned and it came back perfect and looking brand new, well looked after and returned in great packaging ",8.0,5.5,1,1,0,0,0,4.22,4.66,,,,-0.5,,en,5.5
1233,1234,the delivery driver was super nice!,7.0,8.0,0,0,0,1,1,,,,8.36,5.05,-0.5,,en,8.0
1234,1235,yes good service indeed,7.5,9.0,0,0,0,1,1,,,,6.66,6.42,-0.51,,en,9.0
1235,1236,No order delivered today. Again your IT and comms have got it wrong by asking fir feedback on today's delivery when there hasn't been one. Laundry service is fine but you need to look at your IT and the communications it sends out,4.5,5.0,1,1,1,0,1,4.3,4.86,4.5,,3.82,-0.49,,en,5.0
1236,1237,you've got my sons nike tracksuit bottoms,4.5,5.5,0,0,0,0,0,,,,,,-0.49,,af,5.5
1237,1238,As good as I remember! Thank you for prompt & good quality service!,9.0,7.0,0,0,0,1,1,,,,6.61,6.11,-0.51,,en,7.0
1238,1239,horrible delivery…driver did not read instructions to buzz and bring to apartment door and instead left the clothese in the lobby. that is completely unacceptable!,1.0,3.0,1,1,1,1,1,4.4,4.71,4.52,5.8,4.84,-0.49,,en,3.0
1239,1240,Really convenient service. Smooth process with good communication and a good tracking function to show how close the driver is.,6.5,6.0,0,0,0,1,1,,,,7.32,6.6,-0.5,,en,6.0
1240,1241,the clothes didn’t smell fresh. Some items were still damp and i am certain that some were not washed due to smell. i wasnt very impressed with the service and considering the charge I would have expected better.,4.5,5.0,1,1,1,0,1,4.53,6.03,5.39,,5.88,-0.49,,en,5.0
1241,1242,"for the cost of this, the delivery was far too slow\ndriver did not turn up on correct day\nwhen he did turn up, he was earlier than notification said and no one was  in\n\njust not worth the price paid",5.0,4.5,0,0,0,1,1,,,,6.39,5.38,-0.49,,en,4.5
1242,1243,Awesome!,8.5,8.0,0,0,0,0,0,,,,,,-0.49,,en,8.0
1243,1244,"Great, efficient service!",9.0,7.5,0,0,0,1,1,,,,6.94,6.84,-0.5,,en,7.5
1244,1245,on time and very professional,5.5,7.5,0,0,0,1,1,,,,7.64,6.77,-0.5,,en,7.5
1245,1246,nickel,4.0,6.0,0,0,0,0,0,,,,,,-0.53,,en,6.0
1246,1247,"Didn't get my discount for shop50 percent off.
 Please recify",4.0,4.0,0,0,1,0,0,,,4.49,,,-0.5,,en,4.0
1247,1248,good,8.0,8.0,0,0,0,0,0,,,,,,-0.5,,en,8.0
1248,1249,"laundry was great, but unfortunately it was 2 hours after the delivery window.",6.0,6.0,1,1,0,0,1,4.26,5.83,,,4.97,-0.5,,en,6.0
1249,1250,"Le manteau n’a été nettoyé qu’à l’exterieur, l’interieur sent toujours la transpiration",4.0,4.5,0,0,0,0,0,,,,,,-0.51,,fr,4.5
1250,1251,dispite all the problems yesterday when delivery should have been made.was delivered today with time window.However this experience with was not good having been good in the past.,4.0,4.5,1,0,1,0,1,4.41,,4.74,,4.27,-0.5,,en,4.5
1251,1252,Another outstanding experience!,8.0,8.0,0,0,0,0,0,,,,,,-0.49,,en,8.0
1252,1253,"the driver arrived outside our house, however it took a further 10 minutes for him to deliver our items back as he was on the phone. ",4.5,5.0,0,0,0,1,1,,,,7.39,3.95,-0.48,,en,5.0
1253,1254,great time keeping !,8.5,8.0,0,0,0,0,0,,,,,,-0.53,,et,8.0
1254,1255,never received,4.5,5.0,0,0,0,0,0,,,,,,-0.5,,en,5.0
1255,1256,The ironing wasnt up to the usual standard when they were delivered…,5.0,3.5,1,1,1,0,0,3.54,4.68,4.55,,,-0.5,,en,3.5
1256,1257,great service.  duvet looks new again.,6.0,7.0,1,0,1,0,0,4.72,,5.12,,,-0.5,,en,7.0
1257,1258,Hi you have dropped off my clothes that were went for ironing but not the bedding that was sent for washing and ironing,4.5,4.5,1,1,1,0,0,2.57,5.53,4.54,,,-0.5,,en,4.5
1258,1259,great service!,8.5,8.5,0,0,0,1,0,,,,6.6,,-0.5,,en,8.5
1259,1260,drive brought me 2 loads of laundry that are not mine,4.5,5.0,1,1,0,0,0,3.03,4.51,,,,-0.48,,en,5.0
1260,1261,great!,8.0,8.5,0,0,0,0,0,,,,,,-0.5,,en,8.5
1261,1262,parfait,5.5,5.0,0,0,0,0,0,,,,,,-0.53,,en,5.0
1262,1263,i am unhappy with you putting my clothes on wired hangers instead of plastics hangers as ive requested\notherwise the cleaning and delivery done was very good\nespecially the driver was very polite and friendly,5.0,4.5,1,1,1,1,1,4.82,5.09,4.37,6.27,5.48,-0.51,,en,4.5
1263,1264,Excellent... All clothes in good order,8.5,7.0,1,1,1,1,1,4.5,6.08,5.81,6.82,5.21,-0.5,,en,7.0
1264,1265,"I’m very disappointed for the delivery service. I had waited for the driver for 4 hours and suddenly received a notice of time adjustment after the delivery time, which made me so much trouble and some economic losses as well. I won’t use this again.",1.0,3.5,0,0,0,1,1,,,,5.48,5.18,-0.5,,en,3.5
1265,1266,ok,7.0,6.5,0,0,0,0,0,,,,,,-0.5,,en,6.5
1266,1267,so easy and convenient. very professional,6.5,7.0,0,0,0,1,0,,,,7.49,,-0.48,,en,7.0
1267,1268,my suitcase is missing and i am flying out of new york in 8 hrs,6.0,5.0,0,0,0,0,0,,,,,,-0.5,,en,5.0
1268,1269,"perfect, thank you.",8.5,8.0,0,0,0,0,0,,,,,,-0.5,,en,8.0
1269,1270,excellent,9.0,9.0,0,0,0,0,0,,,,,,-0.5,,en,9.0
1270,1271,my clothes are all shrunk.,5.0,4.0,1,0,0,0,0,1.0,,,,,-0.5,,en,4.0
1271,1272,"Professional service, very prompt and friendly drivers. Would definitely recommend.",6.0,6.0,0,0,0,1,1,,,,7.43,7.04,-0.48,,en,6.0
1272,1273,very easy to organise and efficient service,6.0,6.5,0,0,0,1,1,,,,6.56,7.3,-0.51,,en,6.5
1273,1274,good,7.0,8.0,0,0,0,0,0,,,,,,-0.5,,en,8.0
1274,1275,reasonable price for superb quality,7.5,7.0,0,0,0,0,0,,,,,,-0.5,,en,7.0
1275,1276,One of the packages had been packaged prematurely and had some condensation.,6.0,5.5,0,1,0,0,0,,3.79,,,,-0.5,,en,5.5
1276,1277,no. men shirts have been labeled as blouse and charged much more! the collection person arrived 2h earlier and disturbed by work meeting!,3.0,4.5,1,0,0,0,0,2.65,,,,,-0.5,,en,4.5
1277,1278,on time diligent delivery,6.0,5.0,0,0,0,0,1,,,,,5.62,-0.5,,da,5.0
1278,1279,very polire,6.0,5.0,0,0,0,0,0,,,,,,-0.5,,en,5.0
1279,1280,"laundry came on time and was perfect, also neatly folded which was a lovely touch! ",8.0,7.5,1,1,0,0,1,4.65,6.49,,,5.67,-0.5,,en,7.5
1280,1281,"Overcharged double! but great experience otherwise, great drivers, service quality and speed",6.5,5.5,0,0,0,1,1,,,,7.9,6.03,-0.5,,en,5.5
1281,1282,amazing. coat is like new!,7.0,7.0,1,0,0,0,0,4.93,,,,,-0.5,,en,7.0
1282,1283,Excellent service as usual. Thank you,7.0,7.0,0,0,1,1,1,,,5.02,6.53,5.55,-0.5,,en,7.0
1283,1284,"very bad service, worst service i have ever had in my life, they took more money from me, added items wrongly, didnt deliver on bext day, damaged dress, very expensive prices than other laundries.",1.0,3.5,1,1,1,0,1,4.52,5.65,4.5,,6.2,-0.51,,en,3.5
1284,1285,Toute ma commande ne m’a pas ete livrée. Il manque un costume 2 pièces + 1 pantalon,5.0,5.5,0,0,0,0,0,,,,,,-0.51,,fr,5.5
1285,1286,Great service- super efficient and friendly - would recommend. My only auggestion for improvement would be to offer a reduced packaged option with just one plastic aheet over the whole order or even paper to make it more green?,6.5,6.5,0,0,1,0,0,,,5.27,,,-0.49,,en,6.5
1286,1287,"pick up and delivery was efficient, and help support quickly responded to help me fix my delivery date. my only complaint is that my jackets were charged higher than what theyre supposed to be (eg. a blazer charged as a thick wool jacket)",5.0,5.0,1,0,1,1,1,4.95,,5.73,7.36,5.37,-0.51,,en,5.0
1287,1288,Duvet cover is missing!,3.0,3.5,1,0,0,0,0,1.51,,,,,-0.51,,nl,3.5
1288,1289,great!,9.0,8.5,0,0,0,0,0,,,,,,-0.5,,en,8.5
1289,1290,Dry clean of coat and wash + iron of trousers not completed to standard,4.5,4.5,1,0,1,0,0,4.06,,3.56,,,-0.5,,en,4.5
1290,1291,amazing,7.0,7.0,0,0,0,0,0,,,,,,-0.51,,en,7.0
1291,1292,excellent,9.0,9.0,0,0,0,0,0,,,,,,-0.5,,en,9.0
1292,1293,Fast and very nice driver,7.0,7.0,0,0,0,1,1,,,,7.8,6.52,-0.49,,en,7.0
1293,1294,Too expensive compared ro other services,4.5,4.0,0,0,0,0,0,,,,,,-0.5,,en,4.0
1294,1295,Multiple of my items are damaged,4.0,4.0,1,0,0,0,0,2.86,,,,,-0.51,,en,4.0
1295,1296,the bottom half of one of the garments (a dress) was completely wrinkled to an unacceptable degree. I do not swnd my clothes to a launfry professional just to receive them looking like I pulled them out of a trash can.,5.5,3.5,1,1,1,0,0,3.45,5.7,4.1,,,-0.49,,en,3.5
1296,1297,"i asked for sheets to be ironed, they were retuened without iron. i raised complain via email and no resposnse yet ",4.0,4.0,1,0,1,0,0,3.16,,4.13,,,-0.5,,en,4.0
1297,1298,slight stains on shirt came back worse than thdh was sent,4.5,4.0,1,1,1,0,0,3.65,4.41,4.99,,,-0.49,,en,4.0
1298,1299,"Bonjour,\nIl s’agissait de la premiere commande avec Laydryheap : 1 chemise et 1 costume au pressing.\nLe coursier n’est pas venu recupérer les vêtements à la date initialement prévue. La chemise présente des tâches étranges… ",5.0,5.0,1,0,0,0,0,3.24,,,,,-0.5,,fr,5.0
1299,1300,good service and fast delivery,6.5,7.5,0,0,0,1,1,,,,6.98,6.53,-0.51,,en,7.5
1300,1301,Amazing! thanks so much,7.0,6.0,0,0,0,0,0,,,,,,-0.51,,en,6.0
1301,1302,"always a good service, not had a fault to date! comes back clean and stain free. picked up and delivered when i want.",7.0,5.5,1,0,1,1,1,5.44,,4.76,6.96,5.86,-0.49,,en,5.5
1302,1303,recyclage/récupération des cintres.,5.0,4.5,0,0,0,0,0,,,,,,-0.5,,fr,4.5
1303,1304,unfortunately the items that were dry cleaned have arrived back wet. The silk blouse is very badly ironed & i will abe to iron it myself. Dissapointed,3.0,4.5,1,1,1,0,0,4.01,6.11,5.03,,,-0.5,,en,4.5
1304,1305,emma was great as usual,7.0,8.0,0,0,0,0,0,,,,,,-0.51,,en,8.0
1305,1306,"if an item is going to be costed at a different price versus what it was booked in at, please notify the customer so we can make a decision. i was not happy to be charged £28 for a dress. if this was the price, it should have been notified to me",4.0,4.5,1,0,1,0,0,4.47,,4.68,,,-0.51,,en,4.5
1306,1307,"Fast and efficient laundry service, my clothes were impeccable!",6.0,6.5,1,1,1,1,1,4.72,6.01,5.3,7.04,6.59,-0.51,,en,6.5
1307,1308,service efficace,5.0,5.5,0,0,0,0,0,,,,,,-0.51,,en,5.5
1308,1309,great experience,8.0,7.5,0,0,0,0,0,,,,,,-0.48,,ro,7.5
1309,1310,amazing as always,7.5,8.0,0,0,0,0,0,,,,,,-0.51,,tl,8.0
1310,1311,everything was fine,7.5,7.0,0,0,0,0,0,,,,,,-0.5,,en,7.0
1311,1312,Prompt delivery and collection,5.0,5.5,0,0,1,0,1,,,5.32,,4.75,-0.5,,en,5.5
1312,1313,clothing doesnt seem very clean (still visibly dirty),5.0,4.5,1,1,1,0,0,3.98,5.62,4.8,,,-0.5,,en,4.5
1313,1314,ive requested for the shirts to be folded but none of them were folded. disappointed,2.0,3.5,1,1,0,0,0,2.07,5.51,,,,-0.49,,en,3.5
1314,1315,good,7.0,8.0,0,0,0,0,0,,,,,,-0.5,,en,8.0
1315,1316,Happy with service. thanks!,7.0,7.5,0,0,0,1,1,,,,6.66,5.48,-0.5,,en,7.5
1316,1317,bonjour \nj’avais indique lors de ma\nprise de commande que je voulais aue les chemises soient pliees \nune fois encore elles m’ont ete livrees sur cintre !\nexasperant,5.5,6.0,0,0,0,0,0,,,,,,-0.5,,fr,6.0
1317,1318,your service is as good as my 1st ecperience. thank you🙏🏼,8.0,7.0,0,0,1,1,1,,,5.43,6.41,6.27,-0.51,,en,7.0
1318,1319,It was so nice service :D Thanks!,6.0,7.0,0,0,0,1,1,,,,7.53,5.6,-0.5,,en,7.0
1319,1320,not to sure why the delivery  was changed a few times but was always informed of the changes!? as always great service,5.0,5.5,0,0,1,0,1,,,4.75,,4.21,-0.5,,en,5.5
1320,1321,i didnt receive my order,5.0,4.5,0,0,1,0,0,,,4.52,,,-0.5,,da,4.5
1321,1322,A highly reliable service. It receives my laundry and delivers my laundry in a timely manner. The time frame Laundry Heap uses is excellent for those on a tight schedule.,7.0,5.5,1,1,0,0,1,4.35,6.42,,,6.54,-0.49,,en,5.5
1322,1323,"Supposed to be 24 hours, but didn’t deliver. Clothes were not folded properly.",4.5,4.0,1,1,1,0,1,3.5,5.22,4.93,,3.61,-0.5,,en,4.0
1323,1324,Recd the Laundry. well done,5.0,5.5,1,1,0,0,0,3.73,6.37,,,,-0.5,,en,5.5
1324,1325,"Some of the washing was still damp and it was not folded at all, we spent a lot of time sorting it when it was receieved which defeats the object of using this service. We will try again but if we have the same problem we wont use laundry heap in future",4.0,4.5,1,1,0,0,0,3.28,5.86,,,,-0.48,,en,4.5
1325,1326,i mean it was delivered intact and clean so good enough for me,7.0,5.5,1,1,1,0,0,5.07,4.43,5.29,,,-0.5,,en,5.5
1326,1327,5/5 really great delivery guy,8.5,6.5,0,0,0,0,1,,,,,5.47,-0.5,,en,6.5
1327,1328,"we sent out, and paid for, 2 services yet only 1 bag was washed. ",5.0,4.0,1,1,1,0,0,4.42,3.93,4.38,,,-0.5,,en,4.0
1328,1329,really impressed,9.0,7.0,0,0,0,0,0,,,,,,-0.49,,en,7.0
1329,1330,good service as always,8.0,8.0,0,0,0,1,1,,,,6.46,5.85,-0.5,,en,8.0
1330,1331,I am happy with the service but i have noticed a few times that the clothes come back with a bit of a weird and unpleasant smell.,5.0,5.0,1,1,1,0,0,4.34,5.42,4.45,,,-0.49,,en,5.0
1331,1332,excellent as always,9.0,8.5,0,0,0,0,0,,,,,,-0.51,,en,8.5
1332,1333,"Swift, professional, simple!",6.0,5.5,0,0,0,0,0,,,,,,-0.51,,en,5.5
1333,1334,The delivery personnel was supposed to collect the items from the reception as stated in my order but he kept calling me and asked me to bring it down to the entrance of hotel. I was not in my room so I couldn't meet him and he left without collecting my,5.5,4.5,1,0,1,0,1,5.01,,4.38,,3.87,-0.5,,en,4.5
1334,1335,i havent unpacked yet. But pickup and delivery were great,8.5,6.5,0,0,0,0,1,,,,,4.63,-0.5,,en,6.5
1335,1336,excellent,9.0,9.0,0,0,0,0,0,,,,,,-0.5,,en,9.0
1336,1337,overall good service - would recommend any items which arent totally dry are packed separately to the dry items when being dropped off,6.5,6.0,1,1,0,0,1,5.09,5.64,,,5.89,-0.5,,en,6.0
1337,1338,love them,7.5,6.5,0,0,0,0,0,,,,,,-0.5,,en,6.5
1338,1339,"easy to use and good service, except I gave a reusable bag to put my duvet in and it didnt come back in it, only plastic, so I’m now down a bag",6.0,6.5,1,0,0,0,0,4.25,,,,,-0.49,,en,6.5
1339,1340,very good,9.0,8.5,0,0,0,0,0,,,,,,-0.5,,en,8.5
1340,1341,Fast and reliable service.,5.0,6.5,0,0,0,1,1,,,,6.74,6.71,-0.51,,en,6.5
1341,1342,Delivery man was very friendly and delivered in the pouring rain.,7.0,6.0,0,0,0,1,1,,,,6.76,5.18,-0.5,,en,6.0
1342,1343,"all seem on except one stain in a cardigan, but happy with everything else.",8.0,5.0,1,0,0,0,0,3.61,,,,,-0.5,,en,5.0
1343,1344,perfect and before the planned time. great,9.0,8.0,0,0,0,0,1,,,,,5.55,-0.51,,en,8.0
1344,1345,I sent you one pair of trousers and three shirts. You charged me for three shirts and TWO pair of trousers and then i also received a pair of beige chinos which are not mine??,4.5,4.5,1,0,1,0,0,2.88,,4.73,,,-0.51,,en,4.5
1345,1346,My itemized bill is wrong - i am being charged for services i didnt ask for and items that are wrongly tagged,3.0,4.0,1,0,1,0,0,4.6,,3.55,,,-0.49,,en,4.0
1346,1347,always happy,8.0,7.5,0,0,0,0,0,,,,,,-0.51,,en,7.5
1347,1348,great service!,8.5,8.5,0,0,0,1,0,,,,6.6,,-0.5,,en,8.5
1348,1349,your customer service staff need better training,5.0,4.5,0,0,0,0,0,,,,,,-0.5,,en,4.5
1349,1350,i have missing scarft and the packaging seem like crumble,5.0,3.5,0,0,0,0,0,,,,,,-0.49,,en,3.5
1350,1351,excellent service,9.0,8.5,0,0,0,1,1,,,,6.03,6.07,-0.51,,fr,8.5
1351,1352,tres mauvais ! le coussin est revenu toujours aussi sale et sentait toujours le pipi de chat…! le but c’est de laver ce qu’on vous envoie normalement je crois ? je voudrais être remboursé,5.0,4.0,0,0,0,0,0,,,,,,-0.5,,fr,4.0
1352,1353,"Great service, pick-up and drop-off were very smooth and am happy with the duvet cleaning! Thank you!",8.0,6.5,1,1,1,1,1,5.05,5.85,5.46,7.28,5.53,-0.5,,en,6.5
1353,1354,Laundryheap are very professional and are a brilliant service! We are very pleased. Will continue to use Laundryheap! Thank you!,8.0,5.5,1,1,1,0,0,4.45,6.19,4.79,,,-0.5,,en,5.5
1354,1355,"clothes were clean but socks were still dirty, not smelly but still stained and dirty and i know for a fact they would be fine at my home wash.",5.0,5.0,1,1,0,0,0,4.5,6.14,,,,-0.5,,en,5.0
1355,1356,Order was delivered one day too late which I don’t find acceptable.,4.5,4.5,0,0,1,0,1,,,4.72,,3.67,-0.51,,en,4.5
1356,1357,delay in delivery was not communicated promptly,5.0,5.0,0,0,1,0,1,,,4.77,,3.8,-0.49,,en,5.0
1357,1358,"Clothes smell like nothing should be nice and fresh smelling, missing a bunch of items like socks and T-shirts, used this service one year ago and it was good now its trash",2.0,3.0,1,1,1,0,0,4.01,5.11,4.17,,,-0.49,,en,3.0
1358,1359,Reliable & Deliver as promised.,5.0,6.0,0,0,0,1,1,,,,8.16,6.78,-0.5,,en,6.0
1359,1360,A good service!,9.0,8.0,0,0,0,1,1,,,,6.38,6.46,-0.51,,en,8.0
1360,1361,❤️,7.0,7.0,0,0,0,0,0,,,,,,-0.51,,en,7.0
1361,1362,j’ai récemment remarqué sur les dernieres commandes que les habits étaient imprégnés d’une odeur d’adoucissant qui est tres agréable! Ça vous permet clairement de vous differencier des concurrents! À continuer!,5.0,6.0,0,0,0,0,0,,,,,,-0.51,,fr,6.0
1362,1363,Ridiculous. Set out 4 bags with 4 people's clothes. Came back as 1 giant bag with everyone's clothes mixed together and stole my 4 bags I set it out with. So now we are spending time sorting through everything and I don't have bags to put laundry out now.,1.0,4.0,1,1,0,0,0,2.55,5.36,,,,-0.5,,en,4.0
1363,1364,"ive been charged £15,90 more because my clothes are 3 kilos more. \nmy package was 5 kilos not even 6. \nthis is ridiculous ans you overcharge without to let me know or to prove tbatvyiu are correct.\nTerrible ",2.5,3.5,0,0,1,0,0,,,4.29,,,-0.5,,en,3.5
1364,1365,wrong order delivered not my clothes,3.0,4.0,1,1,1,0,0,2.65,4.65,4.46,,,-0.5,,en,4.0
1365,1366,Quick turn around and excellent service. Thanks,7.0,7.5,0,0,0,1,1,,,,6.91,6.46,-0.5,,en,7.5
1366,1367,Superb!,9.0,8.0,0,0,0,0,0,,,,,,-0.51,,en,8.0
1367,1368,very good service. polite drivers and I value the service as I am finding it difficult to do heavy laundry,5.0,6.5,1,0,0,1,1,5.18,,,6.93,6.56,-0.48,,en,6.5
1368,1369,Most of the laundry is still wet (except from the 3 wash and iron shirts ans the pants). The last times the service was good but this time I must say I’m disappointed.,4.0,4.5,1,1,1,0,1,4.64,5.36,5.11,,5.32,-0.49,,en,4.5
1369,1370,I booked a collection and return for 7pm to 10pm. Collection arrived at 5pm and the return arrived at 6pm. I wasnt home on both occasions so my wife needed to interrupt her work to attend to the doorbell.,5.0,4.5,0,0,0,0,1,,,,,4.55,-0.49,,en,4.5
1370,1371,i am extremely disappointed in the service provided by the company. they have cheated me out of my money by selling me a prepaid pack of tshirts without describing properly that it does not include polo tshirts even though the price is same.,2.0,3.0,1,0,1,0,0,3.58,,4.83,,,-0.49,,en,3.0
1371,1372,perfect,9.0,8.5,0,0,0,0,0,,,,,,-0.51,,en,8.5
1372,1373,one lost sock,5.0,4.5,0,0,0,0,0,,,,,,-0.5,,en,4.5
1373,1374,i didn't receive the laundry,5.0,4.0,1,1,1,0,0,3.1,4.85,4.15,,,-0.5,,en,4.0
1374,1375,My laundry has not been delivered however I received a message saying the driver did deliver,4.0,5.0,1,1,1,0,1,3.7,4.48,4.49,,3.35,-0.49,,en,5.0
1375,1376,"The driver left my bag at the door of the building without calling or handing my things over to me. I had to go through a quest to find them. I also saw how other residents of my building faced this problem, and the driver was rude to them. Horror",3.5,3.0,0,0,0,1,0,,,,6.78,,-0.49,,en,3.0
1376,1377,"all good, except the pillows are still wet! Feathered pillows need longer in the dryer, so ill need to dry them further unfortunately.",6.0,5.5,1,0,0,0,0,3.41,,,,,-0.5,,en,5.5
1377,1378,my laundry was dropped off at the wrong building,4.5,3.5,1,1,1,0,0,3.72,4.83,3.75,,,-0.5,,en,3.5
1378,1379,very satisfied,8.0,7.0,0,0,0,0,0,,,,,,-0.48,,en,7.0
1379,1380,great job,8.0,8.0,0,0,0,0,0,,,,,,-0.49,,en,8.0
1380,1381,"Hi - i dont understand. parts of my laundry are just piled into a bag completely unfolded, fheyre covered in wrinkles. what is this mess? the service doesnt include folding?",1.5,3.5,1,1,1,0,0,3.28,5.53,3.05,,,-0.5,,en,3.5
1381,1382,he followed all the steps that I had left in place and he was very courteous,6.0,6.5,0,0,0,1,1,,,,7.39,5.37,-0.5,,en,6.5
1382,1383,overcharged,4.0,3.5,0,0,0,0,0,,,,,,-0.5,,en,3.5
1383,1384,I receiced the wrong item & nobody is replying to my complaint.,3.0,3.5,0,0,1,0,0,,,4.25,,,-0.51,,en,3.5
1384,1385,perfect and super fast!,7.0,7.5,0,0,0,0,1,,,,,5.65,-0.52,,en,7.5
1385,1386,"TERRIBLE. Wrong address AGAIN, by a miracle I happened to be in the area.Still w",1.0,3.0,0,0,0,0,0,,,,,,-0.5,,en,3.0
1386,1387,there are no pillows,4.0,4.0,0,0,0,0,0,,,,,,-0.5,,en,4.0
1387,1388,Two silk blouses that were asked to be dry cleaned were washed and tumbled instead and came back wrinkly. The driver came 11pm.,5.5,3.5,1,1,1,0,0,3.2,4.78,4.46,,,-0.49,,en,3.5
1388,1389,brilliant service as always.,8.0,7.0,0,0,0,0,0,,,,,,-0.5,,en,7.0
1389,1390,Bad experience of delivery not fulfilled on time (ie supposed to be 2 Jan) and was only notified past the delivery time after I had took leave and waited whole afternoon to evening. Had a hard time trying to seek help. Service recovery not done.,4.0,3.0,0,0,1,0,1,,,4.41,,5.21,-0.5,,en,3.0
1390,1391,it’s ridiculous to close a case before i had a chance to reply. i have not had even 24 hours to reply.,3.5,4.0,0,0,0,0,0,,,,,,-0.51,,en,4.0
1391,1392,"The delivery was not on sked. Was planning to do my 2nd order but afraid that it will not again be delivered on time. Not a resident here so its a big factor. Nonetheless, the customer service and the outcome of my clothes were good.",5.0,4.5,1,0,1,0,1,4.82,,5.46,,4.54,-0.5,,en,4.5
1392,1393,"This is a game changer, amazing service on pick up and delivery and full process was well within the 24hr timeline given. I will recommend to everyone!  ",5.5,6.0,0,0,0,1,1,,,,6.67,5.56,-0.49,,en,6.0
1393,1394,it was a great first experience!,7.0,8.0,0,0,0,0,0,,,,,,-0.5,,en,8.0
1394,1395,The service is good.,7.0,7.5,0,0,0,1,1,,,,6.55,6.63,-0.5,,en,7.5
1395,1396,very poor quality ironing,3.0,3.5,1,0,0,0,0,3.67,,,,,-0.49,,en,3.5
1396,1397,Excellent communication when needing to do a different delivery location to collection . will def reccommend to other travellers,6.5,6.0,0,0,1,1,1,,,5.36,6.81,5.55,-0.49,,en,6.0
1397,1398,hi may i know why is all the jacket densed and theres a smell.,5.0,4.5,1,1,0,0,0,1.76,4.68,,,,-0.49,,en,4.5
1398,1399,Special thanks to this order’s driver — they delivered without fail even if it was late in the evening. Thank you so much!,6.0,6.0,0,0,0,1,1,,,,7.72,4.42,-0.49,,en,6.0
1399,1400,overall all good,7.0,6.5,0,0,0,0,0,,,,,,-0.51,,it,6.5
1400,1401,Excellent!,9.0,9.0,0,0,0,0,0,,,,,,-0.49,,en,9.0
1401,1402,all good guys except your app keeps nagging me about an older order that i keep cancelling. could you delete it for me?,6.0,4.5,0,0,1,0,0,,,4.97,,,-0.5,,en,4.5
1402,1403,supposed to deliver on 30-Dec-2023 12pm yo 3pm. delayed until 5:30pm still not yet delivered. i have dinner appointment so rescheduled to deliver other day.,5.0,2.5,0,0,0,0,1,,,,,3.36,-0.49,,en,2.5
1403,1404,"Pick up and delivery were all on time, cleaning was excellent and all laundry was packed away securely. Overall a reliable and professional service! ",7.0,6.5,1,1,1,1,1,5.18,5.89,5.33,7.53,6.11,-0.5,,en,6.5
1404,1405,excellent. thank you,8.5,8.0,0,0,0,0,0,,,,,,-0.5,,en,8.0
1405,1406,very polite and helpful!,6.5,6.5,0,0,0,1,1,,,,5.91,5.99,-0.5,,en,6.5
1406,1407,A suoerb service. Hiccup happened during the initial delivery schedule of 28 Dec but it was understandable. The only thing to improve will be the accuracy of information provided by customer service officer when delay and inquiry made.,5.0,4.0,0,0,1,0,1,,,4.76,,4.57,-0.51,,en,4.0
1407,1408,cnanhe single use plastic on packagaing,5.0,4.5,0,0,0,0,0,,,,,,-0.51,,en,4.5
1408,1409,Really handy. Great and professional service,6.5,7.0,0,0,0,1,1,,,,5.3,7.21,-0.5,,en,7.0
1409,1410,The driver was particularly great,7.5,8.5,0,0,0,1,0,,,,8.45,,-0.49,,en,8.5
1410,1411,service is easy to use and so efficient,7.0,6.0,0,0,0,0,0,,,,,,-0.5,,en,6.0
1411,1412,for £35 of laundry service the socks should be paired together. also the dryer didnt seem cleaned out as dryer lint is all over thr clothes.,5.5,4.0,1,1,1,0,0,3.94,5.62,5.28,,,-0.5,,en,4.0
1412,1413,good service albeit pricey,7.5,7.0,0,0,1,1,1,,,5.08,6.29,6.4,-0.51,,en,7.0
1413,1414,thank you...great service and quick turnaround,6.5,7.0,0,0,1,1,1,,,5.39,6.93,5.98,-0.5,,en,7.0
1414,1415,excellent setvice and a reliable member of the team to pick up and drop back,6.5,7.0,0,0,0,0,0,,,,,,-0.5,,en,7.0
1415,1416,"Not impressed - our doorbell was pressed, the order dumped outside the front door and the driver had disappeared before we could answer the door. He was supposed to hand it over to us in person.",4.5,4.5,0,0,0,1,1,,,,5.55,4.6,-0.48,,en,4.5
1416,1417,"absolute legend as i was running late, called me up and was great and patient. top bloke",6.5,6.5,0,0,0,0,1,,,,,5.33,-0.5,,en,6.5
1417,1418,Best presentation of folded laundry I have had to date. Many thanks.,6.0,5.5,1,1,0,0,0,3.54,7.24,,,,-0.5,,en,5.5
1418,1419,fantastic.,8.0,8.0,0,0,0,0,0,,,,,,-0.51,,en,8.0
1419,1420,The driver was wonderful. Friendly in conversation and even helped me take my laundry upstairs to my flat. This was a huge help. \nThat being said im disappointed with how the clothes have been returned to me. they have been stuffed into the bag not folded,4.0,4.5,1,1,1,1,1,4.32,5.74,4.48,6.52,5.83,-0.49,,en,4.5
1420,1421,my purple blanket was burned in the dryer. the people in charge should have read the label and took care.,5.0,3.5,1,1,0,0,0,3.01,4.35,,,,-0.5,,en,3.5
1421,1422,Thanks for the good service!,6.0,8.0,0,0,0,0,0,,,,,,-0.5,,en,8.0
1422,1423,"A peine un bonjour, plutot desagreable. ",5.5,5.0,0,0,0,0,0,,,,,,-0.5,,fr,5.0
1423,1424,The best service in dubai !!,9.0,7.0,0,0,0,1,1,,,,6.24,6.05,-0.51,,en,7.0
1424,1425,Great delivery service,8.0,8.0,0,0,0,1,1,,,,6.65,5.79,-0.51,,en,8.0
1425,1426,"Great service, delivery when expected",5.0,7.5,1,0,1,1,1,5.65,,5.22,6.99,5.7,-0.51,,en,7.5
1426,1427,"hi, just to feedback that the laundry was delivered crumpled and probably wasn't stored proeprly before delivery. I'd have to re- iron them before wearing as the wrinkles on the clothes are obvious.",5.0,5.0,1,1,0,0,0,2.28,6.79,,,,-0.49,,en,5.0
1427,1428,First time using. Very simple and easy to use.\n\n,6.0,6.0,0,0,0,0,0,,,,,,-0.49,,en,6.0
1428,1429,3 missing items,4.0,4.5,0,0,0,0,0,,,,,,-0.5,,et,4.5
1429,1430,"Mes vestes de costume étaient insuffisamment finies, ce qui a entraîné des revers déformés et inégals.",5.0,4.5,1,0,0,0,0,1.0,,,,,-0.52,,fr,4.5
1430,1431,"pick up and delivery all really quick easy and efficient \nclothes were not well washed though, did not smelll clean and arrived back extremely creased\n",4.0,5.5,1,1,1,1,1,4.55,5.58,5.9,7.92,5.55,-0.5,,en,5.5
1431,1432,Unfortunately the experience was bad.  They didn't return my plaid shirt and I still haven't received any feedback on the matter in the chat.  I will make the complaint via request.,2.0,2.5,1,0,1,0,0,4.03,,4.31,,,-0.49,,en,2.5
1432,1433,"i was charged for 30lb of laundry, but only sent 3 sets of sheets. laudry was folded oddly and not well. ",4.0,4.0,1,1,1,0,0,3.26,5.72,4.21,,,-0.5,,en,4.0
1433,1434,my clothes smell damp and musty after I opened the plastic package. Next time please dry and store properly,5.0,3.5,1,1,1,0,0,3.26,4.94,4.47,,,-0.48,,en,3.5
1434,1435,The winter jackets were not cleaned properly. makeup stains from the jackets were still present.,5.0,3.5,1,1,1,0,0,3.48,4.64,3.06,,,-0.5,,en,3.5
1435,1436,clothes washed and folded nicely. very organized. very satisfied with the service.,7.0,6.5,1,1,1,1,1,4.64,6.52,6.08,7.89,6.65,-0.5,,en,6.5
1436,1437,"Completely awful. They did everything I asked them not to do, even after reassurances from customer service via their app. I used them in an emergency and probably should have read the small print but assumed that the ridiculously high price was a good si",2.0,3.5,0,0,0,0,1,,,,,6.72,-0.51,,en,3.5
1437,1438,extremely proactive and fast turn around in a very very timely fashion.,5.0,6.5,0,0,0,1,1,,,,6.43,7.22,-0.51,,en,6.5
1438,1439,briliant service🥰 the collection and the delivery was exactly on time,8.5,6.5,1,0,0,0,1,5.62,,,,5.43,-0.52,,en,6.5
1439,1440,recommend,5.0,6.0,0,0,0,0,0,,,,,,-0.5,,en,6.0
1440,1441,Disappointed and wont be using again,2.0,2.0,0,0,0,0,0,,,,,,-0.5,,en,2.0
1441,1442,"plutot decue de la qualite du pressing, trop aggressif; vetements retrecis et perte de la qualite / de la matiere!!",5.0,5.0,0,0,0,0,0,,,,,,-0.49,,fr,5.0
1442,1443,some laundry still damp,6.0,5.0,1,1,0,0,0,3.27,6.14,,,,-0.49,,sv,5.0
1443,1444,excellent service,8.5,8.5,0,0,0,1,1,,,,6.03,6.07,-0.51,,fr,8.5
1444,1445,great service!,9.0,8.5,0,0,0,1,0,,,,6.6,,-0.5,,en,8.5
1445,1446,Prompt and polite delivery and collection. One load almost inexplicably crumpled - will need to rewash myself as it would take longer to iron these creases out,4.0,4.0,1,1,1,0,1,4.16,5.58,5.02,,5.27,-0.49,,en,4.0
1446,1447,you restored my pants! great!,9.0,6.5,1,0,0,0,0,4.2,,,,,-0.5,,en,6.5
1447,1448,💯 would recommend. the driver was so polite as well. Convenient and worth it! really did a good job with our clothes.,8.5,7.5,1,0,0,1,1,5.06,,,8.2,6.36,-0.49,,en,7.5
1448,1449,great service! thank you :),8.5,8.0,0,0,0,0,0,,,,,,-0.5,,en,8.0
1449,1450,"Great experience. Really good communication, sheets and towlea came back lovely and clean. Really took the stress out of the clean up after lots of Christmas guests!! ",7.0,6.5,1,1,1,0,1,4.76,6.05,5.11,,5.96,-0.49,,en,6.5
1450,1451,ouf !,4.5,4.5,0,0,0,0,0,,,,,,-0.5,,en,4.5
1451,1452,the driver didnt want to deliver to my appartment and left the laundry with concierge down,5.0,3.5,1,1,1,0,0,3.88,4.2,3.88,,,-0.49,,en,3.5
1452,1453,All good. Thank you,8.0,7.5,0,0,0,0,0,,,,,,-0.5,,en,7.5
1453,1454,great,8.0,8.0,0,0,0,0,0,,,,,,-0.5,,en,8.0
1454,1455,"Excellent service! My laundry was handled with such care, washed delicately, folded neatly, and delivered with care. Thank you so much!",6.0,7.0,1,1,1,0,1,4.91,6.15,5.2,,5.68,-0.5,,en,7.0
1455,1456,im not sure what the line about minimum order quantity means,4.0,4.5,0,0,0,0,0,,,,,,-0.52,,en,4.5
1456,1457,excellent and friendly,7.0,8.0,0,0,0,1,1,,,,6.16,6.56,-0.51,,da,8.0
1457,1458,Great service.,8.5,8.0,0,0,0,1,1,,,,6.45,6.3,-0.51,,en,8.0
1458,1459,We needed a one off service and it was quick and easy,7.5,6.5,0,0,0,0,1,,,,,6.62,-0.51,,en,6.5
1459,1460,"Laundry came back complete, clean and folded.  So easy since we didn’t have to go any place or wait for service ",5.5,7.0,1,1,0,0,1,4.76,6.32,,,5.67,-0.5,,en,7.0
1460,1461,both delivery drivers were very nice and commincative,7.0,7.5,0,0,0,1,1,,,,7.53,5.47,-0.5,,en,7.5
1461,1462,im really upset because all of my clothes have come back stained with detergent.,6.0,4.0,1,1,0,0,0,3.39,4.67,,,,-0.5,,en,4.0
1462,1463,excellent,9.0,9.0,0,0,0,0,0,,,,,,-0.5,,en,9.0
1463,1464,great experience,8.0,7.5,0,0,0,0,0,,,,,,-0.48,,ro,7.5
1464,1465,Good but insanely expensive,5.0,6.0,0,0,0,0,0,,,,,,-0.52,,en,6.0
1465,1466,excellent work! done in less than 24h and properly folded and delivered,7.0,7.0,1,0,0,0,1,4.66,,,,5.61,-0.51,,en,7.0
1466,1467,"prompt responses and services, great first time experiences ",7.0,7.0,0,0,0,1,1,,,,6.04,6.73,-0.5,,en,7.0
1467,1468,it is unclear to me why so much has neen charged for wash & iron of 2 cotton trousers.,7.0,4.0,1,1,1,0,0,3.61,5.04,4.72,,,-0.49,,en,4.0
1468,1469,i am disappointed as the duvet cover is still not yet dry and feeling wet…,3.0,3.5,1,0,0,0,0,2.66,,,,,-0.51,,en,3.5
1469,1470,"Un peu cher, plus on l'utilise plus ça devrait être moins cher",6.0,5.5,0,0,0,0,0,,,,,,-0.51,,fr,5.5
1470,1471,good.,8.0,8.0,0,0,0,0,0,,,,,,-0.5,,en,8.0
1471,1472,Overall pleasant and easy customer experience for 1st time using,7.0,6.5,0,0,0,1,1,,,,6.83,6.67,-0.49,,en,6.5
1472,1473,great experience,8.0,7.5,0,0,0,0,0,,,,,,-0.48,,ro,7.5
1473,1474,I am very happy with the service.,8.5,8.5,0,0,0,1,1,,,,7.23,6.49,-0.5,,en,8.5
1474,1475,"Excellent service rendered, from pick up to delivery. Very punctual!",7.5,7.5,0,0,0,1,1,,,,7.62,5.49,-0.49,,en,7.5
1475,1476,too slow delivery and did not notify me on delivery schedule time change,3.5,4.0,0,0,1,0,1,,,4.54,,4.04,-0.51,,en,4.0
1476,1477,no fuss pick up ans delviery. happy to use this convenient serivce again! many thanks!,7.0,6.0,0,0,0,0,0,,,,,,-0.48,,en,6.0
1477,1478,good,8.0,8.0,0,0,0,0,0,,,,,,-0.5,,en,8.0
1478,1479,good,8.0,8.0,0,0,0,0,0,,,,,,-0.5,,en,8.0
1479,1480,Everything is good,7.5,8.0,0,0,0,0,0,,,,,,-0.5,,en,8.0
1480,1481,"Brilliant! So reliable. I was reassured throughout with notifications. I was refunded money automatically, as I overpaid (€1.15) when ordering services. Will use again!",9.0,5.5,0,0,1,0,1,,,5.09,,5.78,-0.51,,en,5.5
1481,1482,cleaning was very bad. alot of my clothes came back with black marks on them and some random pairs of underwear which werent mine.,3.0,4.0,1,1,1,0,0,4.66,5.47,5.19,,,-0.5,,en,4.0
1482,1483,great!  thank you!,8.0,8.0,0,0,0,0,0,,,,,,-0.5,,en,8.0
1483,1484,great service,8.0,8.5,0,0,0,1,1,,,,6.16,6.27,-0.51,,en,8.5
1484,1485,laundry was delayed many times,4.5,4.5,1,1,0,0,0,3.3,5.0,,,,-0.5,,en,4.5
1485,1486,always a pleasure,5.0,7.5,0,0,0,0,0,,,,,,-0.5,,en,7.5
1486,1487,excellent service,9.0,8.5,0,0,0,1,1,,,,6.03,6.07,-0.51,,fr,8.5
1487,1488,great thanks,8.0,6.5,0,0,0,0,0,,,,,,-0.49,,en,6.5
1488,1489,"Really good seevice from door to door, the drivers are very friendly, would use again! ",8.0,5.5,0,0,0,1,1,,,,6.76,6.66,-0.48,,en,5.5
1489,1490,"order collected, cleaned and delivered back in chosen time slots. Driver tracking tool is very helpful too. great service.",5.5,5.5,1,0,0,1,1,5.85,,,8.46,5.03,-0.5,,en,5.5
1490,1491,parfaitement bien,5.0,5.5,0,0,0,0,0,,,,,,-0.51,,fr,5.5
1491,1492,My t shirts are creased i want them re ironed.,5.5,4.5,1,0,0,0,0,2.79,,,,,-0.49,,en,4.5
1492,1493,Great service and perfect drop off.,8.5,8.0,0,0,0,1,1,,,,7.56,5.84,-0.51,,en,8.0
1493,1494,"customer service did their best but this was a terrible experience. no 24hr turnaround as advertized, little to no heads up ahead of time when the drop off couldnt happen (i was alerted after the drop off window) and then my order was left in wrong place ",4.0,4.5,1,0,1,0,1,5.04,,4.58,,5.26,-0.5,,en,4.5
1494,1495,"you shouldn’t unify three shirts to one vinyl because the neck of every shirts damage too much, in addition recently no cover for neck by thick paper",5.0,4.5,1,0,0,0,0,1.52,,,,,-0.49,,en,4.5
1495,1496,Excellent service. Will use again.,9.0,7.5,0,0,1,1,0,,,4.67,6.33,,-0.5,,fr,7.5
1496,1497,First time using this service. The drivers were super friendly. Very convenient service. Bed sheets were delivered nicely folded,6.5,6.0,1,0,0,1,1,4.86,,,7.29,5.71,-0.49,,en,6.0
1497,1498,Great driver as always!,8.0,7.5,0,0,0,1,0,,,,8.76,,-0.48,,en,7.5
1498,1499,Excellent service and tracking information,9.0,7.0,0,0,0,1,1,,,,6.9,6.37,-0.51,,en,7.0
1499,1500,"one if the shirts still had a stain on it, probably courk have used a spray of shout before laundering ",5.5,4.5,1,1,0,0,0,3.55,5.01,,,,-0.48,,en,4.5
1500,1501,terrible. and terrible customer support. will never use again and will recommend that my friend's avoid alsl,1.0,2.0,0,0,0,0,0,,,,,,-0.49,,en,2.0
1501,1502,great experience and very professional!,7.0,8.0,0,0,0,1,1,,,,8.04,7.35,-0.48,,en,8.0
1502,1503,love it,7.0,7.0,0,0,0,0,0,,,,,,-0.5,,en,7.0
1503,1504,"Delivered an hour later than your delivery window. please review your delivery timings and esitmates.\n\nAlso, was charged individually for items when there was a suit in the bag.",5.5,4.0,1,1,1,0,1,4.23,4.8,4.39,,4.34,-0.52,,en,4.0
1504,1505,it could be improved to send the items back folded and hair free as they send them with hair that doesnt belong to us,5.0,4.0,1,1,1,0,0,4.23,4.79,4.88,,,-0.51,,en,4.0
1505,1506,good service,6.0,8.0,0,0,0,1,1,,,,5.61,6.07,-0.51,,en,8.0
1506,1507,The delivery is not completed!!!!!,3.0,4.5,1,0,1,0,1,4.04,,4.64,,3.59,-0.51,,en,4.5
1507,1508,"this is the third time my laundry is stained. i already choose seperated wash, but they still come back with stains.",4.5,4.5,1,1,0,0,0,3.14,5.79,,,,-0.49,,en,4.5
1508,1509,Great as expected,6.5,7.0,0,0,0,0,0,,,,,,-0.51,,en,7.0
1509,1510,he was very helpful till delivered the clothes,6.5,5.5,1,1,0,0,1,4.23,5.59,,,5.43,-0.5,,en,5.5
1510,1511,efficient,4.5,5.0,0,0,0,0,1,,,,,7.74,-0.52,,en,5.0
1511,1512,Fantastic!! Pergect for overseas yraveller with large amount of washing that would cost a small fortune if sent to hotel laundry,7.0,6.0,1,1,1,0,0,4.25,6.84,6.48,,,-0.5,,en,6.0
1512,1513,greatp,5.0,7.5,0,0,0,0,0,,,,,,-0.5,,en,7.5
1513,1514,really lovely,8.0,7.0,0,0,0,0,0,,,,,,-0.51,,en,7.0
1514,1515,friendly gentleman who delivered it. thankyou,6.0,6.5,0,0,0,1,1,,,,7.36,4.08,-0.5,,en,6.5
1515,1516,The laundry was still damp!!,3.0,4.5,1,1,0,0,0,3.83,5.04,,,,-0.5,,en,4.5
1516,1517,"very happy, both pick up and delivery were friendly and on time. thank you \nhappy new year",8.0,7.5,0,0,0,1,1,,,,7.7,4.53,-0.5,,en,7.5
1517,1518,very happy with the service,9.0,8.0,0,0,0,1,1,,,,6.41,5.93,-0.5,,en,8.0
1518,1519,great.,7.5,8.0,0,0,0,0,0,,,,,,-0.51,,en,8.0
1519,1520,My new shirt came back with stains it didnt have,4.5,4.5,1,1,0,0,0,3.4,4.33,,,,-0.48,,en,4.5
1520,1521,very good,9.0,8.5,0,0,0,0,0,,,,,,-0.5,,en,8.5
1521,1522,Very good,8.0,8.5,0,0,0,0,0,,,,,,-0.5,,en,8.5
1522,1523,hangers withour shoulder notches are needed. every single tshirt comes back wirh bumps on the shoulders. not good,5.0,4.5,1,0,0,0,0,1.0,,,,,-0.5,,en,4.5
1523,1524,great.  good value & quick turn around,7.5,7.5,0,0,0,0,1,,,,,6.82,-0.51,,en,7.5
1524,1525,Ironing was not great,4.0,3.5,1,0,0,0,0,3.61,,,,,-0.51,,en,3.5
1525,1526,very good,9.0,8.5,0,0,0,0,0,,,,,,-0.5,,en,8.5
1526,1527,Collection and delivery on time.  Great service.,8.0,6.5,0,0,0,1,1,,,,6.63,6.19,-0.51,,en,6.5
1527,1528,"easy to use, friendly driver",7.0,7.5,0,0,0,1,0,,,,7.69,,-0.49,,en,7.5
1528,1529,excellent thank you,8.5,9.0,0,0,0,0,0,,,,,,-0.49,,en,9.0
1529,1530,I was charged a tenner for having a fraction different shade black trousers to my jacket & waistcoat.,5.5,3.5,1,0,0,0,0,2.58,,,,,-0.49,,en,3.5
1530,1531,"everything about my service was great, except the bag it came in. it smelled terrible and the handle was already broken before I picked it up from reception.",4.0,5.0,1,0,1,1,1,5.39,,4.71,6.51,5.66,-0.5,,en,5.0
1531,1532,Driver was brilliant - polite and understanding.,8.5,7.5,0,0,0,1,1,,,,7.99,6.39,-0.5,,en,7.5
1532,1533,"overpriced, cloths smell, never use again ",1.0,2.0,1,1,1,0,0,3.48,4.75,3.83,,,-0.5,,en,2.0
1533,1534,"Really great, everyone on time, polite and friendly, good communication throughout and very happy with result ",8.0,7.0,0,0,0,1,1,,,,6.66,6.55,-0.5,,en,7.0
1534,1535,all good now. we had gotten back all our clothes.,5.5,6.5,1,1,0,0,0,3.84,5.82,,,,-0.5,,en,6.5
1535,1536,"It was terrible. They failed to deliver the first time entirely. They failed again, told me the vehicle had broken down, and after days of me pushing for resolutions, they revealed they had lied and misdelivered expensive items, which I've had to replace.",1.0,3.5,0,0,0,1,1,,,,7.16,5.35,-0.5,,en,3.5
1536,1537,All was great. Thank you!,9.0,8.0,0,0,0,0,0,,,,,,-0.49,,en,8.0
1537,1538,I still have yet to receive an update regarding our missing clothes. This is a very bad experience as a first time user and tourist. I have had to go and buy clothes.,1.0,3.0,1,0,1,0,0,3.14,,4.44,,,-0.5,,en,3.0
1538,1539,The delivery was late and rescheduled twice.,4.0,3.0,0,0,0,0,1,,,,,3.91,-0.5,,en,3.0
1539,1540,excelllent service thank you,5.5,6.5,0,0,0,0,0,,,,,,-0.5,,en,6.5
1540,1541,The driver is supet good. But the customwr support team is kinda of delayed when replying.,7.0,5.0,0,0,0,1,0,,,,7.2,,-0.49,,en,5.0
1541,1542,"Over charged for the service I paid for. I paid for 12 kg separate wash and was charged for 17kg worth, when requesting proof of the extra charge I was told they do not have any. Will be taking this to trustpilot, google reviews and other social platforms",1.0,3.0,1,0,1,0,0,4.47,,3.96,,,-0.5,,en,3.0
1542,1543,thank you!,5.0,6.0,0,0,0,0,0,,,,,,-0.5,,en,6.0
1543,1544,Delivers excellent quality service and speedy pick-up/drop-off with ease. Highly recommend without hesitation.,7.5,6.5,0,0,0,1,1,,,,7.11,6.15,-0.49,,en,6.5
1544,1545,Je me suis fait voler beaucoup d affaire,5.0,5.0,0,0,0,0,0,,,,,,-0.51,,fr,5.0
1545,1546,"Delivery Driver very friendly, dry cleaning returned at the stated time slot. Clothes looked well cleaned and fresh. ",6.0,6.5,1,1,1,1,1,4.99,5.89,5.38,7.61,5.85,-0.5,,en,6.5
1546,1547,i placed another order - as the app mentioned same driver would drop off and collect. but this was not the case. two separate drivers came which was inconvenient,4.0,5.0,0,0,0,0,0,,,,,,-0.49,,en,5.0
1547,1548,the delivery has not been completed,5.0,5.0,0,0,1,0,1,,,4.26,,3.27,-0.5,,en,5.0
1548,1549,Good,8.0,8.0,0,0,0,0,0,,,,,,-0.5,,en,8.0
1549,1550,Superb,8.5,8.5,0,0,0,0,0,,,,,,-0.52,,en,8.5
1550,1551,great,8.0,8.0,0,0,0,0,0,,,,,,-0.5,,en,8.0
1551,1552,"All the clothes, especialy the blazers looks amd smells like not cleaned at all, on 3 of them there is stains and they smell like sweat. Not happy at all",1.5,3.0,1,1,1,0,0,3.91,5.39,4.6,,,-0.5,,en,3.0
1552,1553,easy to use and wonderful service,8.0,7.5,0,0,0,0,1,,,,,6.98,-0.5,,en,7.5
1553,1554,i sent my white coat together with a detachable fur piece. its missing,6.0,5.0,0,0,0,0,0,,,,,,-0.51,,en,5.0
1554,1555,It was great experience! Thank you!,9.0,8.0,0,0,0,0,0,,,,,,-0.49,,en,8.0
1555,1556,the clothes not clean enough there are still stains.,5.5,4.0,1,1,0,0,0,3.74,5.94,,,,-0.49,,en,4.0
1556,1557,"Ironing 👎🏻
 Folding 👎🏻
 Unfortunately, as this is the second time this happens, I will stop using your services,
 

 Goodbye",1.0,4.0,1,0,1,0,0,3.41,,4.63,,,-0.51,,en,4.0
1557,1558,fast and efficient,6.0,6.0,0,0,0,0,1,,,,,7.2,-0.5,,en,6.0
1558,1559,fuss free with resonable price. happy with the service.,7.0,6.0,0,0,0,1,1,,,,6.65,6.46,-0.5,,en,6.0
1559,1560,Not happy with the quality of work,3.0,4.0,1,0,0,0,0,4.06,,,,,-0.49,,en,4.0
1560,1561,"Hi, there is one pajama is missing a pants and a top of the pajama",6.5,5.0,1,0,0,0,0,1.0,,,,,-0.49,,en,5.0
1561,1562,"Driver is the most unprofessional person ever. Asked him that certains instructions need to be followed, he didn’t take note of them. He said, some1 will call me to get the instrctions, but no one did. I told him about it, he took the picture n went away.",5.0,3.5,0,0,0,1,0,,,,7.05,,-0.49,,en,3.5
1562,1563,professional as always,5.0,6.0,0,0,0,1,0,,,,7.24,,-0.49,,en,6.0
1563,1564,3/5- great delivery and return service .\n\nsome clothes returns with stains and still smelled stale,6.0,5.0,1,1,1,0,1,4.66,5.79,4.91,,5.97,-0.5,,en,5.0
1564,1565,happy christmas,8.0,7.5,0,0,0,0,0,,,,,,-0.51,,en,7.5
1565,1566,Always amazing service from Ryan,6.5,7.0,0,0,0,0,0,,,,,,-0.5,,en,7.0
1566,1567,very quick service,6.0,7.0,0,0,0,1,1,,,,6.19,6.15,-0.51,,en,7.0
1567,1568,"excllent, just as expected ",6.0,6.0,0,0,0,0,0,,,,,,-0.52,,en,6.0
1568,1569,excellent service,9.0,8.5,0,0,0,1,1,,,,6.03,6.07,-0.51,,fr,8.5
1569,1570,inhave been charged over a £100 pounds for two bags of washing and some cushions abd it took 3 days!,4.5,3.5,1,0,1,0,1,4.1,,4.52,,4.49,-0.5,,en,3.5
1570,1571,trusted n fast delivery door to door service,6.5,6.5,0,0,0,0,1,,,,,6.2,-0.5,,en,6.5
1571,1572,"It was claimed that my laundry weighed 8 kg, but when I weighed it myself it was only 7.04 kg. I was originally charged for two bags, as a result, and it took too much effort to get my money back.  ",5.0,4.0,1,1,1,0,0,3.37,5.24,3.59,,,-0.5,,en,4.0
1572,1573,All fine. Thank you,7.0,7.0,0,0,0,0,0,,,,,,-0.5,,en,7.0
1573,1574,"shirts not ironed properly, order not left at door as instructed. ",5.0,4.0,1,0,1,0,0,3.22,,4.04,,,-0.49,,en,4.0
1574,1575,"please you have deducted the amount twice you charged me for 40 pcs \nwhile i had only 19 \nand your offer says 4 dirham per item, however, you charged me 14 per item and you have deducted 550 plus, while the total amount shouldnt exceed 266 please help",6.0,4.0,0,0,1,0,0,,,4.43,,,-0.51,,en,4.0
1575,1576,most of the clothes were covered in lint,4.0,3.5,1,1,0,0,0,3.49,5.55,,,,-0.5,,en,3.5
1576,1577,great service- on time,8.0,7.0,0,0,0,1,1,,,,6.68,6.13,-0.51,,en,7.0
1577,1578,the coat came back still covered in hair and dirty,4.0,4.0,1,0,0,0,0,4.15,,,,,-0.49,,en,4.0
1578,1579,wonderful and efficient service,9.0,7.5,0,0,0,1,1,,,,6.45,6.6,-0.51,,en,7.5
1579,1580,Fantastic!!!,8.0,8.5,0,0,0,0,0,,,,,,-0.5,,en,8.5
1580,1581,Disappointing experience where recurring non-deliveries on scheduled time slot questions reliability of your service.,2.5,3.0,0,0,1,0,1,,,4.26,,4.92,-0.49,,en,3.0
1581,1582,Thank you so much for the efficient service. It couldn’t have been easier for me and i am looking forward to using your service again very soon…,5.5,6.0,0,0,1,0,1,,,5.25,,5.88,-0.5,,en,6.0
1582,1583,missing items,5.0,4.5,1,0,0,0,0,2.16,,,,,-0.51,,en,4.5
1583,1584,nickel,5.0,6.0,0,0,0,0,0,,,,,,-0.53,,en,6.0
1584,1585,"aucun probleme avec la livraison, le service de pressing mais le linge au poids est revenu tres froissé. il n’y a pas de repassage pour cettre prestation? ",6.0,5.0,0,0,0,0,0,,,,,,-0.47,,fr,5.0
1585,1586,you guys have one of the worst drivers I’ve ever come accross. you should seriously rethink how you train your drivers,2.0,3.0,0,0,0,0,0,,,,,,-0.49,,en,3.0
1586,1587,j'ai un pull qui est mort car vous l'avez laver trop chaud c'etait du cacherime et c etait un pull lagarfeld,6.0,5.5,0,0,0,0,0,,,,,,-0.51,,fr,5.5
1587,1588,easy to use product as expected,6.0,6.5,0,0,0,0,0,,,,,,-0.48,,en,6.5
1588,1589,Very happy with the laundry service provided ⭐⭐⭐⭐⭐,8.5,7.5,1,1,1,0,0,5.07,6.67,6.16,,,-0.5,,en,7.5
1589,1590,"Great experience, thanks so much!",8.0,8.0,0,0,0,0,0,,,,,,-0.49,,en,8.0
1590,1591,all great! thank you!,9.0,8.0,0,0,0,0,0,,,,,,-0.5,,en,8.0
1591,1592,I was very happy with the service. The collection and delivery was on time with very personable staff,7.0,7.0,1,0,1,1,1,5.74,,5.0,6.96,6.21,-0.51,,en,7.0
1592,1593,this is an excellent concept when you’re sick and can’t do your laundry yourself. they make it very easy and seamless from pick up to return. ￼￼,7.0,6.0,1,1,0,0,0,3.94,7.68,,,,-0.51,,en,6.0
1593,1594,great service,8.5,8.5,0,0,0,1,1,,,,6.16,6.27,-0.51,,en,8.5
1594,1595,this was the best iron quality experienced since I started your service,9.0,6.0,1,0,0,0,0,4.99,,,,,-0.51,,en,6.0
1595,1596,got rid of smell which i am very grateful for but a few spots still left,5.0,5.5,1,0,0,0,0,5.09,,,,,-0.49,,en,5.5
1596,1597,Complaint has beem filed. pictures have been sent,3.0,4.5,0,0,1,0,0,,,4.36,,,-0.5,,en,4.5
1597,1598,delivery was good,8.0,7.5,0,0,0,0,1,,,,,5.18,-0.49,,af,7.5
1598,1599,great,8.0,8.0,0,0,0,0,0,,,,,,-0.5,,en,8.0
1599,1600,ironing standard poor thus time . unsatisfactory,2.0,3.0,1,0,0,0,0,3.14,,,,,-0.51,,en,3.0
1600,1601,good service,8.0,8.0,0,0,0,1,1,,,,5.61,6.07,-0.51,,en,8.0
1601,1602,my driver was extremely patient and understanding.,4.5,8.0,0,0,0,1,1,,,,8.63,6.07,-0.49,,en,8.0
1602,1603,parfait,4.0,5.0,0,0,0,0,0,,,,,,-0.53,,en,5.0
1603,1604,tout était parfait!\nrien à signaler.\nles livreurs sont toujours souriants et cordiaux et le linge est bien soigné.\nbonnes fêtes !,5.5,5.5,0,0,0,0,0,,,,,,-0.49,,fr,5.5
1604,1605,lthey are Professionals and do a great job will use them again,7.5,6.5,0,0,1,0,0,,,4.67,,,-0.49,,en,6.5
1605,1606,Great job,8.0,8.0,0,0,0,0,0,,,,,,-0.49,,en,8.0
1606,1607,il manque 3 serviettes et un slip a ma commande,5.0,5.5,0,0,0,0,0,,,,,,-0.5,,fr,5.5
1607,1608,very poor. see conversation thread.,2.0,3.0,0,0,0,0,1,,,,,5.17,-0.5,,en,3.0
1608,1609,"Fast, reliable, convenient and very organised. \n",6.5,6.0,0,0,0,1,1,,,,7.36,7.21,-0.51,,en,6.0
1609,1610,"All good. Clean, well-ironed and delivered on time ",7.0,7.0,1,1,1,0,1,4.18,5.47,5.02,,4.91,-0.52,,en,7.0
1610,1611,you guys are great and have solved a long-standing problem for everytime we’ve traveled to London. \nsuper punctual and effective!,8.0,7.0,0,0,0,1,1,,,,6.73,5.34,-0.5,,en,7.0
1611,1612,great 5 stars,7.5,7.5,0,0,0,0,0,,,,,,-0.5,,en,7.5
1612,1613,I will never use your services again! Too much hassle when this service was supposed to releive me of it. Two days without a duvet cover due to issues on your side. I wil be writing a google review too warning people! \n,1.0,3.0,1,0,1,0,0,3.33,,4.62,,,-0.5,,en,3.0
1613,1614,fantastic,7.0,8.5,0,0,0,0,0,,,,,,-0.51,,en,8.5
1614,1615,didnt deliver my clothes! clothes missing!,3.0,3.0,1,1,1,0,0,3.22,4.85,4.09,,,-0.5,,en,3.0
1615,1616,delivered a day late with no notice,4.0,4.5,0,0,0,0,1,,,,,3.62,-0.51,,en,4.5
1616,1617,"excellent Services, ontime, good quality and professional.",7.0,7.5,0,0,0,1,1,,,,6.88,6.87,-0.51,,en,7.5
1617,1618,"Excellent service - again. Thank you. I fear that I didnt add a tip for the driver and Im very sorry for that oversight. Oops, just seen I can do it now",6.0,6.0,0,0,0,1,0,,,,6.75,,-0.48,,en,6.0
1618,1619,"Hello, once again I am dismayed about the bad quality of your service. This is the second time you even damaged my clothes, besides the bad ironing. Frankly, I don’t have the time and I’m also not willing again to exchange endless messages for refund.",2.0,2.0,1,1,1,0,0,3.35,5.07,4.66,,,-0.5,,en,2.0
1619,1620,not good ironing \n,5.0,3.5,1,0,0,0,0,3.2,,,,,-0.51,,tl,3.5
1620,1621,Half of my laundry are returned with stains & now unwearable! The items were brand new!,4.0,3.5,1,1,1,0,0,3.04,4.43,4.07,,,-0.5,,en,3.5
1621,1622,Unfortunately my letters on my jacket are falling off so i cant use again,2.0,4.0,1,0,0,0,0,1.13,,,,,-0.52,,en,4.0
1622,1623,Driver was polite and kind. Some clothes and socks were not dry.,6.0,7.0,1,1,0,1,0,5.15,6.51,,7.73,,-0.49,,en,7.0
1623,1624,excellent!,8.5,9.0,0,0,0,0,0,,,,,,-0.49,,en,9.0
1624,1625,hassle free service with friendly professional staff,6.0,7.0,0,0,0,1,1,,,,6.87,6.9,-0.5,,en,7.0
1625,1626,pricing was misleading and more than my 5* hotel,6.0,3.5,0,0,1,0,0,,,4.37,,,-0.49,,en,3.5
1626,1627,shes awesome!,8.5,7.5,0,0,0,0,0,,,,,,-0.48,,en,7.5
1627,1628,most of the clothes are not cleaned well idk why i have all pictures of these items,3.5,4.0,1,1,1,0,0,3.85,5.11,5.27,,,-0.49,,en,4.0
1628,1629,I am extremely happy with the service provided. Thank you.,7.5,8.5,0,0,1,1,1,,,5.26,7.02,6.21,-0.5,,en,8.5
1629,1630,"The laundry was picked up on time, and delivered to my hotel as expected.\nIt was a quick process.\nThe only problem is that 3 socks are missing. I’m sure it will be found.",5.0,6.0,1,1,1,0,1,4.56,5.46,5.02,,4.9,-0.5,,en,6.0
1630,1631,I have someone elses underwear in my order. And I dont think all my shirts have come back.,5.0,5.0,1,1,0,0,0,2.01,5.08,,,,-0.49,,en,5.0
1631,1632,Excellent service. thanks,7.5,7.5,0,0,0,1,1,,,,6.23,5.63,-0.5,,en,7.5
1632,1633,bad experience. the shirts never arrived even though the app said it was delivered. i was even home so had he rang i would have been there. i live on a dead end - last house - nothing gets ever taken. 13 shirts gone,3.0,3.5,1,0,1,0,1,3.69,,4.94,,5.46,-0.49,,en,3.5
1633,1634,satisfied,7.0,7.0,0,0,0,0,0,,,,,,-0.49,,en,7.0
1634,1635,good service,8.5,8.0,0,0,0,1,1,,,,5.61,6.07,-0.51,,en,8.0
1635,1636,great service!,9.0,8.5,0,0,0,1,0,,,,6.6,,-0.5,,en,8.5
1636,1637,really pleasent,7.0,6.5,0,0,0,0,0,,,,,,-0.48,,en,6.5
1637,1638,great service,8.0,8.5,0,0,0,1,1,,,,6.16,6.27,-0.51,,en,8.5
1638,1639,Good service. Will use their service again.,8.0,6.5,0,0,1,0,1,,,4.42,,6.5,-0.52,,en,6.5
1639,1640,very good service!,9.0,9.0,0,0,0,1,1,,,,6.6,6.22,-0.5,,en,9.0
1640,1641,bad very bad!,1.0,2.5,0,0,0,0,0,,,,,,-0.5,,en,2.5
1641,1642,very good thanks,7.0,7.0,0,0,0,0,0,,,,,,-0.49,,en,7.0
1642,1643,the driver is excellent!,8.0,7.5,0,0,0,1,0,,,,8.31,,-0.49,,en,7.5
1643,1644,fast,6.0,4.5,0,0,0,0,1,,,,,6.03,-0.51,,en,4.5
1644,1645,Hi! it seems another order (3120822) was accidentally delivered with ours.,5.0,5.0,0,0,0,0,0,,,,,,-0.49,,en,5.0
1645,1646,My clothes came back damp,4.0,5.0,1,1,0,0,0,3.19,4.93,,,,-0.48,,en,5.0
1646,1647,Light-colored clothes have black spot-like stains,4.5,5.0,1,0,0,0,0,3.37,,,,,-0.49,,en,5.0
1647,1648,really great service and early delivery - thank you!,7.5,7.5,0,0,0,1,1,,,,8.18,5.14,-0.5,,en,7.5
1648,1649,Pickup and delivery both perfectly timed and great quality of cleaning!,8.5,7.0,1,0,1,1,1,5.83,,6.19,9.0,5.17,-0.5,,en,7.0
1649,1650,Awesome service 👍🏻👍🏻👍🏻,9.0,8.5,0,0,0,0,0,,,,,,-0.51,,en,8.5
1650,1651,tres cher pour un lavage mediocre,4.0,4.0,0,0,0,0,0,,,,,,-0.5,,fr,4.0
1651,1652,The delivery process was good but one of my suits was very damaged. i am submitting a claim now.,5.0,4.5,1,0,1,0,1,4.62,,5.07,,4.66,-0.51,,en,4.5
1652,1653,brilliant- as ever.,9.0,8.5,0,0,0,0,0,,,,,,-0.53,,en,8.5
1653,1654,happy,8.0,7.0,0,0,0,0,0,,,,,,-0.5,,en,7.0
1654,1655,"Good quick service, but unfortunately a couple of socks were still damp. Everything else was dry and was washed well ",4.5,5.5,1,1,1,0,1,4.71,5.72,5.72,,5.94,-0.5,,en,5.5
1655,1656,"i prefer the previous services, it was so clean and no more stain, that’s why make me to use your service again, but this time i was very dissappinted, the stain at my duvet still there. ",3.5,4.5,1,0,1,0,0,4.8,,4.78,,,-0.49,,en,4.5
1656,1657,Horrible! Delayed from original 5-8pm then never arrived despite waiting until 12mn! next day rescheduled at 630am for 12-3pm with specific direction not to be late. Driver forgot items and was late! Had to postpone my flights! Never again!,1.5,2.5,0,0,0,1,1,,,,6.95,4.46,-0.49,,en,2.5
1657,1658,very helpful driver,7.0,7.5,0,0,0,1,0,,,,6.74,,-0.49,,af,7.5
1658,1659,one shirt was not cleaned at all it was just ironed!,5.0,3.5,1,1,1,0,0,4.07,4.84,4.73,,,-0.49,,en,3.5
1659,1660,clothes were still wet.\nfirstly your charges are so high and on top of that no proper sevice.,4.0,4.0,1,0,0,0,0,3.76,,,,,-0.5,,en,4.0
1660,1661,"I have received the wrong duvet. How can I get mine back, please?",3.0,3.5,1,0,0,0,0,1.07,,,,,-0.51,,en,3.5
1661,1662,drivers who picked up/delivered were very nice but i found the experience very expensive for three small bags of laundry and i won’t use the service again because of this.,2.0,6.0,0,1,0,1,1,,5.59,,7.67,5.69,-0.48,,en,6.0
1662,1663,great service,8.0,8.5,0,0,0,1,1,,,,6.16,6.27,-0.51,,en,8.5
1663,1664,great service and so quick!,7.0,7.5,0,0,0,1,1,,,,7.51,6.02,-0.5,,en,7.5
1664,1665,"i am very dissapointed with the service i recieved. i gave my laudry in a nice confortable fabric bag and recieved it back in a huge plastic, completly unusable bag with laundry packed in a very unsecure way. it feel off on the floor. ",1.0,3.5,1,1,1,0,0,4.26,5.58,3.9,,,-0.51,,en,3.5
1665,1666,great,8.0,8.0,0,0,0,0,0,,,,,,-0.5,,en,8.0
1666,1667,"good service from our delivery driver, he’s doing a great job!",8.0,7.5,0,0,0,1,1,,,,7.6,5.31,-0.49,,en,7.5
1667,1668,delivered to wrong house for second time,4.5,5.0,0,0,1,0,1,,,3.91,,3.27,-0.5,,en,5.0
1668,1669,damaged item,4.0,3.5,0,0,0,0,0,,,,,,-0.51,,en,3.5
1669,1670,Blazer jacket ruined wih at least 4 new very prominent blue stains on it. I have submitter a complaint,4.0,3.0,1,0,1,0,0,3.39,,3.51,,,-0.49,,en,3.0
1670,1671,I cant believe my white jacket has come back so clean and fresh. Thank you,5.0,6.5,1,0,0,0,0,4.83,,,,,-0.5,,en,6.5
1671,1672,All my sweaters shrunk,5.0,4.5,1,0,0,0,0,1.0,,,,,-0.5,,en,4.5
1672,1673,"Unfortuently, most of the clothes were not ironed well. The shirts and t-shirts still need to be ironed again. ",4.0,4.0,1,1,1,0,0,3.09,5.83,4.57,,,-0.5,,en,4.0
1673,1674,great!,8.0,8.5,0,0,0,0,0,,,,,,-0.5,,en,8.5
1674,1675,"Please remove collar stiffeners when ironing. I had to re-iron the collar myself because on one side there were noticable wrinkles because of the collar stiffeners. 
 For soft sweaters, please ensure that there is no hard folding on sleeves after ironing.",4.0,5.0,1,0,0,0,0,2.78,,,,,-0.49,,en,5.0
1675,1676,missing clothes that were in the bag.  5 pairs of victoria secret underwear and 5 black socks,4.0,4.0,1,1,0,0,0,2.87,5.04,,,,-0.5,,en,4.0
1676,1677,efficient,5.0,5.0,0,0,0,0,1,,,,,7.74,-0.52,,en,5.0
1677,1678,received wrong items back,6.0,4.5,1,1,1,0,0,3.2,4.15,4.24,,,-0.5,,en,4.5
1678,1679,amazing,7.0,7.0,0,0,0,0,0,,,,,,-0.51,,en,7.0
1679,1680,"great service, friendly pick up and delivery ",7.0,8.0,0,0,0,1,1,,,,7.66,6.33,-0.51,,en,8.0
1680,1681,Great service and saves time,8.0,7.0,0,0,0,1,1,,,,5.78,6.63,-0.5,,en,7.0
1681,1682,"very happy with your service, thank you!",9.0,8.5,0,0,0,1,0,,,,6.75,,-0.5,,en,8.5
1682,1683,thank u,5.5,6.0,0,0,0,0,0,,,,,,-0.51,,en,6.0
1683,1684,clothes received have some kind of a dog smell,7.0,4.5,1,1,0,0,0,3.04,4.95,,,,-0.5,,en,4.5
1684,1685,First time trying out. Experience was all good.,6.0,5.5,0,0,0,0,0,,,,,,-0.5,,en,5.5
1685,1686,Wrongly charged for clothing weight. Have sent photos evidence. Please check,4.0,4.0,1,0,1,0,0,2.97,,4.01,,,-0.5,,en,4.0
1686,1687,Dirt still on trouser very easy to remove my fur skirt was not dry cleaned put in machine and became out of shape,4.5,4.0,1,1,0,0,0,4.56,6.16,,,,-0.5,,en,4.0
1687,1688,"Very polite, professional and courteous : )",6.0,6.5,0,0,0,1,1,,,,7.91,6.19,-0.5,,en,6.5
1688,1689,fantastic service,7.0,8.0,0,0,0,1,1,,,,6.32,6.14,-0.51,,it,8.0
1689,1690,"Delivery was a day later than planned, which mesnt i didnt have my suit jacket for an important meeting. My white shirt hadnt been returned yet? ",5.0,3.5,1,0,1,0,0,3.46,,4.3,,,-0.5,,en,3.5
1690,1691,still have never received a response to my requests from two previous orders.,4.0,3.0,0,0,1,0,0,,,3.98,,,-0.49,,en,3.0
1691,1692,told the customer service to clean but they return without doing anythung,5.0,3.5,1,0,1,0,0,5.3,,4.09,,,-0.5,,en,3.5
1692,1693,excellent servuce fast n professional,7.0,6.5,0,0,0,0,0,,,,,,-0.5,,fr,6.5
1693,1694,everything went very smooth,8.0,6.5,0,0,0,0,1,,,,,5.22,-0.49,,en,6.5
1694,1695,My clothes smell like smoke,5.0,4.5,1,1,0,0,0,2.47,5.22,,,,-0.49,,en,4.5
1695,1696,great :) thank you! happy holidays,8.0,8.0,0,0,0,0,0,,,,,,-0.5,,en,8.0
1696,1697,amazing service! the delivery driver was so nice and helpful.,8.0,7.5,0,0,0,1,1,,,,8.13,5.55,-0.49,,en,7.5
1697,1698,great work,8.0,8.5,0,0,0,0,0,,,,,,-0.49,,en,8.5
1698,1699,Great!,9.0,8.5,0,0,0,0,0,,,,,,-0.5,,en,8.5
1699,1700,Livreur professionnel et sympathique. \nTres bonne experience.,5.0,4.5,0,0,0,0,0,,,,,,-0.5,,fr,4.5
1700,1701,very good thank you,8.0,8.5,0,0,0,0,0,,,,,,-0.49,,en,8.5
1701,1702,Great service from Asja at Laundryheap.,8.0,7.5,1,0,1,0,0,4.98,,5.07,,,-0.49,,en,7.5
1702,1703,great service !  thank you,9.0,8.0,0,0,0,0,0,,,,,,-0.5,,en,8.0
1703,1704,Brilliant collection yesterday - however the delivery driver today did not read the note on my details and went to the wrong area.,5.0,5.0,0,0,1,0,1,,,4.49,,4.45,-0.5,,en,5.0
1704,1705,great!,8.5,8.5,0,0,0,0,0,,,,,,-0.5,,en,8.5
1705,1706,Great speedy service would definitely use again,7.5,7.0,0,0,0,0,1,,,,,5.95,-0.51,,en,7.0
1706,1707,"first of all, all my beddings came dirty!!!! i just opened the bag to change the bedding and they are dirty inside and outside! i want a full refund now and also a cleaning service for free. this is absolutely outrageous",1.0,3.0,1,1,1,0,0,4.16,4.38,3.79,,,-0.5,,en,3.0
1707,1708,Excellent,9.0,9.0,0,0,0,0,0,,,,,,-0.5,,en,9.0
1708,1709,I recieved a full bag of extremely damp smelly clothes,4.5,3.5,1,1,1,0,0,3.32,4.59,4.56,,,-0.49,,en,3.5
1709,1710,good,8.0,8.0,0,0,0,0,0,,,,,,-0.5,,en,8.0
1710,1711,Really great! thank you.,8.0,8.0,0,0,0,0,0,,,,,,-0.5,,en,8.0
1711,1712,Very good!,9.0,9.5,0,0,0,0,0,,,,,,-0.51,,en,9.5
1712,1713,"Excellent service, easy to use and great quality.",8.5,7.5,0,0,0,1,1,,,,6.64,7.22,-0.5,,en,7.5
1713,1714,I 2as charge two extra loads for around 3 kilos extra... they cpuld have been dealt within one extra load or a double one.,5.0,5.0,0,0,0,0,0,,,,,,-0.49,,en,5.0
1714,1715,2 of my white tee shirts had stains all over and 1 of my white polo has long stain marks at the collar and sleeves of the tee shirt. :(,4.0,3.5,1,1,0,0,0,3.47,5.19,,,,-0.48,,en,3.5
1715,1716,great service so far,6.0,7.0,0,0,0,1,1,,,,6.21,5.41,-0.5,,en,7.0
1716,1717,super livreur. lavage bof,7.0,5.0,0,0,0,0,0,,,,,,-0.49,,fr,5.0
1717,1718,excellent as always,8.5,8.5,0,0,0,0,0,,,,,,-0.51,,en,8.5
1718,1719,There are stains left on the suit I sent to be dry cleaned which means im going to have to get it cleaned again. also you hung knitwear on a wire hanger… anyone knows that you stretch the knitwear and create dimples in the shoulders doing that. Not Good,3.0,4.0,1,1,1,0,0,2.95,5.3,4.06,,,-0.5,,en,4.0
1719,1720,"Just received my delivery, and once again my shirts are heavily creased and i will need to iron them again. 
 Completely unacceptable. You have people can’t iron, or your driver is sqeezing so much into his van that he undo’s all the laundries good work.",2.0,3.0,1,1,1,0,1,3.85,5.12,5.17,,4.71,-0.49,,en,3.0
1720,1721,Timing and reliability could be improved.,4.0,5.0,0,0,0,0,1,,,,,6.24,-0.51,,en,5.0
1721,1722,Amazing service as always!,8.0,8.0,0,0,0,1,0,,,,7.04,,-0.5,,en,8.0
1722,1723,great delivery,8.0,8.0,0,0,0,0,0,,,,,,-0.49,,en,8.0
1723,1724,great service thank you!,9.0,8.0,0,0,0,0,0,,,,,,-0.49,,en,8.0
1724,1725,b,6.0,5.0,0,0,0,0,0,,,,,,-0.51,,en,5.0
1725,1726,good service but a bit pricey,8.0,7.0,0,0,0,1,1,,,,6.52,6.44,-0.51,,en,7.0
1726,1727,5h late !,3.0,4.0,0,0,0,0,0,,,,,,-0.49,,en,4.0
1727,1728,Our curtain hooks are missing after the drycleaning. No one told us that they will be removed. Now cannot fix them. wanted to hang curtains today… could not do so. Please help in this regard.,5.0,4.5,1,0,0,0,0,2.85,,,,,-0.5,,en,4.5
1728,1729,excellent,9.0,9.0,0,0,0,0,0,,,,,,-0.5,,en,9.0
1729,1730,The overall experience was very good. The drivers were prompt in arriving and the delivered items were placed in plastic and bag. Cleaning service also good and items came in warm. Thank you!,7.0,6.5,1,1,0,1,1,5.42,5.67,,8.0,5.83,-0.49,,en,6.5
1730,1731,well done,5.0,5.5,0,0,0,0,0,,,,,,-0.5,,en,5.5
1731,1732,delayed for more than 24 hours,5.5,4.5,0,0,0,0,1,,,,,3.38,-0.49,,en,4.5
1732,1733,this is jot a review on driver only  . i have sent emails  with regards to foxing pricing and the quality of the ironing is horrible. my dresses are wribjled abd one was off the hanger when i got home and rekoved the platic covering. call asap to resolve,2.0,3.5,1,0,1,0,0,3.34,,5.04,,,-0.49,,en,3.5
1733,1734,"Hi, one of the jakets came back unprocessed, despite the label clearly stating wash at 30 degrees. No one contacted me to notify me of this",5.0,4.0,1,0,1,0,0,3.61,,4.56,,,-0.48,,en,4.0
1734,1735,great thanks,7.0,6.5,0,0,0,0,0,,,,,,-0.49,,en,6.5
1735,1736,"Delay in delivery, unreliable!",4.0,3.0,0,0,1,0,1,,,4.68,,4.07,-0.49,,en,3.0
1736,1737,The service was efficient,5.0,6.0,0,0,0,1,1,,,,5.64,7.12,-0.52,,en,6.0
1737,1738,Bien mais je ne coprends toujours pas pourquoi votre livreur ne sonne pas aul’interphone,4.0,5.0,0,0,0,0,0,,,,,,-0.48,,fr,5.0
1738,1739,Reliable as always!,5.0,6.0,0,0,0,0,0,,,,,,-0.5,,en,6.0
1739,1740,went smooth. thank you. will use this service again,7.0,6.5,0,0,1,0,1,,,5.13,,4.93,-0.5,,en,6.5
1740,1741,je viens de deballer le pantalon : mal nettoyé ! de la boue est restee sur les jambes ; un mouchoir dn papier laissé par megarde dans une poche y etait toujours. pas du tout professionnel !,5.0,5.0,0,0,0,0,0,,,,,,-0.51,,fr,5.0
1741,1742,Generally this was an awful experience. Pick up took three atempts with no intention to call then first attempted drop off was at nearly midnight  i sill be looking to cancel my orepaid services and get a refund,2.0,3.5,0,0,0,1,1,,,,6.04,4.98,-0.5,,en,3.5
1742,1743,"The stain removal is the primary motive for choosing your service, and it hasn't been solved. I request a refund for the price I paid! Thank you!",2.5,4.0,1,0,1,0,0,5.09,,3.83,,,-0.49,,en,4.0
1743,1744,"My coat was not properly cleaned, I even wonder if it was cleaned at all given that it still had my scarf’s residue",4.0,4.5,1,0,1,0,0,4.63,,3.45,,,-0.5,,en,4.5
1744,1745,It eas suppised to be here yesterday/u said it was already on the way then moved to today-unacceptable-i won’t be using you again,2.0,3.5,0,0,0,0,1,,,,,3.39,-0.49,,en,3.5
1745,1746,appalling quality of cleaning. one shirt still very dirty.,3.5,3.0,1,1,1,0,0,4.63,4.8,4.49,,,-0.49,,en,3.0
1746,1747,very quick efficient and friendly. plus they managed to get strains out of my duvet that i want expecting so well done team and thank you,8.0,7.0,1,0,1,1,1,5.2,,5.68,6.41,6.63,-0.51,,en,7.0
1747,1748,"perfect, excellent as always ",9.0,8.5,0,0,0,0,0,,,,,,-0.52,,en,8.5
1748,1749,dan is always very kind and friendly,7.0,7.0,0,0,0,0,0,,,,,,-0.5,,af,7.0
1749,1750,excellent,9.0,9.0,0,0,0,0,0,,,,,,-0.5,,en,9.0
1750,1751,i had placed some small items of clothing in a small laundry bag. in general the laundry was dry however all items in this small bag were returned wet...not just damp but actually wet,4.5,5.0,1,1,0,0,0,2.69,6.02,,,,-0.5,,en,5.0
1751,1752,excellent,8.5,9.0,0,0,0,0,0,,,,,,-0.5,,en,9.0
1752,1753,Yes very happy thank you.,9.0,9.0,0,0,0,0,0,,,,,,-0.5,,en,9.0
1753,1754,personne pas aimable du tout qui a souhaite que je decende car elle avait fini son service . pas un bonjour,5.0,4.5,0,0,0,0,0,,,,,,-0.49,,fr,4.5
1754,1755,very good service,8.0,9.0,0,0,0,1,1,,,,6.21,6.28,-0.51,,en,9.0
1755,1756,"quick, easy, simple",6.5,6.0,0,0,0,0,0,,,,,,-0.5,,fr,6.0
1756,1757,great service,8.0,8.5,0,0,0,1,1,,,,6.16,6.27,-0.51,,en,8.5
1757,1758,Happy with service,8.0,7.0,0,0,0,1,1,,,,6.1,5.74,-0.5,,en,7.0
1758,1759,really excellent,9.0,8.5,0,0,0,0,0,,,,,,-0.5,,en,8.5
1759,1760,lovely service,6.5,7.0,0,0,0,1,0,,,,6.0,,-0.5,,en,7.0
1760,1761,Perfect. Thanks Emma,9.0,7.5,0,0,0,0,0,,,,,,-0.51,,en,7.5
1761,1762,good,7.0,8.0,0,0,0,0,0,,,,,,-0.5,,en,8.0
1762,1763,she did great. your location services are still off. 30 Heathfield Rd entrance is on Windmill road. SW18 3HP,8.0,6.0,0,0,0,0,0,,,,,,-0.49,,en,6.0
1763,1764,Missing items plus someone else’s items and no response to my inquiry!,4.0,3.5,1,0,1,0,0,2.84,,4.07,,,-0.5,,en,3.5
1764,1765,hi - the £10 voucher which was added to my account following issues with my previous order hasn’t appeared on my invoice. please can this be rectified? many thanks.,6.0,5.5,0,0,1,0,0,,,4.37,,,-0.5,,en,5.5
1765,1766,excellent,9.0,9.0,0,0,0,0,0,,,,,,-0.5,,en,9.0
1766,1767,"easy to use app & fast response, but I dont like the result. the clothes has no fragrant. no detergent smell at all.",5.5,5.5,1,1,0,0,0,4.08,6.47,,,,-0.49,,en,5.5
1767,1768,Parfait,5.0,5.0,0,0,0,0,0,,,,,,-0.53,,en,5.0
1768,1769,very pleased with the service.,8.0,8.5,0,0,0,1,1,,,,6.93,6.29,-0.5,,en,8.5
1769,1770,perfect,9.0,8.5,0,0,0,0,0,,,,,,-0.51,,en,8.5
1770,1771,"hi there, everything was great aside from the towels arriving back to us damp. i had to hang them out to dry again last night. I would like to ask for a discount on that load as we use the service expecting the washing to arrive back to us dry. \n\nBest. M",5.0,5.0,1,1,1,0,1,4.42,5.43,4.63,,5.27,-0.49,,en,5.0
1771,1772,As usual highly satisfied,5.0,6.5,0,0,0,0,0,,,,,,-0.49,,en,6.5
1772,1773,This is the second time ‘ive asked not to hang the cashmere jumpers but this request has not been carried out. What a pity…,6.0,4.0,1,0,1,0,0,1.35,,4.3,,,-0.5,,en,4.0
1773,1774,Very pleased with this laundry service ￼,8.0,7.5,1,1,1,0,0,5.01,6.52,6.03,,,-0.5,,en,7.5
1774,1775,Perfect,8.0,8.5,0,0,0,0,0,,,,,,-0.51,,en,8.5
1775,1776,hi - we were delivered a number of items which were not ours!,5.5,5.0,1,0,1,0,0,3.89,,4.41,,,-0.5,,en,5.0
1776,1777,woul,4.5,4.5,0,0,0,0,0,,,,,,-0.5,,en,4.5
1777,1778,First time user that is very happy with the service and great it was s pick up and delivery service. Far more economical then hotel laundry service.,7.5,6.0,1,1,1,1,1,5.0,6.1,5.48,6.06,6.3,-0.49,,en,6.0
1778,1779,great service,8.5,8.5,0,0,0,1,1,,,,6.16,6.27,-0.51,,en,8.5
1779,1780,"i love Laundryheap service, app is very easy to use and clothes are clean, fold & tidy. ",6.5,7.5,1,0,0,0,0,4.42,,,,,-0.51,,en,7.5
1780,1781,"Very polite and efficient service from the driver, Daniel.  My first time using the service and will use again. ",6.0,6.0,0,0,0,1,1,,,,6.97,6.28,-0.49,,en,6.0
1781,1782,All just scrunched up in a bag! I might as well have gone down and folded it myself. Abysmal. Driver unfortunately didnt really know what planet she was on.\n\nThink I may take my custom elsewhere,4.0,4.0,1,1,0,0,0,4.38,5.65,,,,-0.5,,en,4.0
1782,1783,Great timely delivery,8.5,7.5,0,0,0,1,1,,,,6.6,5.1,-0.51,,en,7.5
1783,1784,katherine dis a great job! you should let us tip after the delivery. i cant find a way to do that.,9.0,6.0,0,0,1,0,0,,,5.88,,,-0.48,,en,6.0
1784,1785,"Clothes dont smell fresh, they smell of delivery truck. Please have a look at it, if not resolved I wont be using your sevices",4.0,5.0,1,1,1,0,0,3.76,5.43,4.84,,,-0.48,,en,5.0
1785,1786,I have an item which is not mine.,5.5,5.0,0,0,0,0,0,,,,,,-0.5,,en,5.0
1786,1787,"Outstanding service as always, thank you",6.0,7.5,0,0,0,1,0,,,,6.11,,-0.5,,en,7.5
1787,1788,great!,9.0,8.5,0,0,0,0,0,,,,,,-0.5,,en,8.5
1788,1789,nice overall,6.5,7.0,0,0,0,0,0,,,,,,-0.51,,en,7.0
1789,1790,laundry are all dirty!,3.0,4.0,1,1,0,0,0,3.8,5.86,,,,-0.5,,en,4.0
1790,1791,Good quality ironing this round. That is why i send my clothes out. Thanks.,6.0,6.5,1,0,1,0,0,4.07,,6.81,,,-0.5,,en,6.5
1791,1792,i have 4 items missing. are you sending it later ?,5.5,5.5,0,0,0,0,0,,,,,,-0.51,,en,5.5
1792,1793,service and delivery was very good,9.0,8.0,1,0,1,1,1,5.72,,5.17,6.62,6.14,-0.5,,en,8.0
1793,1794,Delivery service is excellent but laundry charges are quit high.,7.0,4.5,1,1,1,0,1,4.37,5.41,5.15,,5.87,-0.5,,en,4.5
1794,1795,Excellent! Early and straight to my house,7.0,6.5,0,0,0,0,1,,,,,4.32,-0.48,,en,6.5
1795,1796,"ive fed up of the service. ive used yoh many times. i think from a different account because i got a new phone and have a few log ins. but have spent thousnads on dry cleaning. i thouhht this was a premium service. yet, everytime something shrinks. ",1.0,3.0,1,0,1,0,0,4.36,,4.01,,,-0.49,,en,3.0
1796,1797,"The driver that collected my coat was a bit rude, but the driver that returned it was amazing. Super nice guy.",7.0,6.0,0,0,0,1,1,,,,7.75,5.13,-0.49,,en,6.0
1797,1798,great,8.0,8.0,0,0,0,0,0,,,,,,-0.5,,en,8.0
1798,1799,"The prices stated are not accurate, I was charged almost double for my laundry without my consent.\nSurely, you should ask the customer whether or not to proceed if there's going to be any extra charges?",4.0,4.5,1,1,1,0,0,4.37,5.55,4.22,,,-0.49,,en,4.5
1799,1800,"quick and efficient service. laundry was well packed nicely and promptly delivered, will order again.",7.0,6.5,1,1,1,1,1,4.68,5.94,5.31,6.48,6.22,-0.5,,en,6.5
1800,1801,communications was bad. ordered wash & iron service with fold. receive a text after pick up that there will be additional charges for folding. i inform to change to just a normal wash & it was acknowledged but was billed for the original order,5.5,4.0,1,0,1,0,0,3.93,,4.53,,,-0.49,,en,4.0
1801,1802,it was great,8.0,8.5,0,0,0,0,0,,,,,,-0.49,,en,8.5
1802,1803,Terrible. Order arrived sprayed with heavy perfume. The shirts will need to be cleaned again.,2.0,3.5,1,1,1,0,1,4.06,5.44,5.11,,5.25,-0.49,,en,3.5
1803,1804,I finally received my order after one day of failed delivery and another day of given a scare that the order was delivered (after i received a call from the driver that my order was delivered (and the status on the app changed but i didnt receive it).,3.0,4.0,0,0,0,0,1,,,,,3.34,-0.49,,en,4.0
1804,1805,amazing service from start to finish,7.0,7.5,0,0,0,1,1,,,,7.27,6.25,-0.5,,en,7.5
1805,1806,It would be great if jumpers could be folded rather on hangers,7.5,6.0,0,0,0,0,0,,,,,,-0.5,,en,6.0
1806,1807,Driver arrived 1 hour early and I was not home and so they just hung my clothes on the front main door. Not ideal as nobody called me and someonw could have taken my clothes,5.0,4.0,1,1,0,1,1,3.88,5.36,,6.55,4.58,-0.49,,en,4.0
1807,1808,efficient,4.0,5.0,0,0,0,0,1,,,,,7.74,-0.52,,en,5.0
1808,1809,driver gave up delivering and never delivered it on the night it was due. broken promises. terrible comms. also not received the 10a% refund I aas promised.,3.0,3.0,0,0,0,1,1,,,,6.12,4.68,-0.49,,en,3.0
1809,1810,"fantastic, thank you!",7.0,8.0,0,0,0,0,0,,,,,,-0.5,,en,8.0
1810,1811,"Excellent clean clothes, thanks!!! ",7.0,7.5,1,1,1,0,0,4.69,7.86,9.0,,,-0.5,,en,7.5
1811,1812,good,7.5,8.0,0,0,0,0,0,,,,,,-0.5,,en,8.0
1812,1813,absolutely terrible.,1.0,0.5,0,0,0,0,0,,,,,,-0.51,,en,0.5
1813,1814,One of my jumpers has marks on it that it didnt leave my house with,4.5,5.0,1,0,0,0,0,2.92,,,,,-0.49,,en,5.0
1814,1815,the delivery man was lovely,7.0,7.0,0,0,0,1,1,,,,6.86,4.8,-0.51,,en,7.0
1815,1816,You didn’t bring me all my things! You lost two of my knitted sweaters and ski pants!!!! urgently return my things!!!,2.0,3.5,1,1,1,0,0,2.54,4.71,4.08,,,-0.51,,en,3.5
1816,1817,All round excellent!,6.0,7.5,0,0,0,0,0,,,,,,-0.51,,fr,7.5
1817,1818,best experience,9.0,6.0,0,0,0,0,0,,,,,,-0.49,,fr,6.0
1818,1819,delivery could be faster,5.0,5.0,0,0,0,0,1,,,,,4.55,-0.51,,en,5.0
1819,1820,awful. lost my delifery. asked to put in lockers but reception says they received nothing in my name.,2.0,2.5,0,0,0,0,0,,,,,,-0.49,,en,2.5
1820,1821,le coursier M MARCHAND a été impeccable tant a l’enlèvement qu’à la livraison,8.0,6.5,0,0,0,0,0,,,,,,-0.5,,fr,6.5
1821,1822,extremely professional,5.0,6.0,0,0,0,1,0,,,,6.69,,-0.49,,en,6.0
1822,1823,very happy with service.\narranged delivery quickly and return in 2 days. clothes packed in plastic with hangar. will engage the service again,8.5,6.0,1,1,1,1,1,4.8,5.87,4.97,7.03,5.45,-0.5,,en,6.0
1823,1824,i was really disappointed witj thus.  the last one came back clean the items of clotjes cale back signifcianty dirtier theb they went there was a huge ball of fluff dirt in bag and black marks on clothes rjis is not ok,1.0,3.5,1,1,0,0,0,4.93,4.79,,,,-0.5,,en,3.5
1824,1825,"i signed up for Laundryheap due to the 2-day turnaround and the three hour window for pick up and drop-off. All three points were not on time. Picked up about 45 min late, delivered 2 days late, and then neary 3 hours after the delivery slot. not impresse",3.0,4.0,1,1,1,0,1,4.03,5.56,5.07,,5.69,-0.5,,en,4.0
1825,1826,great as always,8.5,8.5,0,0,0,0,0,,,,,,-0.5,,en,8.5
1826,1827,I am rather disappointed with this service: I requested for dry cleaning two suits and I still see stains on my trousers. What is the point of this service if my clothes are still stained?,2.0,4.0,1,1,1,0,0,4.79,5.39,4.08,,,-0.49,,en,4.0
1827,1828,perfect,9.0,8.5,0,0,0,0,0,,,,,,-0.51,,en,8.5
1828,1829,amazing and very fast services,8.0,7.5,0,0,0,1,1,,,,6.46,6.38,-0.52,,en,7.5
1829,1830,amazing so quick easy,7.5,7.5,0,0,0,0,1,,,,,6.5,-0.5,,en,7.5
1830,1831,very good. \n\ncould improve on thr timing.,9.0,7.0,0,0,0,0,0,,,,,,-0.51,,en,7.0
1831,1832,always terrible service.,1.0,3.5,0,0,0,1,1,,,,5.69,5.45,-0.5,,en,3.5
1832,1833,Quick and reliable service.,6.0,6.5,0,0,0,1,1,,,,6.72,6.59,-0.51,,en,6.5
1833,1834,extremely unhappy,2.0,3.0,0,0,0,0,0,,,,,,-0.5,,fr,3.0
1834,1835,good service.,8.0,7.5,0,0,0,1,1,,,,5.84,6.07,-0.51,,en,7.5
1835,1836,The delivery never arrive to the door as I ask!!! The delivery man always leave it in the lobby even when I ask again and again ang again!!!,2.5,3.0,0,0,0,0,1,,,,,3.99,-0.49,,en,3.0
1836,1837,Convenient and great service!,9.0,7.0,0,0,0,1,1,,,,6.96,6.83,-0.51,,en,7.0
1837,1838,very professional and thanks.,6.0,6.5,0,0,0,0,0,,,,,,-0.5,,en,6.5
1838,1839,good,8.5,8.0,0,0,0,0,0,,,,,,-0.5,,en,8.0
1839,1840,Why did you charge my account twiv for one wash n dry,5.5,4.0,1,0,1,0,0,4.32,,4.66,,,-0.5,,en,4.0
1840,1841,I have already written you my feedback. I have no clue why you are asking me again,3.5,5.0,0,0,1,0,0,,,4.17,,,-0.51,,en,5.0
1841,1842,"Consistently poor.\nItems are often lost.\nOrders are subject to frequent short notice cancellations.\nCustomer service work from a script and have no interest in the expense or difficulty caused by their failures.\nIf I had a viable alternative, I'd use it.\n",1.0,3.0,0,0,0,0,1,,,,,6.57,-0.5,,en,3.0
1842,1843,excellent,8.5,9.0,0,0,0,0,0,,,,,,-0.5,,en,9.0
1843,1844,Excellent service,9.0,8.5,0,0,0,1,1,,,,6.03,6.07,-0.51,,ca,8.5
1844,1845,"delievery was great. i did ask all the items to be folded, sadly they are all on a hanger. \nregards\n\ndavid",5.0,5.5,1,1,0,0,1,4.46,5.7,,,5.94,-0.49,,en,5.5
1845,1846,i have not recieved the 23 shirts i left off for wash and clean thank you,5.0,4.5,1,0,1,0,0,3.29,,4.48,,,-0.49,,en,4.5
1846,1847,clothes were damp and smelled,4.0,4.0,1,1,0,0,0,3.32,5.18,,,,-0.49,,en,4.0
1847,1848,really good,8.5,8.0,0,0,0,0,0,,,,,,-0.5,,en,8.0
1848,1849,thank you so much...on time..G0D bless,6.0,6.0,0,0,0,0,0,,,,,,-0.5,,en,6.0
1849,1850,was one day late,4.0,4.5,0,0,0,0,1,,,,,3.97,-0.51,,en,4.5
1850,1851,First order:  very convenient efficient service,6.5,6.0,0,0,0,1,1,,,,6.3,6.92,-0.51,,en,6.0
1851,1852,fantastic especially for a family of four,6.0,7.5,0,0,0,0,0,,,,,,-0.51,,en,7.5
1852,1853,very good service,8.5,9.0,0,0,0,1,1,,,,6.21,6.28,-0.51,,en,9.0
1853,1854,super and very friendly,7.0,8.0,0,0,0,1,1,,,,7.49,6.83,-0.51,,da,8.0
1854,1855,Too bad. Too much yellow strain all over the coat. Would never use laundryheap again.,2.0,4.5,1,1,0,0,0,3.32,4.68,,,,-0.49,,en,4.5
1855,1856,all good thanks,7.5,7.0,0,0,0,0,0,,,,,,-0.5,,en,7.0
1856,1857,very efficient delivery,6.0,6.5,0,0,0,0,1,,,,,6.32,-0.5,,da,6.5
1857,1858,excellent thank you very much and the clothes are immaculate. 🙂👍🏻,8.0,7.5,1,0,1,0,0,4.96,,7.18,,,-0.51,,en,7.5
1858,1859,no,4.5,4.5,0,0,0,0,0,,,,,,-0.49,,en,4.5
1859,1860,"Our regular driver is always ao professional, polite and helpful, which means so much when trying to balance two young children at home. He deserves recognition for hiis consisteny . ",6.0,7.0,0,0,0,1,0,,,,8.14,,-0.49,,en,7.0
1860,1861,great service!,9.0,8.5,0,0,0,1,0,,,,6.6,,-0.5,,en,8.5
1861,1862,great!!,9.0,8.5,0,0,0,0,0,,,,,,-0.5,,en,8.5
1862,1863,Overall pretty good!  Really appreciate meeting the delivery and collection time windows..  thank you.,6.0,6.5,0,0,0,0,1,,,,,5.04,-0.5,,en,6.5
1863,1864,the night curtains are still very fithy. either refund me or reclean please,3.0,3.5,1,0,1,0,0,2.94,,4.0,,,-0.5,,en,3.5
1864,1865,"Poor - easy stains such as toothpaste not removed. Items smell like food, mutiple items have shrunk, I was over charged for weight, dirty items put in the same bag as clean ones and was given £5 off next order as compensation which is useless. ",4.0,3.0,1,1,1,0,1,4.62,4.99,4.71,,6.62,-0.5,,en,3.0
1865,1866,,5.0,5.0,0,0,0,0,0,,,,,,-0.51,,en,5.0
1866,1867,never again worst experience,2.0,1.5,0,0,0,0,0,,,,,,-0.5,,en,1.5
1867,1868,Really poor ironing,3.0,3.5,1,0,0,0,0,3.62,,,,,-0.5,,en,3.5
1868,1869,i hve requested for the winter wear to be folded and put in plastic bags instead of hangers. but thats not done. cold wear are usually knits and when u put on hangers it will cause unwanted shapes and bumps on the shoulder area. this is not the first time,5.0,4.5,1,1,0,0,0,1.0,5.61,,,,-0.5,,en,4.5
1869,1870,"it was unprovessed, and im disappointed",2.0,3.0,0,0,0,0,0,,,,,,-0.48,,en,3.0
1870,1871,Great service! thank you so much!,6.0,7.5,0,0,0,0,0,,,,,,-0.5,,en,7.5
1871,1872,My returned laundry appeared clean and smelled good. some of my items were a little damp though. The driver gave me the wrong laundry initially but returned quickly to resolve this and I didn’t have an issue with this.,5.0,5.0,1,1,0,0,0,4.44,5.76,,,,-0.49,,en,5.0
1872,1873,Terrible!  Every single item came back extremely wrinkled and one sock did not make it back.,3.0,3.0,1,1,0,0,1,3.75,5.61,,,5.84,-0.49,,en,3.0
1873,1874,quality is ok,6.0,5.5,0,0,0,0,0,,,,,,-0.5,,en,5.5
1874,1875,Thank you for the prompt delivery.,5.0,6.5,0,0,0,0,1,,,,,4.12,-0.49,,en,6.5
1875,1876,good and on time.,8.0,7.5,0,0,0,1,1,,,,7.45,6.22,-0.51,,en,7.5
1876,1877,"service was excellent, however i was lead to believe it was £2 per item dry clean. and ive been charged £63 for 10 items. ",5.0,4.0,1,1,1,0,1,5.59,5.34,4.73,,6.62,-0.49,,en,4.0
1877,1878,excellent service!,9.0,8.5,0,0,0,1,1,,,,6.37,5.86,-0.5,,fr,8.5
1878,1879,good,8.0,8.0,0,0,0,0,0,,,,,,-0.5,,en,8.0
1879,1880,it’s professional,4.5,3.5,0,0,0,0,0,,,,,,-0.49,,en,3.5
1880,1881,perfect service - very pleased,7.5,8.0,1,0,1,1,1,6.2,,5.31,6.93,5.7,-0.5,,en,8.0
1881,1882,my Trousers came back very short. i am nor able to wear them anymore,5.0,4.5,1,0,0,0,0,1.0,,,,,-0.52,,en,4.5
1882,1883,"first time clothes smelt fresh and lovely, second time not as nice",5.5,5.0,1,1,0,0,0,3.52,5.17,,,,-0.5,,en,5.0
1883,1884,every time i ask that the driver doesnt knock. it wakes my daughter. every time they still knock,5.0,4.5,0,0,0,0,0,,,,,,-0.48,,en,4.5
1884,1885,great service - thank you!,8.0,8.0,0,0,0,1,1,,,,6.48,6.14,-0.5,,en,8.0
1885,1886,the delivery is great but i actually don’t know if my duvets were even washed. Theres no laundry smell and still has stains on. i have a smaller version that fits in my machine so i know the difference.,5.0,5.0,1,1,1,0,1,4.21,5.67,5.3,,4.75,-0.5,,en,5.0
1886,1887,Fine,6.0,7.0,0,0,0,0,0,,,,,,-0.5,,en,7.0
1887,1888,commande non livrée deux fois d’affilée,5.0,6.0,0,0,0,0,0,,,,,,-0.51,,fr,6.0
1888,1889,"some of the clothes were still bit wet (not many, just 4 pieces). overall very pleased with care over my clothes. Delivery driver who picked up my order yesterday (i think his name was Olu) was super nice and true gentleman. Thank you.",6.5,5.5,1,1,1,0,0,4.05,6.43,6.12,,,-0.5,,en,5.5
1889,1890,i got someone else sock back. \nalso mine sock got lost and i havebr received it back,4.0,4.0,1,1,0,0,0,2.66,5.03,,,,-0.49,,en,4.0
1890,1891,"that was pretty good, I liked that\n\njust i had to pay a bit more than i paid earlier but its good they paid attention that thr jacked needed extra care",7.0,6.5,0,0,0,0,0,,,,,,-0.51,,en,6.5
1891,1892,i asked for a hot wash but there was still some stains on my whites,6.5,5.0,1,0,0,0,0,3.98,,,,,-0.49,,en,5.0
1892,1893,Dégât sur mon vêtement,4.5,4.5,0,0,0,0,0,,,,,,-0.5,,fr,4.5
1893,1894,👍,7.0,7.0,0,0,0,0,0,,,,,,-0.51,,en,7.0
1894,1895,absolutely fantastic service from the pick up driver,6.0,6.5,0,0,0,1,1,,,,7.35,5.8,-0.5,,en,6.5
1895,1896,i left trousers with you for mending. they were not mended so what did you charge me for!!,2.5,3.5,1,0,1,0,0,3.52,,4.13,,,-0.5,,en,3.5
1896,1897,Thank you for the user friendly app and prompt service!,6.0,7.0,0,0,0,0,0,,,,,,-0.49,,en,7.0
1897,1898,deliverer was really patient and punctual!,5.5,7.5,0,0,0,0,1,,,,,5.3,-0.51,,en,7.5
1898,1899,not great as washing came back wet,4.0,4.5,1,1,0,0,0,4.26,5.48,,,,-0.5,,en,4.5
1899,1900,Good services provided. User friendly app with real time updates. 👍🏼,7.0,7.5,0,0,0,1,1,,,,6.23,6.68,-0.52,,en,7.5
1900,1901,thank you. everything went well.,5.0,8.0,0,0,0,0,0,,,,,,-0.49,,en,8.0
1901,1902,They scammed me took 327 aed for 73 aed wash and fold bag took 327 extra they kept charging me without my permission they didn’t even wash the clothes properly clothes smell stinks. They stole my 300 worth abaya and other luxury clothes. I do not recommen,2.0,2.5,1,1,1,0,0,4.11,5.13,4.07,,,-0.52,,en,2.5
1902,1903,The collection guy was extremely helpful and called me to say he was waiting for me,5.0,6.0,0,0,0,0,1,,,,,4.38,-0.5,,en,6.0
1903,1904,g,5.5,5.5,0,0,0,0,0,,,,,,-0.52,,en,5.5
1904,1905,i was very disorganised and missed the drivers call and he was great. patient and very polite. thank you!,7.0,6.5,0,0,0,1,1,,,,7.24,5.33,-0.49,,en,6.5
1905,1906,did not follow washing instructions. one pair of gloves has been returned still wet and now it stinks. the wet gloves was placed with my woolen gloves and now both pairs are ruined. i demand compensation,3.0,2.5,1,1,1,0,0,3.41,3.99,3.98,,,-0.5,,en,2.5
1906,1907,excellent,9.0,9.0,0,0,0,0,0,,,,,,-0.5,,en,9.0
1907,1908,i didn't have an order on 15th of December.,5.0,5.0,0,0,0,0,0,,,,,,-0.51,,en,5.0
1908,1909,great service and great people!,9.0,8.0,0,0,0,1,1,,,,7.3,6.72,-0.51,,en,8.0
1909,1910,the reterned bag was thorn put the people who picked up and returned were very professional,5.5,5.5,1,1,0,0,1,4.67,5.16,,,5.37,-0.51,,en,5.5
1910,1911,Item was returned badly damaged,2.0,3.5,1,0,1,0,0,3.19,,3.84,,,-0.51,,en,3.5
1911,1912,my laundry has come back stained,5.0,4.0,1,1,0,0,0,3.45,5.13,,,,-0.49,,en,4.0
1912,1913,"Hi, just wanted to update that my experience wasn’t amazing. \nthe white laundry wasn’t clean enough, makeup marks were visible, and it didn’t look or smell clean. The colored wash also had no smell of washed clothes. \nWill not use again. ",1.0,3.0,1,1,1,0,0,3.9,6.7,3.81,,,-0.5,,en,3.0
1913,1914,"delivery driver was very helpful, excellent experience and order was delivered on time!",8.0,7.0,0,0,0,1,1,,,,7.53,5.26,-0.5,,en,7.0
1914,1915,its a very disappointing service when the neck of my 5  white shirts cane back dirty and some of the shirt were not ironed properly. \n\ni havd been withd the Old name The Laundry App before moving to the express 24hrs service when all white shirts are dirt,4.0,4.0,1,1,1,0,1,4.4,5.97,5.03,,6.02,-0.49,,en,4.0
1915,1916,Facture 48€ en olus et avec une veste non lavée.,5.0,5.0,0,0,0,0,0,,,,,,-0.5,,fr,5.0
1916,1917,great!,8.5,8.5,0,0,0,0,0,,,,,,-0.5,,en,8.5
1917,1918,Really lovely and helpful delivery driver. Very nice guy,8.0,7.0,0,0,0,1,1,,,,7.0,5.42,-0.5,,en,7.0
1918,1919,"great service, really pleased",8.0,8.5,0,0,0,1,1,,,,7.12,5.8,-0.5,,en,8.5
1919,1920,my item was not cleaned,5.0,5.0,1,1,1,0,0,5.07,3.39,3.89,,,-0.5,,en,5.0
1920,1921,"Fast, good quality, convenient. ",7.5,7.0,0,0,0,0,1,,,,,6.99,-0.5,,en,7.0
1921,1922,took 2 times payment..,4.0,4.0,0,0,1,0,0,,,4.39,,,-0.5,,en,4.0
1922,1923,"Great service, thank you :)",7.0,7.5,0,0,0,0,0,,,,,,-0.5,,en,7.5
1923,1924,"Hi,\n\none of the cardigans has shrinken. what happens now?\n",5.0,4.0,1,0,0,0,0,1.0,,,,,-0.51,,en,4.0
1924,1925,totalement satisfaisant a refaire merci passez de belles fetes,6.0,5.5,0,0,0,0,0,,,,,,-0.51,,fr,5.5
1925,1926,I am really happy with your services\n💯,8.5,8.5,0,0,0,0,0,,,,,,-0.5,,en,8.5
1926,1927,brilliant as ever,9.0,7.5,0,0,0,0,0,,,,,,-0.51,,en,7.5
1927,1928,inwas very confused witht the communications regarding my order,4.0,4.5,0,0,1,0,1,,,4.75,,3.24,-0.49,,en,4.5
1928,1929,your drivers are always delayed and never deliver according to the scheduled time and with excuses for how there was nobody at my home. i live in an apartment building  with front desk and porters and there is always someone there.,7.0,3.5,0,0,0,1,1,,,,7.38,5.41,-0.48,,en,3.5
1929,1930,Good!,8.0,8.5,0,0,0,0,0,,,,,,-0.49,,en,8.5
1930,1931,"Great service, quick & efficient ",7.0,7.0,0,0,0,1,1,,,,6.45,6.66,-0.5,,fr,7.0
1931,1932,great,8.0,8.0,0,0,0,0,0,,,,,,-0.5,,en,8.0
1932,1933,Terrible as the laundry does not belong to ours,1.0,2.5,1,1,0,0,0,3.76,5.09,,,,-0.5,,en,2.5
1933,1934,I have received clothes and they were not ironed properly and also lint roller wasnt used on any of them,5.0,5.0,1,1,1,0,0,3.32,5.13,4.73,,,-0.5,,en,5.0
1934,1935,I love this service!,7.5,7.0,0,0,0,0,0,,,,,,-0.5,,en,7.0
1935,1936,"i sent my clothes for clean and repair, the clean is good, but they havent been repaired. \n\n",7.5,4.5,1,1,1,0,0,3.83,4.75,4.49,,,-0.49,,en,4.5
1936,1937,I think its so overpriced to be honest. Nearly £2 per pillowcase and £12 for a jumpsuit. I will be using local launderette next time.,2.0,3.5,1,1,1,0,0,3.7,6.61,5.85,,,-0.49,,en,3.5
1937,1938,not good as the delivery person called and asked me to go down to collect instead of coming up to my flat (there is a lift). normally they come up to collect and deliver,4.0,4.5,0,0,0,1,1,,,,5.35,4.23,-0.49,,en,4.5
1938,1939,amazing experience. at the last time I had to change the address of the delivery and the driver was so kind and available to solve this issue. Great experience. Thanks a lot. Andrea,7.0,6.0,0,0,1,1,1,,,4.98,6.82,4.65,-0.49,,en,6.0
1939,1940,Great service,8.0,8.5,0,0,0,1,1,,,,6.16,6.27,-0.51,,en,8.5
1940,1941,great service!,9.0,8.5,0,0,0,1,0,,,,6.6,,-0.5,,en,8.5
1941,1942,"really fast, great service, lovely drivers",7.0,7.0,0,0,0,1,1,,,,7.65,6.45,-0.5,,en,7.0
1942,1943,6 jours de retard de livraison. sac recu ouvert. non respect des consignes de livraison \n,1.5,3.5,0,0,0,0,0,,,,,,-0.49,,fr,3.5
1943,1944,fantastic experience. thank you.,6.5,7.5,0,0,0,0,0,,,,,,-0.49,,en,7.5
1944,1945,my laundry doesnt smell fresh at all! like its been sat in bags for ages. \n,4.5,3.5,1,1,0,0,0,3.51,4.84,,,,-0.48,,en,3.5
1945,1946,"very bad 👎, my clothes arrived back shrunk and lost colour ",2.0,2.5,1,1,1,0,1,3.24,5.19,4.6,,4.3,-0.5,,en,2.5
1946,1947,it was good but a little expensive,5.0,7.0,0,0,0,0,0,,,,,,-0.51,,en,7.0
1947,1948,"super easy, pick up and drop off was contactless from the reception of my hotel. clothes were nicely folded and clean ! ",8.0,6.5,1,1,0,0,1,5.26,6.98,,,6.51,-0.49,,en,6.5
1948,1949,Poor service. Delay in delivery and pick up,2.0,3.0,1,0,1,1,1,3.99,,4.28,4.57,4.72,-0.51,,en,3.0
1949,1950,"Easy to use, fast and efficient service. ",7.0,7.0,0,0,0,1,1,,,,6.76,7.46,-0.51,,en,7.0
1950,1951,parfait ! merci pour les sacs c’est tres appreciable,5.0,7.0,0,0,0,0,0,,,,,,-0.5,,fr,7.0
1951,1952,very good quality,9.0,8.0,0,0,0,0,0,,,,,,-0.49,,en,8.0
1952,1953,"one day delayed, but no big deal. thank you",5.0,5.5,0,0,0,0,1,,,,,2.84,-0.49,,en,5.5
1953,1954,Happy with the service and delivery!,9.0,8.0,0,0,1,1,1,,,5.24,7.55,5.15,-0.5,,en,8.0
1954,1955,Services was awesome & quickly,8.0,6.5,0,0,0,0,1,,,,,5.96,-0.5,,en,6.5
1955,1956,You ruined every single clothes i gave to you this will be the last time i patronise you..idiots,1.0,1.5,1,1,1,0,0,2.9,5.59,3.93,,,-0.49,,en,1.5
1956,1957,good,8.0,8.0,0,0,0,0,0,,,,,,-0.5,,en,8.0
1957,1958,I recieved the wrong clothes!!,2.5,4.0,1,1,1,0,0,3.06,5.26,4.86,,,-0.5,,en,4.0
1958,1959,speedy delivery,5.0,5.5,0,0,0,0,1,,,,,4.77,-0.5,,da,5.5
1959,1960,"Another good experience. Wasn’t expecting the extra charge for the bath mat as it wasn’t charged separately last time and had I known I wouldn’t have included it but that’s my fault. Other than that, another good experience and definitely helps me out!",6.5,6.5,0,0,1,0,0,,,4.95,,,-0.49,,en,6.5
1960,1961,The laundry was not delivered on the day scheduled causing me a great deal of inconvenience,4.0,4.0,1,1,1,0,1,3.19,4.6,3.87,,4.1,-0.51,,en,4.0
1961,1962,good service,8.0,8.0,0,0,0,1,1,,,,5.61,6.07,-0.51,,en,8.0
1962,1963,"Please do not over promise . Is a disappointment as i tried your service because I needed delivery on Monday, as stated in your schedule after payment. As i need to fly overseas on Tuesday, your delayed delivery created unnecessary inconvenience! ",1.0,3.5,1,0,1,0,1,4.36,,4.9,,4.62,-0.5,,en,3.5
1963,1964,"I hate the wire hangers. for the price of cleaning, the packaging is low quality and packed together which wrinkles the clothes. ",3.0,4.5,1,1,0,0,0,3.53,6.67,,,,-0.51,,en,4.5
1964,1965,great thank you!,8.0,8.0,0,0,0,0,0,,,,,,-0.49,,en,8.0
1965,1966,"great, but forgot to clean and hang one of the shirts. ",8.0,6.0,1,1,1,0,0,4.03,5.64,5.05,,,-0.51,,en,6.0
1966,1967,I have not received my order.,4.0,3.5,0,0,1,0,1,,,4.39,,2.75,-0.51,,en,3.5
1967,1968,"I have been delivered the wrong laundry, I need my laundry tonight,  this is totally unaccepable after paying £22.",3.0,3.0,1,1,1,0,0,3.24,4.6,4.37,,,-0.5,,en,3.0
1968,1969,"Extremely disappointing. Lost my suit for a week, then still made me pay full price for delivery. Apparently have given me a £10 voucher on my account but it is not visible. Makes no sense and adds to the overall unprofessional experience I have had.   ",1.0,3.5,1,0,1,0,1,4.1,,4.42,,4.9,-0.5,,en,3.5
1969,1970,"The service and speed was great. however, my items have come back smelling like food",7.0,6.0,1,1,1,0,1,5.27,4.8,5.33,,5.87,-0.51,,en,6.0
1970,1971,the driver can tell hello instead talk on the phone with someone,5.0,5.0,0,0,0,1,0,,,,6.29,,-0.49,,en,5.0
1971,1972,awesome,9.0,8.0,0,0,0,0,0,,,,,,-0.51,,en,8.0
1972,1973,Good,8.0,8.0,0,0,0,0,0,,,,,,-0.5,,en,8.0
1973,1974,"great driver, delivered quickly. very friendly",7.0,7.0,0,0,0,1,1,,,,7.85,5.88,-0.49,,da,7.0
1974,1975,velvet jacket has been market all over the seams and is ruined,5.0,3.5,1,0,0,0,0,2.8,,,,,-0.51,,en,3.5
1975,1976,late by a day. porch was unlocked but they didnt leave it yesterday. super annoying,4.5,4.0,0,0,0,0,1,,,,,3.34,-0.48,,en,4.0
1976,1977,"thank you, all very good\ndo you not have the blue laundry bags ? i had one for ages or you dont do these anymore? ",5.0,6.0,1,1,1,0,0,3.8,5.04,4.59,,,-0.49,,en,6.0
1977,1978,My sweater was damaged along with other whites,5.0,4.0,1,0,0,0,0,2.41,,,,,-0.5,,en,4.0
1978,1979,"My order was over weighed by 1.7 kg, which I checked again when I recieved it. This was resolved by the help desk. Apart from that, it was great.",8.0,5.0,0,0,1,0,1,,,4.95,,4.22,-0.51,,en,5.0
1979,1980,Really convenient for picking up and delivering my dry cleaning. The people who picked up and delivered were professional. I’d recommend to others! I do wish the packaging could be a bit more environmentally friendly though.,6.0,6.0,0,1,0,0,1,,5.98,,,6.86,-0.51,,en,6.0
1980,1981,"Cleaning service is great, very impressed for my first order. Delivery takes very long and timing is very inaccurate,which would be the only criticism.",5.5,5.0,1,0,1,0,1,5.77,,5.63,,6.28,-0.5,,en,5.0
1981,1982,First time using this service and it won’t be my last!,6.0,6.0,0,0,0,0,0,,,,,,-0.5,,en,6.0
1982,1983,i want my services reimbursed because of my awful experience which i have already listed,1.0,3.5,0,0,1,0,0,,,3.4,,,-0.51,,en,3.5
1983,1984,"This was a terrible experience, from being charged almost double what was quoted to the delivery being delayed by 3 days and the driver making false claims of delivery attempts. Please see related complaint in correspondence with your support team.",1.0,2.5,0,0,1,1,1,,,4.53,5.99,4.13,-0.5,,en,2.5
1984,1985,une semaine au lieu de 48h,4.5,5.0,0,0,0,0,0,,,,,,-0.51,,fr,5.0
1985,1986,"Items were returned with new stains — I’m unsure whether these are permanent or not. Additionally, the cloth belt on my trousers was not returned with the trousers. I’m still awaiting a response around these issues.",4.0,3.5,1,1,1,0,0,3.73,5.16,4.14,,,-0.5,,en,3.5
1986,1987,great service fast turnaround.,7.0,7.0,0,0,0,1,1,,,,6.72,6.54,-0.52,,en,7.0
1987,1988,The pick up and delivery were a bit delayed however being able to track on app was great and the clothes came back clean. Overall I am happy with the experience.,7.5,5.5,1,1,1,0,1,4.87,5.89,5.91,,5.32,-0.5,,en,5.5
1988,1989,1st experience using laundry heap; experience is great. hassle free pick up and delivery. turnaround is also very fast compared to traditional laundry shop.,6.0,6.0,1,1,0,0,1,4.39,7.22,,,6.47,-0.48,,en,6.0
1989,1990,"Great service so far! been using for nearly for 2 months, all shirts and pants comes back clean and neat!",5.0,5.5,1,1,1,0,1,4.93,6.12,5.19,,6.92,-0.49,,en,5.5
1990,1991,delay in pickup and drop,6.0,5.5,0,0,0,0,1,,,,,3.95,-0.48,,en,5.5
1991,1992,Efficient service! Seamless app.,5.0,6.5,0,0,0,0,1,,,,,7.21,-0.51,,en,6.5
1992,1993,I didnt get my laundry!,4.0,4.0,1,1,0,0,0,3.14,5.37,,,,-0.5,,cy,4.0
1993,1994,it is a brilliant service and perfect for my very busy life! i appreciate u guys!,8.0,6.0,0,0,0,0,0,,,,,,-0.51,,en,6.0
1994,1995,awesome,9.0,8.0,0,0,0,0,0,,,,,,-0.51,,en,8.0
1995,1996,my belt is missing on my long black coat,4.5,4.0,0,0,0,0,0,,,,,,-0.5,,en,4.0
1996,1997,nice,7.0,7.0,0,0,0,0,0,,,,,,-0.5,,en,7.0
1997,1998,Fast service.,7.0,6.0,0,0,0,1,1,,,,5.62,6.16,-0.5,,en,6.0
1998,1999,"Hi there, I only received seven shirts out of the eight back. It was a white Tommy Hilfiger Large shirt. Can you enquire about this for me please?",6.0,4.5,1,0,1,0,0,2.61,,4.41,,,-0.51,,en,4.5
1999,2000,Great pick up and drop off. I would use again,7.0,7.5,0,0,0,0,1,,,,,5.96,-0.5,,en,7.5
2000,2001,"i think that there are some women beige linen shorts missing. I also can't find a blue woman shirt that i'm pretty sure i sent the previous time, can you check please? thank you",4.0,4.0,1,0,1,0,0,2.56,,4.51,,,-0.51,,en,4.0
2001,2002,parfait: horaires respectees/livraison co forme,5.0,5.5,0,0,0,0,0,,,,,,-0.5,,fr,5.5
2002,2003,everything too stuffed and wrinkled,3.5,4.0,1,1,0,0,0,2.87,4.72,,,,-0.49,,en,4.0
2003,2004,good service,7.5,8.0,0,0,0,1,1,,,,5.61,6.07,-0.51,,en,8.0
2004,2005,best as usual,6.5,7.0,0,0,0,0,0,,,,,,-0.51,,en,7.0
2005,2006,driver was great.  facility delayed my delivery and mixed up my order with someone elses. i recieved someone elses item of clothing and 5 items of mine are missing,5.5,5.5,1,0,0,1,1,4.94,,,7.36,5.02,-0.49,,en,5.5
2006,2007,"Wish I’d have never fallen for the false advertising on your website; wedding gown was quoted an EXORBITANT cost to be dry cleaned, suit was given to another customer, then items couldn’t be returned on the date they were scheduled. Absolute shitshow.",1.5,3.0,1,0,1,0,0,4.27,,4.4,,,-0.5,,en,3.0
2007,2008,excellent service - really impressed!,8.5,8.0,0,0,1,1,1,,,5.55,7.27,6.15,-0.49,,en,8.0
2008,2009,you damaged one of my shirts,3.5,4.0,1,0,0,0,0,1.84,,,,,-0.49,,en,4.0
2009,2010,the delivery driver was amazing and funny; definitely an asset to youe team,6.0,7.5,0,0,0,1,1,,,,7.66,6.21,-0.51,,en,7.5
2010,2011,dxcellent service,4.5,5.0,0,0,0,0,0,,,,,,-0.5,,fr,5.0
2011,2012,"Who ever delivered my laundry just left it outside my door. No call or anything. When i checked my email it said complete,so i decided to look outside and there it was.\nMrs D Henry -Tillson ",5.0,5.0,1,1,0,0,0,3.91,4.77,,,,-0.5,,en,5.0
2012,2013,i have been using kaundry heap for 3+ years now - but this time i gave 5 jumpers and got billed for 9! and i am being asked to submit multiple photos to prove my claim with no resolution in sight. very disappointing,2.0,2.5,0,0,0,0,0,,,,,,-0.48,,en,2.5
2013,2014,good experience and nice friendly driver. thanks,7.0,8.0,0,0,0,1,1,,,,7.97,6.61,-0.49,,en,8.0
2014,2015,Missing items,4.0,4.5,1,0,0,0,0,2.16,,,,,-0.51,,en,4.5
2015,2016,expensive but very good service.,6.5,6.5,0,0,0,1,1,,,,6.79,6.55,-0.52,,en,6.5
2016,2017,Not grest on this occasion it was delayed twice and arrived 4 days late. both occasions being notified last minute.,3.0,4.5,0,0,0,0,1,,,,,4.18,-0.5,,en,4.5
2017,2018,good,8.0,8.0,0,0,0,0,0,,,,,,-0.5,,en,8.0
2018,2019,"The clothes were not cleaned, charged me £60 for clothes that cane back with the same smell",4.0,3.0,1,1,1,0,0,4.11,4.83,3.93,,,-0.49,,en,3.0
2019,2020,dont think this is dry cleaned properly,4.0,4.5,1,1,0,0,0,4.64,3.96,,,,-0.5,,en,4.5
2020,2021,hey im missing one white shirt from the delivery and the trench coat has still stains on it,5.5,4.0,1,1,1,0,0,3.61,5.04,4.57,,,-0.48,,en,4.0
2021,2022,"Trialled the dry cleaning service. Efficient and friendly service, competitive rates. Saves another job at the weekend. Would recommend and will use again. ",6.0,5.5,1,0,1,0,0,4.98,,4.47,,,-0.5,,en,5.5
2022,2023,Very disappointed on this occasion. \n\nAll my shirts have been returned and still dirty. \n\nI get the impression they were collected and ironed them put back into plastic. \n\nPlease organise picking them up again to re-do them as for £75 its disappointing,3.0,3.0,1,1,1,0,0,3.92,5.52,4.46,,,-0.49,,en,3.0
2023,2024,cf note,5.0,6.0,0,0,0,0,0,,,,,,-0.53,,en,6.0
2024,2025,where is mu ikea bag? why i got a laundryheap bag broken instead? does laundryheap keeps stealing customers bags?,3.0,2.5,1,1,0,0,0,3.34,4.14,,,,-0.5,,en,2.5
2025,2026,Fantastic service as always. Driver was prompt on collection and delivery and dry cleaning service was perfect! Thank you,7.0,7.0,1,0,1,1,1,5.57,,5.13,7.87,5.77,-0.49,,en,7.0
2026,2027,Thank you very much for yours service,6.0,7.0,0,0,0,0,0,,,,,,-0.5,,en,7.0
2027,2028,"I’m absolutely horrified by the state in which you have sent back my bedding and towels; they are dirtier than when they left me, and several items have gone yellow! Please let me know how to make a complaint. ",1.0,3.0,1,1,1,0,0,3.96,4.53,3.9,,,-0.5,,en,3.0
2028,2029,"I sent a black bag with the laundry but my bag didnt come back. It was not a disposable bag. The laubdry came back all in one plastic bag and the plastic bag tore in the hotel and all my clothes fell out. Can you please return my black bag.
 Ashvin",4.0,3.5,1,1,1,0,0,3.45,4.63,4.1,,,-0.51,,en,3.5
2029,2030,this order was late 1 hour. the delivery person refused to come up to my flat or even into the building and made me stand outside in the rain to collect my items. \n\nZERO stars. if you cant make this right i will he contacting my bank and deleting this app,1.0,3.0,0,0,1,0,1,,,4.46,,3.95,-0.5,,en,3.0
2030,2031,"Lovely delivery guys. But, the last few orders have been delayed by a few days in arriving. you need to manage expectations and set a realistic delivery window (i.e. 4 days rather than 2).",4.5,4.5,0,0,1,0,1,,,5.26,,4.05,-0.51,,en,4.5
2031,2032,my problem is not resoĺved dress ruined have made a complaint,3.0,3.0,1,0,1,0,0,2.96,,4.32,,,-0.51,,en,3.0
2032,2033,there’s still stain on my white jeans !!,4.0,4.5,1,0,0,0,0,4.05,,,,,-0.5,,en,4.5
2033,2034,best service i have had so far great job,8.0,8.0,0,0,0,1,1,,,,6.92,6.19,-0.5,,no,8.0
2034,2035,good service,8.0,8.0,0,0,0,1,1,,,,5.61,6.07,-0.51,,en,8.0
2035,2036,good,8.0,8.0,0,0,0,0,0,,,,,,-0.5,,en,8.0
2036,2037,not good,4.0,3.5,0,0,0,0,0,,,,,,-0.49,,en,3.5
2037,2038,"order picked up and delivered fine, sheets look good but 2 of the shirts had creases in so needed an extra quick iron. not great. ",6.0,5.0,1,0,1,0,1,3.69,,5.36,,4.37,-0.5,,en,5.0
2038,2039,thanks,7.0,6.5,0,0,0,0,0,,,,,,-0.51,,en,6.5
2039,2040,not cleaned well! please pick up and do it again,2.0,4.5,1,0,0,0,0,4.9,,,,,-0.5,,en,4.5
2040,2041,"excellent, friendly and on time",8.0,7.5,0,0,0,1,1,,,,6.77,6.55,-0.51,,en,7.5
2041,2042,terrible,1.0,1.0,0,0,0,0,0,,,,,,-0.51,,en,1.0
2042,2043,"La prise en charge fut laborieuse: 2 reports a la derniere minute. et lorsque que je reclame un geste commercial pour cette mésaventure, on botte en touche …",5.0,4.5,0,0,0,0,0,,,,,,-0.49,,fr,4.5
2043,2044,it was delivered perfectly! I take back my last review!!,5.5,5.0,0,0,1,0,1,,,4.88,,3.97,-0.5,,en,5.0
2044,2045,great and quick service,7.0,7.5,0,0,0,1,1,,,,6.75,6.59,-0.52,,en,7.5
2045,2046,good service,8.0,8.0,0,0,0,1,1,,,,5.61,6.07,-0.51,,en,8.0
2046,2047,"I don’t know what happened to my clothes, I ordered to be done in separate wash and my white clothes don’t look white at all! I even have new stains in my clothes! \nnot happy at all!",2.0,3.0,1,1,1,0,0,3.52,5.15,4.63,,,-0.5,,en,3.0
2047,2048,"Hi team, the order was supposed to be delivered yesterday. We were waiting at home but it didn't arrive. The tracking link provided didn't work either. I got to know that the order would be delivered today when I saw the delivery time change in the app.",3.5,3.5,0,0,0,0,1,,,,,2.81,-0.49,,en,3.5
2048,2049,It's great,7.0,7.0,0,0,0,0,0,,,,,,-0.51,,en,7.0
2049,2050,"I’m very satisfied the quality of the laundry, however, I was a bit disappointed it was not delivered within 24 hours, but 48 hours instead. ",5.5,5.0,1,1,1,0,1,4.11,5.71,5.34,,4.93,-0.5,,en,5.0
2050,2051,"great service, fast, efficient, reliable easy to navigate",7.5,6.5,0,0,0,1,1,,,,6.38,6.93,-0.5,,en,6.5
2051,2052,I’ve been delivered the incorrect order.,4.0,3.0,0,0,1,0,0,,,4.55,,,-0.51,,en,3.0
2052,2053,First time user. Excellent I was in a bit of an hole due to a flood with my own washer out of action and ill health,6.0,5.0,0,0,0,0,0,,,,,,-0.49,,en,5.0
2053,2054,"Pickup was late
 Wrong invoice sent
 Delivery delayed by a day
 Communication poor - was told laundry would be delivered but it was cancelled last minute and delivered following day
 . 
 following day it arrived two hours after slot
 Very unprofessional",3.0,4.0,1,1,1,0,1,4.12,4.55,4.29,,4.84,-0.5,,en,4.0
2054,2055,appreciated the quick available service!,5.5,7.5,0,0,0,0,1,,,,,5.03,-0.51,,en,7.5
2055,2056,Fantastic service by my delivery driver. i wasnt home and he found a way to get my clothes to my door. very grateful 🙏🏽,7.0,7.0,1,0,1,1,1,5.0,,5.24,7.29,5.09,-0.5,,en,7.0
2056,2057,great service! and on time!,8.0,7.5,0,0,0,1,1,,,,7.72,5.94,-0.51,,en,7.5
2057,2058,"clothes were clean, but they were folded terribly. everything camenout really wrinkled",4.0,4.5,1,1,0,0,0,3.35,5.69,,,,-0.5,,en,4.5
2058,2059,horrible,1.5,1.5,0,0,0,0,0,,,,,,-0.51,,en,1.5
2059,2060,confusing experience from driver (thought he was collecting rather than delivering) but was service was good,5.0,5.5,0,0,0,1,1,,,,6.75,5.16,-0.5,,en,5.5
2060,2061,clothes are still damp and smell wet,6.0,4.5,1,1,0,0,0,3.18,5.28,,,,-0.49,,en,4.5
2061,2062,on time / good delivery service,7.5,7.0,0,0,0,1,1,,,,7.11,6.03,-0.51,,en,7.0
2062,2063,thank you! real quick,7.0,7.0,0,0,0,0,1,,,,,4.81,-0.49,,en,7.0
2063,2064,driver very friendly as always!,6.5,8.0,0,0,0,1,0,,,,7.84,,-0.48,,en,8.0
2064,2065,Delivery was made 4 days late. Very disappointing,3.0,3.0,0,0,1,0,1,,,4.48,,4.09,-0.5,,en,3.0
2065,2066,pillows and duvet not completely dry,5.0,5.0,1,0,0,0,0,2.32,,,,,-0.49,,en,5.0
2066,2067,Lovely people on both collection and drop off,7.0,7.0,0,0,0,0,0,,,,,,-0.5,,en,7.0
2067,2068,amazing quality and dilvery. thank you very much,6.5,7.0,0,0,0,0,0,,,,,,-0.5,,en,7.0
2068,2069,"ORDER NEVER DELIVERED, DRIVER NEVER CALLED, HAD TO CONTACT PICKUP DRIVER!!! STILL NO ORDER ",2.0,3.5,0,0,0,0,1,,,,,3.64,-0.5,,en,3.5
2069,2070,my beige jacket came back with black atain on the collar . what happened ? can you clean it again,5.0,4.5,1,0,0,0,0,3.73,,,,,-0.51,,en,4.5
2070,2071,i didnt receive my laundry!!!,4.0,3.5,1,1,1,0,0,3.36,4.8,4.3,,,-0.49,,cy,3.5
2071,2072,professional and caring about the quality of service,6.0,6.0,0,0,0,1,1,,,,7.1,6.94,-0.51,,en,6.0
2072,2073,"Thank you so much for an excellent sevice. Fast, On time and clothes smell amazing! ",8.0,7.0,1,0,1,1,1,5.26,,6.65,8.12,6.19,-0.5,,en,7.0
2073,2074,worst smell ever with the duvet smelling like someone farted in them. did you wash them with urine???,1.0,3.0,1,1,0,0,0,2.7,4.14,,,,-0.49,,en,3.0
2074,2075,love using the service ans recommend it to all my friends!,6.0,5.5,0,0,0,0,0,,,,,,-0.49,,en,5.5
2075,2076,efficient but a little more expensive than i thought,6.0,5.5,0,0,0,0,0,,,,,,-0.52,,en,5.5
2076,2077,happy to have done my late clothes washing but the fold is not really well and i have an issue with one tshirt : the logo is broken due to a too high temperature used. it’s not the first cleaning for this one and it’s the first time that happen on it,4.0,3.5,1,0,0,0,0,3.01,,,,,-0.5,,en,3.5
2077,2078,Great professional service as always,6.0,7.5,0,0,0,1,0,,,,6.78,,-0.49,,en,7.5
2078,2079,he mossed delivering 4 items of the orderp,3.5,5.5,0,0,0,0,1,,,,,4.5,-0.49,,en,5.5
2079,2080,will use service again.,5.0,5.0,0,0,0,0,0,,,,,,-0.51,,en,5.0
2080,2081,thank you for the re-wash. now my clothes are smelling fragrant,5.0,6.0,1,1,1,0,0,4.17,6.03,5.7,,,-0.5,,en,6.0
2081,2082,it’s my first tie trying your service and i’m absolutely happy with the results. I wish if there was a student discount though.\n\nthank you for your lovely service.,7.0,5.5,0,0,1,0,0,,,5.23,,,-0.5,,en,5.5
2082,2083,wrong shirts were delivered,3.5,3.5,1,1,1,0,0,2.97,4.45,4.69,,,-0.5,,en,3.5
2083,2084,"thankyou, washed and delivered efficiently ",5.0,7.5,1,1,1,0,1,4.86,6.17,6.68,,5.68,-0.51,,en,7.5
2084,2085,"was disappointed because delivery was late by 24hrs...But when received it was professionally done, would have got 5 stars if it was delivered on time...",4.0,4.5,1,0,1,0,1,5.08,,5.27,,5.52,-0.49,,en,4.5
2085,2086,all good,8.0,7.5,0,0,0,0,0,,,,,,-0.52,,en,7.5
2086,2087,excellent,8.5,9.0,0,0,0,0,0,,,,,,-0.5,,en,9.0
2087,2088,"worst service, I had asked for kne bag to be Dry cleaned which was done perfectly but other was supposed to wash and iron service.. The shirts are not even washed properly and are ceumpled to death.. never using you guys again",1.0,3.0,1,1,1,0,1,4.28,5.26,4.59,,5.89,-0.5,,en,3.0
2088,2089,mixed up my clothes with others 😑 this is my girdt time using this service and didnt expect this would happen...,5.0,4.0,1,1,1,0,0,3.58,5.41,5.13,,,-0.5,,en,4.0
2089,2090,Great service!,8.5,8.5,0,0,0,1,0,,,,6.6,,-0.5,,en,8.5
2090,2091,great service,7.0,8.5,0,0,0,1,1,,,,6.16,6.27,-0.51,,en,8.5
2091,2092,great service,8.0,8.5,0,0,0,1,1,,,,6.16,6.27,-0.51,,en,8.5
2092,2093,all good,8.0,7.5,0,0,0,0,0,,,,,,-0.52,,en,7.5
2093,2094,items not clean. money stolen,2.0,3.5,1,1,1,0,0,4.44,3.99,3.47,,,-0.5,,en,3.5
2094,2095,really effecient service \nall on time \nreally happy overall,6.0,6.5,0,0,0,1,1,,,,6.32,6.34,-0.51,,en,6.5
2095,2096,loved it,8.0,7.5,0,0,0,0,0,,,,,,-0.5,,en,7.5
2096,2097,Great and convinient service as always. Prompt and professional.,8.0,7.0,0,0,1,1,1,,,4.97,6.3,6.03,-0.5,,en,7.0
2097,2098,"My laundry basket was not returned. \n\nMoreover, I would like to say that the way you staple the clothes with the orange numbered paper is harming some of my clothers. I would suggest you to find another way to numerize the clothes ",5.0,4.0,1,1,1,0,0,3.28,5.15,3.8,,,-0.49,,en,4.0
2098,2099,"pick up and delivery very efficient and on time. everything washed and folded ready to put away!my only qualm was that one wash says 6kg - i weighed my bags before chosing how many washes and it weighed 12kg so chose 2 washes, but was charged for 3.",6.0,5.5,1,1,0,0,1,4.83,6.02,,,5.75,-0.51,,en,5.5
2099,2100,bad i gave them abaya for dryclean they bring it in very bad way without ironing.,1.0,2.0,1,1,1,0,0,3.93,5.17,4.7,,,-0.51,,en,2.0
2100,2101,excellent service!!,9.0,8.0,0,0,0,1,1,,,,6.53,5.91,-0.5,,fr,8.0
2101,2102,not good- very had folding- all my clothes were packed oddly. not worth the money. i am also unclear as to why I was charged so much.,6.0,4.0,1,1,0,0,1,3.81,6.57,,,5.87,-0.49,,en,4.0
2102,2103,very good,9.0,8.5,0,0,0,0,0,,,,,,-0.5,,en,8.5
2103,2104,"hi there ,\ni am not satisfied, unfortunately…the stains from puffed jacket were not removed at all :( ",2.0,4.5,1,0,1,0,0,4.2,,4.99,,,-0.48,,en,4.5
2104,2105,excellent. timely pickup and delivery and clothes look great,8.5,7.5,1,0,1,1,1,4.73,,5.91,7.62,5.42,-0.5,,en,7.5
2105,2106,"Amazing service, ifems were collected quickly and a delivery time was procided with updates along the way. Will definitely he using this again!",5.5,6.5,0,0,0,0,1,,,,,5.87,-0.5,,en,6.5
2106,2107,everything PERFECT!!!,8.0,6.5,1,0,0,0,0,5.24,,,,,-0.51,,en,6.5
2107,2108,amazing,7.0,7.0,0,0,0,0,0,,,,,,-0.51,,en,7.0
2108,2109,"you all are unbelievably and ridiculously bad. did it on purpose to put mine as the last stop for pick-up and collection, right? for both occasions, it was late by more than an hour after the scheduled delivery window has closed. whole company is a farce",1.0,2.5,0,0,0,0,1,,,,,4.41,-0.51,,en,2.5
2109,2110,hapoy with the service,4.0,4.5,0,0,0,0,0,,,,,,-0.5,,en,4.5
2110,2111,good service. repeated customer. recommend,7.5,6.5,0,0,1,1,1,,,4.6,6.41,6.65,-0.5,,en,6.5
2111,2112,x,5.0,5.0,0,0,0,0,0,,,,,,-0.51,,en,5.0
2112,2113,The service is good and fast turn around,7.5,7.0,0,0,0,1,1,,,,7.03,6.56,-0.51,,en,7.0
2113,2114,This time duvets and sheets were not ironed and folded perfectly as usual. looked a bit messy. but for cleanliness 10 out of 10.,4.0,5.0,1,1,0,0,0,4.26,5.96,,,,-0.51,,en,5.0
2114,2115,great! nice service.,7.0,9.0,0,0,0,1,1,,,,7.04,5.49,-0.51,,ro,9.0
2115,2116,was delivered to wrong adress had to go looking at all my neighbors to find it,3.5,4.0,0,0,0,0,1,,,,,3.54,-0.5,,en,4.0
2116,2117,***** \nItems were delivered on time and nicely cleaned and packed.  Thank you.,8.0,7.5,1,1,1,0,1,5.26,5.25,5.16,,5.42,-0.5,,en,7.5
2117,2118,great service and vry reliable with nice drivers. love it.,8.0,7.0,0,0,0,1,1,,,,7.32,6.09,-0.49,,en,7.0
2118,2119,happy with the service !,9.0,8.0,0,0,0,1,1,,,,6.83,5.67,-0.5,,en,8.0
2119,2120,i am sad to say that my clothes were not washed properly!,3.0,3.5,1,1,1,0,0,3.33,5.14,4.78,,,-0.5,,en,3.5
2120,2121,"everything is so easy and quick. only my clothes are not smelling as they are out from laundry, but they look clean.",7.0,6.5,1,1,0,0,0,4.6,6.45,,,,-0.48,,en,6.5
2121,2122,The short hasn’t been cleaned properly. The inside of the cuffs and on the back there’s water mark like the detergent has not been cleaned away.,6.0,4.5,1,0,0,0,0,3.23,,,,,-0.5,,en,4.5
2122,2123,very good,8.0,8.5,0,0,0,0,0,,,,,,-0.5,,en,8.5
2123,2124,b,5.0,5.0,0,0,0,0,0,,,,,,-0.51,,en,5.0
2124,2125,have contacted you separately about the price increase and false advertising.,3.0,4.5,0,0,1,0,0,,,4.57,,,-0.51,,en,4.5
2125,2126,"great, friendly service thank you ",8.0,8.0,0,0,0,1,1,,,,6.54,6.25,-0.5,,en,8.0
2126,2127,"Great, easy process, lovely delivery driver",6.5,7.0,0,0,1,1,1,,,5.54,7.77,5.42,-0.49,,en,7.0
2127,2128,"fantastic service and great value, although I don’t need so many updates throughout!",7.0,7.0,0,0,0,0,0,,,,,,-0.5,,en,7.0
2128,2129,my louis vuitton jacket has a weird chemical smell,4.0,4.0,1,1,0,0,0,2.32,3.95,,,,-0.5,,en,4.0
2129,2130,"efficient as ever, great service and good collection and delivery. thank you! ",8.0,7.5,0,0,1,1,1,,,5.74,8.03,6.21,-0.51,,en,7.5
2130,2131,excellent,9.0,9.0,0,0,0,0,0,,,,,,-0.5,,en,9.0
2131,2132,excellent as always,9.0,8.5,0,0,0,0,0,,,,,,-0.51,,en,8.5
2132,2133,"good evening, can I get a refund please for the white shirt, which is clearly not ironed? will send photos to customer service thanks ",6.0,4.5,1,0,1,0,0,3.53,,4.61,,,-0.5,,en,4.5
2133,2134,Tried Laundryheap for the first time. Realized there is no phone contact and no idea where the clothes are going. As a result will not be comfortable sending any more clothes to you.,7.0,5.0,1,1,1,0,0,3.34,6.28,4.85,,,-0.5,,en,5.0
2134,2135,when I booked i paid like 70 aed but ended up being charged like over 300aed\ni wanted to wash and iron \nsomehow u charge per item and its like way too much in my opinion\nover priced \nwont use the service again,1.5,4.0,1,0,1,0,0,4.95,,5.12,,,-0.5,,en,4.0
2135,2136,i appreciate the driver tried to get here asap when running late and got here on time,3.0,6.0,0,0,0,1,1,,,,7.73,5.16,-0.49,,en,6.0
2136,2137,help! our laundry was not delivered!!! we need our belingings back asap!,2.0,4.0,1,1,1,0,0,3.41,4.93,4.74,,,-0.5,,af,4.0
2137,2138,"Order was delayed getting picked up & severely delayed getting delivered, didn’t have the suit in time for a formal event we were attending.",6.0,4.0,1,0,1,0,1,2.97,,4.32,,3.9,-0.51,,en,4.0
2138,2139,very bad. our our was delivered three hours early. the driver left the laundry outside out house without our permison. we cannot be home for a while yet - if the laundry has been stolen we will be seeking compensation. \n,2.5,3.0,1,1,0,1,1,4.07,5.03,,5.78,4.69,-0.49,,en,3.0
2139,2140,my plush changed shape completely. please reach out to me soonest.,4.0,4.0,0,0,0,0,0,,,,,,-0.51,,en,4.0
2140,2141,my laundry was delivered to the wrong address. Problem was promised to be corrected the next day. 4 days later i finally got it back. Staff lied about what happened (broken down car) and made multiple false promises about getting it back. The worst ever.,2.0,2.5,1,0,1,0,0,4.22,,2.94,,,-0.5,,en,2.5
2141,2142,"My blanket is still damaged, it is shedding and the item is remarkably thin. I’m very disappointed.",2.0,3.0,1,0,0,0,0,1.58,,,,,-0.51,,en,3.0
2142,2143,suit returned after drycleaning. lookes terrible. creased,2.0,3.5,1,1,0,0,0,3.31,5.26,,,,-0.5,,en,3.5
2143,2144,it was so convenient and easy thank you,7.5,7.0,0,0,0,0,0,,,,,,-0.5,,en,7.0
2144,2145,worst service ever I am not dealing with you again and I want my money back,1.0,3.0,0,0,1,0,0,,,4.23,,,-0.5,,en,3.0
2145,2146,the clothes does not smell like from laundry. not sure if they forgot to add detergent or its too little.,4.5,4.5,1,1,0,0,0,3.71,6.64,,,,-0.49,,en,4.5
2146,2147,good,8.0,8.0,0,0,0,0,0,,,,,,-0.5,,en,8.0
2147,2148,good service the duvets and pillows look nice and clean,8.0,7.0,1,0,1,0,1,4.75,,5.29,,6.52,-0.5,,en,7.0
2148,2149,the clothes came as dirty as i sent them and i am very disappointed,2.0,4.5,1,1,1,0,0,3.78,5.71,5.18,,,-0.49,,en,4.5
2149,2150,happy with order and delivery,8.0,7.0,1,0,1,0,1,5.26,,5.13,,4.29,-0.49,,en,7.0
2150,2151,Missing 4 shirts in the order returned,4.0,4.5,1,0,1,0,0,2.45,,4.15,,,-0.5,,en,4.5
2151,2152,"very friendly driver. should leave the tip option until after the service has been completed. Several times, in the past, drivers cancelled, so I dont like to tip in advance. ",5.0,5.5,0,0,0,1,1,,,,7.01,6.6,-0.48,,en,5.5
2152,2153,"Excellent service, thank you!",8.0,8.0,0,0,1,1,1,,,5.08,6.52,6.01,-0.5,,en,8.0
2153,2154,"yes, very happy",9.0,8.5,0,0,0,0,0,,,,,,-0.5,,en,8.5
2154,2155,Excellent service. Delighted with it. Thank you.,8.0,7.5,0,0,1,1,1,,,4.99,6.46,5.79,-0.5,,en,7.5
2155,2156,Bonsoir. Il manque malheureusement un dessus de lit... 4 retournés au lieu de 5 remis..\n,5.5,5.0,0,0,0,0,0,,,,,,-0.51,,fr,5.0
2156,2157,nice,8.0,7.0,0,0,0,0,0,,,,,,-0.5,,en,7.0
2157,2158,Our laundry was supposed to have been ready and delivered yesterday. it took a lot of effort to get our laundry delivered to our next hotel.,4.5,5.0,1,1,1,0,1,3.72,4.79,4.48,,4.09,-0.5,,en,5.0
2158,2159,"all good \nwe are just in holidays \nvery convenient service, i highly recommend you ",8.0,6.0,0,0,1,1,0,,,4.54,5.12,,-0.52,,en,6.0
2159,2160,Such a handy service and super friendly and professional driver too! Was a bit disappointed with the washing not coming the next day and being charged quite a bit for it too. As a first time user of the service felt am discount could have been applied,5.0,5.0,1,0,1,1,1,5.23,,5.19,6.43,6.28,-0.49,,en,5.0
2160,2161,did not deliver the clothes to my apartment as instructed,6.0,4.0,1,1,1,0,0,3.17,4.71,3.84,,,-0.5,,en,4.0
2161,2162,"The driver is the first one who know how to drop my luandry at my boat, b3cause I live in the boat. He is the best, I am really appreciated. Thank you so much.",5.5,6.0,0,0,0,1,0,,,,7.5,,-0.48,,en,6.0
2162,2163,great!,9.0,8.5,0,0,0,0,0,,,,,,-0.5,,en,8.5
2163,2164,not happy. plz call back,4.0,4.0,0,0,0,0,0,,,,,,-0.49,,en,4.0
2164,2165,excellent,8.0,9.0,0,0,0,0,0,,,,,,-0.5,,en,9.0
2165,2166,Not good inhad to sent a a complaint due to shrinkage,4.0,4.0,1,0,0,0,0,1.92,,,,,-0.51,,en,4.0
2166,2167,friendly and on time,6.0,6.5,0,0,0,1,1,,,,7.45,6.63,-0.51,,en,6.5
2167,2168,thanks,5.0,6.5,0,0,0,0,0,,,,,,-0.51,,en,6.5
2168,2169,brilliant,8.5,8.0,0,0,0,0,0,,,,,,-0.52,,en,8.0
2169,2170,its nice to get it delivered,6.0,7.0,0,0,0,0,1,,,,,3.82,-0.49,,nl,7.0
2170,2171,excellent timing and service!! quick and easy to use!! thank yoi!!,8.0,7.5,0,0,0,0,1,,,,,5.8,-0.49,,en,7.5
2171,2172,good,8.0,8.0,0,0,0,0,0,,,,,,-0.5,,en,8.0
2172,2173,"not sure if its used too much washing powder or the rinse cicle isnt enough. darks always return with white powder marks everywhere. also they dont come smelling like fresh from the laundry, there is a chemechal scent. soft/freshner is an extra? ",6.0,4.5,1,1,0,0,0,3.88,3.45,,,,-0.49,,en,4.5
2173,2174,"unhappy with the delivery. been expecting dress to be delivered within 24H but office keeps on rescheduling them, until last night. customer service rep says that delivery guy trying to call me - but there is no call received, had my dress around midnight",4.0,3.5,1,0,1,0,1,3.87,,4.49,,3.91,-0.5,,en,3.5
2174,2175,Laundry heap service is so convenient. i have been travelling solo in the UK and it has been so easy having laundry picked up and delivered to my hotel... would recommend to anyone travelling!!,7.5,6.0,1,1,0,0,0,4.61,7.83,,,,-0.49,,en,6.0
2175,2176,we didn’t receive the items,5.0,4.5,1,0,1,0,0,2.21,,4.36,,,-0.51,,en,4.5
2176,2177,My bed spread has been returned with several marks that were not on it before. That’s not the idea. How do I make a complaint?,4.0,4.0,1,0,1,0,0,3.77,,3.22,,,-0.5,,en,4.0
2177,2178,great delivery service,7.5,8.0,0,0,0,1,1,,,,6.65,5.79,-0.51,,en,8.0
2178,2179,Very pleased with service. Many thanks!,7.5,8.0,0,0,1,1,1,,,5.52,6.97,6.12,-0.5,,en,8.0
2179,2180,good,8.0,8.0,0,0,0,0,0,,,,,,-0.5,,en,8.0
2180,2181,timely and friendly :),6.0,7.0,0,0,0,1,1,,,,6.74,5.87,-0.5,,en,7.0
2181,2182,i sent 2 bags in. one for washing one for dry cleaning but only received one bag back. can i get a second bag?,5.0,4.5,1,1,1,0,0,2.85,3.65,4.06,,,-0.51,,en,4.5
2182,2183,tres bien\nreçu en temps et en heure et impeccable \nlivreur sympa\nmerci !,9.0,6.5,0,0,0,0,0,,,,,,-0.5,,fr,6.5
2183,2184,love it,6.0,7.0,0,0,0,0,0,,,,,,-0.5,,en,7.0
2184,2185,very handy service while i am travelling.  good price for service,7.5,6.0,0,0,0,0,0,,,,,,-0.5,,en,6.0
2185,2186,assez déçu par rapport au prix facturé\nrepassage des draps assez grossier,5.0,5.0,0,0,0,0,0,,,,,,-0.5,,fr,5.0
2186,2187,ontime,5.0,5.5,0,0,0,0,0,,,,,,-0.51,,en,5.5
2187,2188,We have several (at least 3) socks missing and one of my sweaters came back with a stain on it that wasn’t there before.,4.0,4.0,1,1,0,0,0,3.01,4.16,,,,-0.49,,en,4.0
2188,2189,i asked for folded shirts but they were on hangers so not so happy,4.0,4.5,1,1,0,0,0,2.73,6.16,,,,-0.5,,en,4.5
2189,2190,i would like to have my shirts folded.,5.5,5.0,1,0,0,0,0,1.92,,,,,-0.49,,en,5.0
2190,2191,amazing!,8.0,7.5,0,0,0,0,0,,,,,,-0.51,,en,7.5
2191,2192,I specifically requested on my order form that the shirts be folded.  instead they came back hanging.,5.5,4.5,1,1,0,0,0,2.06,6.12,,,,-0.49,,en,4.5
2192,2193,very happy wonderful service. will be back.,8.0,7.5,0,0,1,1,0,,,4.7,6.96,,-0.5,,en,7.5
2193,2194,Instructions ignored and communication almost impossible,2.5,3.5,0,0,0,0,0,,,,,,-0.49,,en,3.5
2194,2195,Great service!,8.0,8.5,0,0,0,1,0,,,,6.6,,-0.5,,en,8.5
2195,2196,very convenient and transparent process,7.0,6.5,0,0,0,0,0,,,,,,-0.49,,fr,6.5
2196,2197,prompt and reliable,5.0,7.0,0,0,0,1,1,,,,6.46,7.04,-0.5,,en,7.0
2197,2198,thank you!,5.5,6.0,0,0,0,0,0,,,,,,-0.5,,en,6.0
2198,2199,clothes were not folded properly,5.0,4.5,1,1,0,0,0,2.45,5.63,,,,-0.51,,en,4.5
2199,2200,my laundry is still wet! ive had to hang it out at home to let it dry. So sending it for a ‘wash and Dry’ has cost me £32 for nothing as i could have washed and hung out in my own house. i dont have a tumble dryer and liminted space. So dissapointed!,2.0,3.5,1,1,1,0,0,3.84,5.61,4.73,,,-0.49,,en,3.5
2200,2201,excellent!  we love your service and the friendly delivery people.,6.0,8.5,0,0,1,1,1,,,5.33,8.43,5.38,-0.5,,en,8.5
2201,2202,Perfectly on time and a very cheery person.  Couldn’t ask for more.  thanks!,7.0,8.5,0,0,0,1,1,,,,7.61,5.69,-0.5,,en,8.5
2202,2203,Unfortunately i went to a meeting not looking my best with the 24 hour missed delivery. Least you could have done is priortize the delivery in the morning vs night,3.0,4.5,0,0,0,0,1,,,,,4.42,-0.49,,en,4.5
2203,2204,It was great! My clothes was carefully delivered. I quickly reviewed the clothes & they looked practically brand new! I really appreciate the quality & care of my clothes. Amazing!\n,6.0,6.0,1,1,1,0,1,4.7,6.02,5.21,,5.25,-0.5,,en,6.0
2204,2205,"laundryheap is my best option when travelling. i tried it in europe and inthe us. great service, super efficient!",8.0,6.5,1,0,0,0,0,4.8,,,,,-0.5,,en,6.5
2205,2206,Great job on cleaning and folding,8.5,8.0,1,0,0,0,0,4.74,,,,,-0.5,,en,8.0
2206,2207,it was more expensive than expected but other than that everything was fantastic,6.0,6.0,0,0,0,0,1,,,,,5.46,-0.51,,en,6.0
2207,2208,"super convenient, timely and high quality service",7.0,7.0,0,0,0,1,1,,,,7.01,6.54,-0.51,,en,7.0
2208,2209,excellent- thank you so much!,7.0,7.5,0,0,0,0,0,,,,,,-0.5,,en,7.5
2209,2210,This is one of the mose horrible service I have ever. 26 £ for clean the Duved and is still dirty.,1.5,2.5,1,0,1,0,0,5.5,,4.09,,,-0.49,,en,2.5
2210,2211,"Terrible, laundry heap has lost my 5 items worth over £1000, and im left without my tux during the festive period!",1.0,1.5,1,1,1,0,0,3.23,4.88,4.46,,,-0.5,,en,1.5
2211,2212,excellent,9.0,9.0,0,0,0,0,0,,,,,,-0.5,,en,9.0
2212,2213,"Quick, easy and value for money",8.0,7.0,0,0,0,0,0,,,,,,-0.49,,en,7.0
2213,2214,"I was overcharged so had to ask for a refund. otherwise a good service, but I will be taking photos as evidence of weight if I use the service again.",7.0,4.0,0,0,1,0,0,,,4.68,,,-0.5,,en,4.0
2214,2215,2nd time using Laundryheap and continues to be excellent,6.0,6.0,1,1,0,0,0,4.22,7.07,,,,-0.49,,en,6.0
2215,2216,worst laudnry service,1.0,2.5,1,0,0,0,0,4.77,,,,,-0.5,,en,2.5
2216,2217,all good,7.5,7.5,0,0,0,0,0,,,,,,-0.52,,en,7.5
2217,2218,worst service ever,1.0,1.5,0,0,0,0,0,,,,,,-0.5,,en,1.5
2218,2219,great!,8.0,8.5,0,0,0,0,0,,,,,,-0.5,,en,8.5
2219,2220,super !,7.0,7.5,0,0,0,0,0,,,,,,-0.5,,en,7.5
2220,2221,tres bon!,5.0,5.0,0,0,0,0,0,,,,,,-0.49,,en,5.0
2221,2222,"never again, this was my last Laundryheap order. charging me 79£ for a bag of laundry. pyama pants to wash for 7,90. I’m off. I put iron service so the laundry service wouldn’t come back wet, as last time, but making me pay £79 is unbelievable. ironed gym",1.0,3.5,1,1,1,0,0,4.02,5.81,4.21,,,-0.49,,en,3.5
2222,2223,good service but not happy in the itemised bill for a summer dress which was cleaned as an evening dress thus costing double,5.0,4.5,1,1,1,0,0,4.78,4.73,4.17,,,-0.51,,en,4.5
2223,2224,Your team has lost/stolen my item and the service is terrible.,1.5,2.5,0,0,0,0,0,,,,,,-0.51,,en,2.5
2224,2225,lovely guy.,8.0,7.0,0,0,0,0,0,,,,,,-0.51,,en,7.0
2225,2226,delivery was one day late - i would not have booked the service if i had known (i was travelling the next day)\nextremely disatisfied with the wash+iron service - nothing got ironed at all. if i had the time i would seek a refund. won’t use service again.,1.0,3.0,1,1,1,0,1,4.24,5.4,4.55,,5.63,-0.5,,en,3.0
2226,2227,thank you for your excellent service,8.0,8.0,0,0,0,0,0,,,,,,-0.49,,en,8.0
2227,2228,"The driver is very patient and professional. Delivery service was quick, just earlier than expected! I'm happy. Thanks a mil!",6.5,7.0,0,0,0,1,1,,,,8.25,5.32,-0.49,,en,7.0
2228,2229,Excellent service as ever.,9.0,8.0,0,0,0,1,1,,,,6.91,5.99,-0.5,,en,8.0
2229,2230,"bad experience this time as the clothes were folded without any such instruction. i have done laundry >20 times and the clothes are always put in hangers. Further, the laundry bag upon delivery had 10 knots tied making it extremely difficult to open bag.0",1.5,4.5,1,1,0,0,0,3.11,6.72,,,,-0.5,,en,4.5
2230,2231,excellent service!,8.5,8.5,0,0,0,1,1,,,,6.37,5.86,-0.5,,fr,8.5
2231,2232,Daniel is always cheerful and very helpful.,6.0,8.5,0,0,0,0,0,,,,,,-0.5,,en,8.5
2232,2233,the driver was fantastic. amazing personality and just seems like a great human,7.5,8.0,0,0,0,1,1,,,,8.99,6.48,-0.49,,en,8.0
2233,2234,thanks good service,7.0,8.0,0,0,0,0,0,,,,,,-0.5,,en,8.0
2234,2235,As expedted! Good~,8.0,7.5,0,0,0,0,0,,,,,,-0.51,,en,7.5
2235,2236,bad ironing,3.0,3.5,1,0,0,0,0,3.26,,,,,-0.5,,en,3.5
2236,2237,great experience,8.0,7.5,0,0,0,0,0,,,,,,-0.48,,ro,7.5
2237,2238,very poor experience . i always get my clothes washwd / sry cleaned and ironed and hanged. this time i dont know what youndid . its in a big stack . by the kg. should have at keast checked . call me to take back free of costs and iron and hang .,2.5,3.0,1,1,1,0,0,3.26,5.0,4.28,,,-0.49,,en,3.0
2238,2239,thank you great job!,9.0,7.5,0,0,0,0,0,,,,,,-0.5,,en,7.5
2239,2240,some of my clothes were damaged id like to soeak to a representative,3.0,3.5,1,0,1,0,0,3.25,,4.09,,,-0.5,,en,3.5
2240,2241,not due time. additional payment required,5.0,4.5,0,0,1,0,0,,,4.23,,,-0.51,,fr,4.5
2241,2242,"appalling service, clothing was not not dry or ronsed properly or folded ! the servicecasked for was wash, dry, iron and it was NOT ironed ! \nthe delivery was also very late and not fir the first time…",3.0,4.0,1,1,1,1,1,4.37,5.02,4.09,5.76,5.41,-0.5,,en,4.0
2242,2243,did not call or msg. i don’t know where my laundry is. marked as delivered without handing over. I dont see it anywhere in the garage or house.,5.0,4.5,1,1,1,0,0,3.43,4.54,3.74,,,-0.49,,en,4.5
2243,2244,"your system seems to be mess, gave me lots of headache. i almost lost my laundry, or at least could have missed it before next leg of my trip as I'm traveling. your customer service really came thru though, they deserve all the credit. they save your biz",4.0,4.0,1,0,1,0,0,3.23,,4.4,,,-0.49,,en,4.0
2244,2245,very efficient service,6.0,7.0,0,0,0,1,1,,,,5.8,7.19,-0.51,,en,7.0
2245,2246,"good morning\nthanks for all, but The clothes were not folded according to the note sent and not use the creditI of 57.75.\nbest regards",7.5,4.0,1,0,1,0,0,2.95,,4.79,,,-0.51,,en,4.0
2246,2247,"driver missed delivery first night, was rescheduled to second night. i left driver instructions to please leave outside my door as he’d missed delivery window of 7-10pm. driver called at midnight saying he was here, despite leaving detailed instructions. ",6.0,3.5,0,0,0,1,1,,,,6.25,4.2,-0.49,,en,3.5
2247,2248,expensive,3.5,3.0,0,0,0,0,0,,,,,,-0.5,,en,3.0
2248,2249,very very very expensive,2.0,3.0,0,0,0,0,0,,,,,,-0.5,,en,3.0
2249,2250,no where us it,5.0,4.0,0,0,0,0,0,,,,,,-0.49,,en,4.0
2250,2251,terrible wirh broken buttons - i’ve dry cleaned for 20 years + and never seen this before,2.0,4.0,1,0,0,0,0,4.21,,,,,-0.51,,en,4.0
2251,2252,smooth handoff. thanks so much!,6.5,7.5,0,0,0,0,0,,,,,,-0.5,,en,7.5
2252,2253,I am very pleased with the dry cleaning & the towel wash.The drivers were very nice & helpful.Collection & delivery really helped me out & were much appreciated. I will be a returning customer.,6.5,5.5,1,1,1,0,1,5.05,6.37,5.51,,6.63,-0.5,,en,5.5
2253,2254,"Always my go to laundry service when traveling. Price, service, and easy use of the app make doing business simple and stress free!",7.0,6.0,1,1,0,0,0,4.52,7.0,,,,-0.5,,en,6.0
2254,2255,very nice!,8.0,8.0,0,0,0,0,0,,,,,,-0.5,,en,8.0
2255,2256,"Hi, this is the first time I have used the service and had the slot 8-10. Both times it was late, and I had to wait up for the driver.",5.0,5.0,0,0,0,0,0,,,,,,-0.49,,en,5.0
2256,2257,"We have used your service twice in two different countries. Both experiences have been superb consisting prompt pickup and delivery and fresh, clean clothes neatly folded and bagged. Employees were friendly and effecient. Love the app. ",7.5,5.5,1,1,1,1,1,4.83,5.81,5.19,6.27,5.85,-0.5,,en,5.5
2257,2258,good service - was a delay in delivery but sent me updates so i knew exactly where my laundry was.,6.0,6.5,1,1,1,1,1,4.93,5.83,4.93,6.41,5.55,-0.5,,en,6.5
2258,2259,"I’d say that from now on, I’ll be using LaundryHeap sparingly as each time, no matter how little i have or how I label the clothes, I’ve been charged for two washes despite it coming back in one bag that weighed the same coming back. ",6.0,4.0,1,1,0,0,0,3.43,5.91,,,,-0.5,,en,4.0
2259,2260,"super happy with the service, it was super quick! ",6.0,7.0,0,0,1,1,1,,,5.89,7.85,5.31,-0.5,,en,7.0
2260,2261,"Excellent service, great to have laundry picked up and returned clean. Will certainly use again, thank you.",8.0,7.0,1,1,1,0,1,4.95,6.17,4.85,,6.83,-0.49,,en,7.0
2261,2262,"brilliant as always, huge time saver",7.5,7.0,0,0,0,0,0,,,,,,-0.52,,en,7.0
2262,2263,very nice,8.0,7.5,0,0,0,0,0,,,,,,-0.5,,en,7.5
2263,2264,im missing 2 pairs of white socks and some double white bed sheets,5.0,4.5,1,0,0,0,0,2.38,,,,,-0.5,,en,4.5
2264,2265,First experience while away from home was amazing!!,7.0,7.0,0,0,0,0,0,,,,,,-0.49,,en,7.0
2265,2266,"Other than getting a little lost because of his map provider, he was perfectly fine",5.0,5.0,0,0,0,0,0,,,,,,-0.51,,en,5.0
2266,2267,excellent service,9.0,8.5,0,0,0,1,1,,,,6.03,6.07,-0.51,,fr,8.5
2267,2268,"Collected, washed, ironed and returned efficiently ",5.0,5.5,1,1,0,0,1,4.0,6.24,,,7.13,-0.52,,en,5.5
2268,2269,absolute rubbish. order received back 3 days late with most of the items missing and noexplanation as to what is founf on or whybthis has happenede.   the stuuff kissinf and,1.0,2.5,1,0,1,0,1,3.96,,4.4,,4.49,-0.51,,en,2.5
2269,2270,thank you so much.,6.0,6.5,0,0,0,0,0,,,,,,-0.5,,en,6.5
2270,2271,my favourite shirt is missing!!,4.5,3.5,1,0,0,0,0,2.79,,,,,-0.51,,en,3.5
2271,2272,excellent,9.0,9.0,0,0,0,0,0,,,,,,-0.5,,en,9.0
2272,2273,The app’s status of my order was not up to date and I dont know when my clothes is gojng to be back or not. Horribke experience for a first timer.,2.0,3.0,1,0,1,0,1,3.15,,4.73,,3.57,-0.5,,en,3.0
2273,2274,"No, i was given the wrong waistcoat. tried to get in contact but no response. NEED YOU GUYS TO GET IN CONTACT WITH ME REGARDING MISSING WAISTCOAT ASAP!",2.0,4.0,1,0,0,0,0,3.66,,,,,-0.51,,en,4.0
2274,2275,"Very prompt, friendly and helpful service as always from Daniel Caan. and he always manages to find my flat which other drivers dont do. when i see its his name on the delivery service i know i can relax ",5.5,6.0,0,0,0,1,1,,,,6.8,5.59,-0.49,,en,6.0
2275,2276,very good,8.5,8.5,0,0,0,0,0,,,,,,-0.5,,en,8.5
2276,2277,5star,5.5,5.5,0,0,0,0,0,,,,,,-0.5,,en,5.5
2277,2278,one bedding came back very stained. and this was definetly not a home stain.,5.5,4.5,1,1,0,0,0,3.35,4.97,,,,-0.49,,en,4.5
2278,2279,fast and efficient,5.5,6.0,0,0,0,0,1,,,,,7.2,-0.5,,en,6.0
2279,2280,great,8.0,8.0,0,0,0,0,0,,,,,,-0.5,,en,8.0
2280,2281,"first time user. love the simplicity of use, although was confused regarding prepaid pack usage but all is good. collection and delivery was a breeze, thank you! noticed some stains on a new polo shirt, not sure what’s the next step for such as this. ",6.5,5.0,1,1,1,0,1,4.39,5.71,5.93,,5.71,-0.48,,en,5.0
2281,2282,great service as always :),7.0,8.0,0,0,0,1,0,,,,6.91,,-0.5,,en,8.0
2282,2283,very goid service,6.5,6.5,0,0,0,1,0,,,,5.49,,-0.5,,en,6.5
2283,2284,"This is my first time using Laundryheap services. At first, i was so skeptical about it. Because you never try you never know. I must say the service is superb! Definitely will use Laundryheap services again in future.",5.0,5.5,1,1,0,0,0,4.49,6.67,,,,-0.5,,en,5.5
2284,2285,Hi! i have been overcharged for this order. please get back to me on this by giving me a call at 91267026. I would like some clarification.,4.0,3.5,0,0,1,0,0,,,4.72,,,-0.5,,en,3.5
2285,2286,one shirt had a stain on,4.5,4.0,1,1,0,0,0,3.18,4.59,,,,-0.49,,en,4.0
2286,2287,nice,8.0,7.0,0,0,0,0,0,,,,,,-0.5,,en,7.0
2287,2288,good its just little over pricy :),6.0,6.5,0,0,0,0,0,,,,,,-0.5,,en,6.5
2288,2289,"Great driver service, friendly, helpful, and professional. Thank you ",7.0,7.0,0,0,0,1,1,,,,7.37,6.38,-0.49,,en,7.0
2289,2290,missing item,4.0,4.5,0,0,0,0,0,,,,,,-0.51,,en,4.5
2290,2291,great service thank you,8.0,8.0,0,0,0,0,0,,,,,,-0.5,,en,8.0
2291,2292,arrived late,4.5,3.5,0,0,0,0,1,,,,,3.93,-0.51,,en,3.5
2292,2293,perfect,9.0,8.5,0,0,0,0,0,,,,,,-0.51,,en,8.5
2293,2294,"Terrible, all my shirts arrived marked with stripes due to poor\n ironing.",4.0,3.0,1,1,0,0,1,3.94,5.98,,,5.76,-0.49,,en,3.0
2294,2295,"Excellent service- smooth , easy, super consistent and convenient! Seamless :) ",6.5,7.0,0,0,0,1,1,,,,7.26,6.08,-0.5,,en,7.0
2295,2296,"hi, the 2 cotton bags that were to be dry cleaned came back unwrapped, with black stains and not ironed or steamed.",5.0,3.5,1,1,0,0,0,3.63,5.35,,,,-0.51,,en,3.5
2296,2297,thank you so much very happy with the service,8.0,8.5,0,0,0,0,0,,,,,,-0.5,,en,8.5
2297,2298,Fast and convenient. I definitely recommend.,7.0,6.5,0,0,0,0,1,,,,,6.86,-0.49,,en,6.5
2298,2299,driver was incredibly friendly and came back when i wasnt home. 10/10,6.5,6.5,0,0,0,1,1,,,,7.72,5.89,-0.49,,en,6.5
2299,2300,1ere bonne expérience ✅️je recommande,8.0,5.5,0,0,0,0,0,,,,,,-0.49,,fr,5.5
2300,2301,My experience is almost always great with Laundryheap. But on the last wash it seemed my instructions where not followed because the clothes came back a bit faded. Which leads me to believe they were tumble dried on a high temperature.,6.0,4.5,1,1,0,0,0,3.39,7.46,,,,-0.49,,en,4.5
2301,2302,👍👍,8.0,7.0,0,0,0,0,0,,,,,,-0.51,,en,7.0
2302,2303,amazing👍,4.0,7.0,0,0,0,0,0,,,,,,-0.51,,en,7.0
2303,2304,Great!,9.0,8.5,0,0,0,0,0,,,,,,-0.5,,en,8.5
2304,2305,delivery driver was great/ thanks very much!,6.0,7.5,0,0,0,1,1,,,,7.2,5.06,-0.5,,en,7.5
2305,2306,"My laundry was not handled with good care. The stains were present in my clothes and there was an unpleasant odor to them. My jeans came back damp, and my sweater shrunk in size. There was also an uncomfortable amount of lint in my laundry.",3.5,3.5,1,1,0,0,0,3.26,5.43,,,,-0.5,,en,3.5
2306,2307,"got charged 40€ for 4 cushion covers which values new is 2 eur each, support said that this is in line with the market, ridiculous ..won't use this service anymore",1.0,2.5,0,0,1,0,0,,,4.35,,,-0.49,,en,2.5
2307,2308,items were not washed,4.0,4.5,1,1,1,0,0,3.65,4.47,4.25,,,-0.5,,en,4.5
2308,2309,im extremely disappointed and would like to request compensation for my damaged jumper\n\nhttps://ruesloane.com/products/coco-sweater,2.0,2.0,1,0,1,0,0,2.11,,4.22,,,-0.5,,en,2.0
2309,2310,Great,7.5,8.0,0,0,0,0,0,,,,,,-0.5,,en,8.0
2310,2311,I have my elderly fathers laundry every two weeks . it used to be picked up on a Wednesday and delivered the next day. then instead of receiving it on the Thursday it has extended to the Friday which was ok. this time he never received it till the Monday,5.5,5.0,1,1,0,0,1,3.21,4.77,,,4.3,-0.5,,en,5.0
2311,2312,hi the sweat odour was not completely removed. this was disappointing,3.0,5.0,1,0,0,0,0,4.9,,,,,-0.49,,en,5.0
2312,2313,"excellent, as always!",9.0,9.0,0,0,0,0,0,,,,,,-0.51,,en,9.0
2313,2314,amazing!,8.0,7.5,0,0,0,0,0,,,,,,-0.51,,en,7.5
2314,2315,"I luv Laundryheap! \nEfficient, reliable and great result!\n",7.5,6.0,1,0,0,0,0,4.43,,,,,-0.5,,en,6.0
2315,2316,prompt reliable efficient service. a brilliant help on a wet gloomy winters day,7.0,6.0,0,0,0,1,1,,,,4.91,6.34,-0.49,,en,6.0
2316,2317,why did you charge me for two mixed laundry? there were 2 bags but they were 3 kilos each,5.0,4.5,1,1,1,0,0,2.81,4.54,4.31,,,-0.49,,en,4.5
2317,2318,awesome service 👍👍,8.5,8.5,0,0,0,0,0,,,,,,-0.51,,en,8.5
2318,2319,an item is missing,5.0,4.5,0,0,0,0,0,,,,,,-0.52,,en,4.5
2319,2320,hello. my order came back and several articles of clothes had stains.,4.0,4.0,1,1,1,0,0,3.73,5.34,4.85,,,-0.48,,en,4.0
2320,2321,"he was just brilliant ! in terms of coordinating , writing down the special requests \nvery much on time for the delivery and he js extremely professional ! thank you for the wonderful service ! \n",8.0,6.5,0,0,0,1,1,,,,6.8,6.07,-0.51,,en,6.5
2321,2322,"this is amazing!! we had a problem with the washing machine and i found this app. ots been fantastic and our delivery driver was so incredibly friendly and helpful, so efficient and professional!",8.5,5.5,0,0,0,0,0,,,,,,-0.5,,en,5.5
2322,2323,lovely lady. such efficient service,7.0,7.0,0,0,0,1,1,,,,7.2,6.61,-0.5,,en,7.0
2323,2324,good,8.0,8.0,0,0,0,0,0,,,,,,-0.5,,en,8.0
2324,2325,excellent friendly and patient service - thanks so much!,6.0,7.5,0,0,0,1,0,,,,6.55,,-0.51,,en,7.5
2325,2326,"Its very unfortunate that my items are missing, and given other items from another person plus over charged dude to mix up on company side. ",3.5,1.5,1,0,1,0,0,3.5,,3.84,,,-0.51,,en,1.5
2326,2327,"Excellent service, quick and cheap.",6.0,7.0,0,0,1,1,1,,,5.75,6.69,6.38,-0.5,,fr,7.0
2327,2328,very dissapointed with the service!!!!,1.0,3.5,0,0,1,0,0,,,4.42,,,-0.5,,en,3.5
2328,2329,I genuinely love this service. Best app experience in Kuwait!,8.0,6.5,0,0,0,0,0,,,,,,-0.5,,en,6.5
2329,2330,"hi, all the kandoras were not oroperly ironed from the bottom",4.0,4.5,1,0,0,0,0,3.94,,,,,-0.51,,en,4.5
2330,2331,I have recieved a red houndstooth jacket belonging to someone else. I will return this in my next order. please note that this is the second time this has happened and that this reduces the level of confidence i have in the service.\n,5.0,5.0,1,0,1,0,0,3.03,,4.68,,,-0.5,,en,5.0
2331,2332,im missing a sock :(,2.0,3.5,0,0,0,0,0,,,,,,-0.51,,en,3.5
2332,2333,"very happy with laundryheap! love how efficient everything goes. Only down side will be the hanger used, it is not suitable for coats or suits. ",6.0,6.5,1,1,0,0,0,3.8,9.0,,,,-0.5,,en,6.5
2333,2334,very good service.,9.0,8.5,0,0,0,1,1,,,,6.5,6.44,-0.51,,en,8.5
2334,2335,Good experience!,9.0,7.5,0,0,0,0,0,,,,,,-0.48,,en,7.5
2335,2336,All three of my white shirrs came back with some form of stain. One of my white shirts came back damaged. The Sleeve has a burn and collar has a stain that disnt exist before. I \nhave pictures for reference. Lots of mistakes on this order.\n,3.0,3.5,1,1,1,0,0,3.46,4.89,4.08,,,-0.49,,en,3.5
2336,2337,overcharged and not cleaned properly. very disappointing,2.0,2.5,1,0,1,0,0,4.83,,3.91,,,-0.5,,en,2.5
2337,2338,poor service again! the actual\nwash is find but yiu dont colect or deliver on time and unreliable \nive used you a few times now and wont be using you again in a hurry\nvery dissatisfied,1.5,3.0,0,0,1,0,1,,,4.64,,4.95,-0.49,,en,3.0
2338,2339,thank you,4.0,5.0,0,0,0,0,0,,,,,,-0.49,,en,5.0
2339,2340,tres bien mais quasiment 30 mn de retard c’est quand meme anormal,1.0,3.0,0,0,0,0,0,,,,,,-0.49,,fr,3.0
2340,2341,"terrible, our clothes are now yellow instead of white and shrunk!!!",1.0,2.0,1,0,0,0,0,2.0,,,,,-0.5,,en,2.0
2341,2342,"Super Service: quick, reliable and friendly ",6.0,6.5,0,0,0,1,1,,,,6.79,6.59,-0.52,,en,6.5
2342,2343,"thank you for a great, efficient service!",9.0,7.0,0,0,1,0,1,,,5.11,,6.15,-0.5,,en,7.0
2343,2344,"cannot complain at all, picked up by lovely people, cleaned and dropped back by lovely people. what more can you ask for!",7.0,5.5,1,0,0,1,1,5.49,,,7.25,5.6,-0.49,,en,5.5
2344,2345,"bad, my white shirt is not clean",3.0,4.5,1,1,0,0,0,4.32,5.44,,,,-0.48,,en,4.5
2345,2346,amazing service,7.5,8.0,0,0,0,1,1,,,,6.28,6.15,-0.51,,hr,8.0
2346,2347,"Im missing all my dry cleaning items, only recived the shirts",4.0,4.5,1,1,1,0,0,3.6,5.64,3.82,,,-0.5,,en,4.5
2347,2348,Horrible,1.0,1.5,0,0,0,0,0,,,,,,-0.51,,en,1.5
2348,2349,"Thank you, Abdi. One of the best Laundrapp Delivery men!",9.0,7.0,1,0,1,0,1,5.47,,6.06,,5.54,-0.51,,en,7.0
2349,2350,greater,8.0,6.0,0,0,0,0,0,,,,,,-0.5,,en,6.0
2350,2351,great service from driver,8.5,7.5,0,0,0,1,1,,,,7.44,6.06,-0.49,,en,7.5
2351,2352,"amazing job, as always!",8.0,8.0,0,0,0,0,0,,,,,,-0.5,,tl,8.0
2352,2353,"very happy, all good as usual :)",9.0,8.0,0,0,0,0,0,,,,,,-0.5,,en,8.0
2353,2354,great service,8.0,8.5,0,0,0,1,1,,,,6.16,6.27,-0.51,,en,8.5
2354,2355,"my laundry is late, outside the delivery window, for the past 3 times. if that does not improve I will switch services. ",3.0,4.0,1,1,1,0,1,3.65,4.71,4.99,,4.68,-0.49,,en,4.0
2355,2356,They discolored the brand new throw i bought with black lines,4.5,3.0,1,0,0,0,0,3.19,,,,,-0.51,,en,3.0
2356,2357,excellent service as always,9.0,8.5,0,0,0,1,1,,,,6.55,5.89,-0.5,,en,8.5
2357,2358,Tried for the very first time and was pleasendly surprised it took just 1 day to complete 7 winter jackets to dryclean! will definitely use again!,6.5,4.5,1,1,0,0,0,4.15,8.63,,,,-0.49,,en,4.5
2358,2359,"great, the driver was kind enough to wait for me !",8.0,7.5,0,0,0,1,1,,,,7.92,4.27,-0.49,,en,7.5
2359,2360,Happy with our service - fast amd convenient!,7.0,7.5,0,0,0,1,1,,,,7.21,6.34,-0.51,,en,7.5
2360,2361,"most of things were delivered NOT Ironed, i specifically asked for wash and iron",4.5,4.5,1,1,1,0,0,3.76,5.18,4.61,,,-0.5,,en,4.5
2361,2362,"Bonjours,\nVeuillez excuser une réponse si tardive.\nTrès bonne prestation.\nLe seul hic c'est que que le ne dentait pas trop le frais pourtant j'avais demandé de mettre une double ou triple dose de soupline même à mes frais si c'est possible.\nEnfin, le rest",5.0,4.0,0,0,0,0,0,,,,,,-0.51,,fr,4.0
2362,2363,perfect,9.0,8.5,0,0,0,0,0,,,,,,-0.51,,en,8.5
2363,2364,very nice and prompt service,8.0,8.0,0,0,1,1,1,,,5.56,6.4,6.29,-0.5,,en,8.0
2364,2365,"This is ridiculous! Why are my button-down shirts, bagged and not even properly folded. Why are they not on a hanger!?!",3.0,4.0,1,1,0,0,0,2.11,5.28,,,,-0.5,,en,4.0
2365,2366,it was great - thanks!,9.0,7.5,0,0,0,0,0,,,,,,-0.5,,en,7.5
2366,2367,thanks!,7.0,7.0,0,0,0,0,0,,,,,,-0.49,,en,7.0
2367,2368,absolutely horrendous- the driver went to the wrong location and tried to deliver my laundry the reception- following tried to blain the company (I assume LaundryHeap for the mix up) 4B Merchant Square is what is mentioned - he tried deliver at 3 Merchant,2.0,2.0,1,0,1,1,1,4.81,,4.38,5.86,4.82,-0.49,,en,2.0
2368,2369,It was very good,9.0,9.0,0,0,0,0,0,,,,,,-0.5,,en,9.0
2369,2370,Good service. Prompt pickup and delivery.,8.0,8.0,0,0,0,1,1,,,,7.69,6.18,-0.5,,en,8.0
2370,2371,excellent delivery thank you,9.0,7.5,0,0,0,0,1,,,,,4.75,-0.5,,en,7.5
2371,2372,where the hell is my stuff?,2.0,3.5,0,0,0,0,0,,,,,,-0.5,,en,3.5
2372,2373,good,7.5,8.0,0,0,0,0,0,,,,,,-0.5,,en,8.0
2373,2374,lots of lint in the washed clothes.\n,5.0,4.0,1,1,0,0,0,3.27,4.55,,,,-0.5,,en,4.0
2374,2375,it is very efficient. i will continue to use your service when i require and will also introduce to my family and friends.,7.0,5.5,0,0,0,0,1,,,,,7.64,-0.51,,en,5.5
2375,2376,Great service,7.5,8.5,0,0,0,1,1,,,,6.16,6.27,-0.51,,en,8.5
2376,2377,"really overcharged us for our clothes. the customer service is very slow and you dont have a phone number to call. quite a bad experience, never using this service again and wont recommend to others ",1.0,2.5,1,0,1,0,1,3.65,,4.51,,6.12,-0.5,,en,2.5
2377,2378,a lot of my clothes came back with the stains still,5.0,4.0,1,1,0,0,0,3.66,5.58,,,,-0.49,,en,4.0
2378,2379,"All your drivers are great people. it was nice to see Luiz again; polite, professional. While I haven’t inspected my garments, it appears they are tip-top, and better than when they left.",7.0,6.5,1,0,0,1,0,5.69,,,8.74,,-0.5,,en,6.5
2379,2380,"Bloody excellent - even when roads to my apartment are closed, its no issue for the driver to make their way through the crowds and cold for me. Great service",5.0,6.0,0,0,0,1,1,,,,7.23,6.11,-0.49,,en,6.0
2380,2381,great service best delivery driver,9.0,8.0,0,0,0,1,1,,,,7.22,6.05,-0.5,,da,8.0
2381,2382,great! super efficient,8.0,7.5,0,0,0,0,0,,,,,,-0.5,,ro,7.5
2382,2383,i am happy with the cleaning but find the service charges and the price a bit on the higher side...compared to the rates,6.0,6.0,1,0,1,0,0,6.18,,9.0,,,-0.5,,en,6.0
2383,2384,good,7.5,8.0,0,0,0,0,0,,,,,,-0.5,,en,8.0
2384,2385,"Since half of my items have not been returned, my experience has been poor.",3.0,2.5,1,0,1,0,0,3.55,,4.0,,,-0.5,,en,2.5
2385,2386,Thanks,6.0,6.5,0,0,0,0,0,,,,,,-0.51,,en,6.5
2386,2387,excellent!,8.5,9.0,0,0,0,0,0,,,,,,-0.49,,en,9.0
2387,2388,my dry cleaning hasnt been delivered!!,4.0,3.5,1,1,1,0,0,4.67,4.37,4.57,,,-0.49,,en,3.5
2388,2389,javais commander des chemise plier elles sont arrivé sur cintres dommage pour une premiere commande et dont une chemise avait encore une tache,5.0,6.0,0,0,0,0,0,,,,,,-0.5,,fr,6.0
2389,2390,"brilliant service, super quick and professional staff. thank you",7.0,6.0,0,0,1,1,1,,,5.47,6.52,6.14,-0.5,,en,6.0
2390,2391,I loved the dry cleaning service but there were dusts and hairs( which doesn’t belong to me )on my coat. Had to clean with dust sheet,7.0,5.0,1,1,1,0,0,5.02,5.45,4.0,,,-0.5,,en,5.0
2391,2392,right on time again,6.0,6.5,0,0,0,0,0,,,,,,-0.52,,en,6.5
2392,2393,Very good service! Will order again.,8.0,7.5,1,0,1,1,1,5.9,,5.01,7.32,5.5,-0.5,,en,7.5
2393,2394,"I am very impressed, definitely recommend 😊",6.0,7.5,0,0,0,0,0,,,,,,-0.49,,en,7.5
2394,2395,2 silk shurts returned still dirty,4.0,4.5,1,1,1,0,0,4.07,4.56,4.3,,,-0.48,,en,4.5
2395,2396,"The service is awful. I only requested mixed wash service, but I was charged for ‘full length coat’ seperately without notifying me. They can ask me if I wish to proceed instead of cleaning it right away. In addition, there are two new stains on my hoodie",2.0,3.5,1,1,1,0,1,4.76,5.61,4.68,,5.87,-0.49,,en,3.5
2396,2397,good service and on time delivery,7.0,7.5,0,0,0,1,1,,,,7.14,6.37,-0.51,,en,7.5
2397,2398,my shirts were returned not ironed properly. low standard of ironing service. highly unsatisfactory.,3.0,4.0,1,0,1,0,0,3.47,,4.79,,,-0.5,,en,4.0
2398,2399,absolutely superb. i will be back,7.5,7.0,0,0,0,0,0,,,,,,-0.52,,en,7.0
2399,2400,so far no issues with service,5.0,5.0,0,0,0,0,1,,,,,5.17,-0.5,,en,5.0
2400,2401,Except the 24 hours delayed everything was good,7.5,4.5,0,0,0,0,0,,,,,,-0.5,,en,4.5
2401,2402,excellent service. pick up and delivery on time and friendly staff.,8.0,7.5,0,0,0,1,1,,,,6.98,6.63,-0.5,,en,7.5
2402,2403,very helpful driver,7.0,7.5,0,0,0,1,0,,,,6.74,,-0.49,,af,7.5
2403,2404,"i am not satisfied by the ironing service, at all, and i will present a complaint about it",4.0,3.5,1,0,1,0,0,4.36,,4.09,,,-0.49,,en,3.5
2404,2405,Always very polite. i am very happy with their service.,6.0,7.0,1,0,1,1,1,6.6,,5.3,7.66,6.65,-0.5,,en,7.0
2405,2406,clothes delivered wet,5.0,5.5,1,1,1,0,0,3.59,5.43,5.43,,,-0.48,,en,5.5
2406,2407,"Driver is great and clothes are great, but I would love if my order could arrive plastic free and if I could return the hangers for future use. ",7.0,6.0,1,1,1,0,0,4.09,5.42,4.67,,,-0.5,,en,6.0
2407,2408,Everything was great! Thank you!,9.0,7.5,0,0,0,0,0,,,,,,-0.49,,en,7.5
2408,2409,good,7.5,8.0,0,0,0,0,0,,,,,,-0.5,,en,8.0
2409,2410,delivery man was top notch,6.5,7.0,0,0,0,0,1,,,,,5.57,-0.5,,en,7.0
2410,2411,***** thanks,5.0,6.5,0,0,0,0,0,,,,,,-0.51,,en,6.5
2411,2412,I am missing two items:\n- blue Ede & Ravenscroft shirt\n- blue Charles Tyrwhitt shirt,5.5,5.5,1,0,0,0,0,1.87,,,,,-0.51,,en,5.5
2412,2413,"good although the hidden cost thing is quite sneaky, the reason we are paying extra is not explained.",5.0,5.5,0,0,0,0,0,,,,,,-0.5,,en,5.5
2413,2414,Great,8.0,8.0,0,0,0,0,0,,,,,,-0.5,,en,8.0
2414,2415,the drive is very nice and professional,7.0,7.0,0,0,0,1,0,,,,7.39,,-0.49,,en,7.0
2415,2416,"its was great , clothes smells kinda nice. but its kinda expensive ",6.0,5.5,1,1,0,0,0,4.32,6.3,,,,-0.5,,en,5.5
2416,2417,duvet still damp,4.0,5.0,1,0,0,0,0,1.97,,,,,-0.5,,fr,5.0
2417,2418,"No issues with pickup, driver for dropoff had trouble finding me but persisted and communicated until he got to the right place. All good.",6.0,4.5,0,0,0,1,1,,,,7.38,3.64,-0.5,,en,4.5
2418,2419,was late 2 days,4.0,4.0,0,0,0,0,1,,,,,3.73,-0.5,,so,4.0
2419,2420,few sheets were wet inside of a duvet,4.0,5.5,1,0,0,0,0,2.2,,,,,-0.5,,en,5.5
2420,2421,wrong,4.0,3.5,0,0,0,0,0,,,,,,-0.49,,en,3.5
2421,2422,"I love what the service has to offer. but I told them to dry clean everything and its evident that the blankets were washed and not dry cleaned, clumping the puffiness together. ",6.0,5.5,1,1,1,0,0,4.38,5.29,4.49,,,-0.49,,en,5.5
2422,2423,The dry cleaning service on the coat could have been better. Still white marks on the inside of the collar.,4.0,5.0,1,0,0,0,0,4.77,,,,,-0.5,,en,5.0
2423,2424,excellent service. will use again. used initially as washing broke down but now going to use to launder my shirts!,6.0,5.5,1,1,1,0,0,4.46,6.55,4.94,,,-0.49,,en,5.5
2424,2425,very fast and good service. thanks!,8.0,8.0,0,0,0,1,1,,,,7.07,5.78,-0.5,,en,8.0
2425,2426,i am missing leggings,3.5,4.5,1,0,0,0,0,1.26,,,,,-0.49,,no,4.5
2426,2427,10% discount wasnt applied to my invoice,5.0,4.5,0,0,0,0,0,,,,,,-0.5,,en,4.5
2427,2428,thank you,5.5,5.0,0,0,0,0,0,,,,,,-0.49,,en,5.0
2428,2429,"Too expensive, too much plastic, labels attached to every item, poorly ironed sheets.",4.5,2.0,1,1,1,0,0,3.11,4.38,2.23,,,-0.49,,en,2.0
2429,2430,good and recommend to my other colleagues,5.5,7.0,0,0,0,0,0,,,,,,-0.5,,en,7.0
2430,2431,perfect,9.0,8.5,0,0,0,0,0,,,,,,-0.51,,en,8.5
2431,2432,the clothes were crumped when delivered and the ironed clothes are destroyed,2.0,2.5,1,1,1,0,0,2.47,4.99,4.25,,,-0.5,,en,2.5
2432,2433,Great service and very quick,8.0,7.5,0,0,0,1,1,,,,6.75,6.2,-0.51,,en,7.5
2433,2434,"clothes are thoroughly washed, everything came out as expected. good service ",5.5,6.0,1,1,1,0,1,4.6,6.03,5.79,,6.49,-0.5,,en,6.0
2434,2435,I would recommend this service to anyone.,5.0,7.5,0,0,0,0,0,,,,,,-0.5,,en,7.5
2435,2436,👍👏,9.0,7.0,0,0,0,0,0,,,,,,-0.51,,en,7.0
2436,2437,first time experiencing this kind of laundry service and it went very well!,6.0,7.5,1,1,1,0,1,4.91,6.74,6.37,,6.79,-0.49,,en,7.5
2437,2438,"en retard de 24h, livraison sur le trottoir au bout de la rue et non pas à domicile ",1.0,3.5,0,0,0,0,0,,,,,,-0.49,,fr,3.5
2438,2439,excellent,9.0,9.0,0,0,0,0,0,,,,,,-0.5,,en,9.0
2439,2440,professional delivery driver,5.5,6.0,0,0,0,1,0,,,,6.52,,-0.5,,it,6.0
2440,2441,24 hour late\nitem missing \nitem wrinkled and wet\napp used as barrier to complaints procedures \nno contact number to reply ..only to text snd say on the way.\nthe service could be excellent it sad that these isuues could not jave had a immediate response,5.5,3.0,1,0,1,1,1,4.78,,4.41,4.92,5.0,-0.5,,en,3.0
2441,2442,"over a day late, i need my uniform for scrubs and i cant have this much unreliability ",4.5,3.5,1,0,0,0,0,2.93,,,,,-0.5,,en,3.5
2442,2443,convenient,6.0,6.0,0,0,0,0,0,,,,,,-0.52,,en,6.0
2443,2444,"You guys did a great job, had to wait an extra day but I'm happy with the condition my suits were returned in",7.0,6.5,1,0,1,0,1,4.75,,5.04,,4.76,-0.5,,en,6.5
2444,2445,order arrived two days late and the center crease on mh trousers was 8” higher on one leg than it was on the other.,4.0,4.5,1,0,0,0,0,3.36,,,,,-0.5,,en,4.5
2445,2446,always easy and breezy.,6.5,8.0,0,0,0,1,1,,,,8.29,7.85,-0.5,,en,8.0
2446,2447,very good as usual,6.5,7.0,0,0,0,0,0,,,,,,-0.5,,en,7.0
2447,2448,im surprised at the cost. i usually fill two blue bags but im surprised its gone from 2 for 4 wash loads when its usually 2!,5.5,3.5,0,1,0,0,0,,3.47,,,,-0.49,,en,3.5
2448,2449,"Nice service, thank you.",6.5,7.0,0,0,0,0,0,,,,,,-0.5,,en,7.0
2449,2450,i was charged for two loads even though i weighed the load at 6kg at home before giving to deliveryman.,5.0,4.5,0,0,1,0,0,,,4.2,,,-0.49,,en,4.5
2450,2451,really poor folding service.,3.5,3.0,1,0,0,0,0,3.66,,,,,-0.5,,en,3.0
2451,2452,Sam gave five star delivery service as always! thanks,6.5,7.5,0,0,0,0,1,,,,,5.14,-0.49,,en,7.5
2452,2453,nice,6.0,7.0,0,0,0,0,0,,,,,,-0.5,,en,7.0
2453,2454,"all good with collection and delivery - driver was prompt and polite. only issue was that one of the bags came back clean but damp, so had to hang everything up again on unpacking. ",5.0,5.5,1,1,1,1,1,4.94,5.06,4.67,7.16,4.74,-0.49,,en,5.5
2454,2455,"hello, the driver is great. but what happened to my bags that the laundry were in? i have an IKEA bag and 2 other bags. Those were not returned to me. ",6.5,5.0,1,1,0,0,0,3.96,4.55,,,,-0.48,,en,5.0
2455,2456,thank you!!,5.0,6.5,0,0,0,0,0,,,,,,-0.5,,en,6.5
2456,2457,ive not received my laundry although the app says its been delivered.  where is my laundry??,4.5,4.5,1,1,0,0,0,3.49,4.8,,,,-0.5,,en,4.5
2457,2458,mostly inpressed with my kind driver! fast and friendly service,8.0,6.5,0,0,0,1,1,,,,7.64,5.87,-0.48,,en,6.5
2458,2459,"the driver left the bag in the public space of the building, not handed/brought it to the concierge desk which was my request. It took time to find the delivered bag but the concierge could find it at the end within the premises.",6.0,5.0,0,1,0,0,0,,4.51,,,,-0.49,,en,5.0
2459,2460,very very expensive for cleaning two sets of bedding. will be going locally,4.5,5.0,1,0,1,0,0,4.43,,5.21,,,-0.5,,en,5.0
2460,2461,"Pick up, delivery and dry-cleaning was good. ",8.5,7.0,1,1,0,0,1,5.36,5.77,,,5.84,-0.51,,en,7.0
2461,2462,perfect,9.0,8.5,0,0,0,0,0,,,,,,-0.51,,en,8.5
2462,2463,Have run colour on one of my white pillow case..,5.5,5.0,1,0,0,0,0,1.72,,,,,-0.5,,en,5.0
2463,2464,Excellent service,8.0,8.5,0,0,0,1,1,,,,6.03,6.07,-0.51,,ca,8.5
2464,2465,good clean,7.0,7.0,1,0,0,0,0,5.91,,,,,-0.5,,en,7.0
2465,2466,"not about about the way clothes returned, I didn’t ask to iron them because if they were folded nicely they would not have wrinkled, maynli gym clothes that don’t need ironing, when I opened the bag they were just thrown inside ",5.5,4.0,1,1,1,0,0,3.16,5.56,4.34,,,-0.5,,en,4.0
2466,2467,great,8.0,8.0,0,0,0,0,0,,,,,,-0.5,,en,8.0
2467,2468,"fantastic team, always ready to help",6.0,7.5,0,0,0,0,0,,,,,,-0.51,,en,7.5
2468,2469,fast and clear,5.5,6.5,0,0,0,0,1,,,,,7.21,-0.5,,en,6.5
2469,2470,Pretty good. I would do it again. Masallah!,6.0,6.5,0,0,0,0,0,,,,,,-0.5,,en,6.5
2470,2471,"Straightforward service, just what I needed",6.5,6.5,0,0,0,0,1,,,,,6.72,-0.5,,en,6.5
2471,2472,thank you!,5.5,6.0,0,0,0,0,0,,,,,,-0.5,,en,6.0
2472,2473,Really good!,9.0,8.0,0,0,0,0,0,,,,,,-0.5,,en,8.0
2473,2474,No laundry received.,4.0,4.5,1,1,1,0,0,3.47,5.01,4.44,,,-0.5,,en,4.5
2474,2475,it was seamless so a great experience.,6.0,8.0,0,0,0,0,0,,,,,,-0.5,,en,8.0
2475,2476,la chemise qui avait ete tachee n’a pas ete bien nettoyee,5.0,4.5,0,0,0,0,0,,,,,,-0.5,,fr,4.5
2476,2477,I was not happy that the 15% offer was not initially applied to my order.\nHowever rectified after a couple of emails.\nDriver on time and very courteous,6.0,5.5,0,0,1,0,1,,,4.72,,5.36,-0.5,,en,5.5
2477,2478,always quick and friendly drivers,6.0,6.5,0,0,0,1,1,,,,7.94,6.86,-0.5,,en,6.5
2478,2479,Service was delayed and I paid £24 for ‘repairs’ which looked just as bad as they did when I sent the item. Do not use this service.,2.0,2.5,1,0,1,0,1,4.61,,4.83,,4.52,-0.49,,en,2.5
2479,2480,all good 🙏🏻,8.0,7.5,0,0,0,0,0,,,,,,-0.53,,en,7.5
2480,2481,Was expecting a more professional cleaning of the shirts: unfortunately they did not come home perfectly clean.,5.0,5.0,1,1,1,0,0,4.75,5.31,5.09,,,-0.5,,en,5.0
2481,2482,disaster. My disaster looks like a disaster.\nI do it better by myself that is not what I pay for !￼,1.0,3.0,0,0,0,0,0,,,,,,-0.5,,en,3.0
2482,2483,"Collection was an hour and a half late (past the end of the collection window) then the ordered was mixed up and I had to reply to texts at 11pm at night to confirm the services. Return delivery fine, but overall not a great service this time",2.0,4.5,1,0,1,0,1,4.52,,5.0,,4.82,-0.5,,en,4.5
2483,2484,Overcharged on my first order which is a less than promising sign having thought laundryheap could be my go to service instead of love2laundry,3.0,5.0,1,0,1,0,0,4.53,,4.56,,,-0.49,,en,5.0
2484,2485,10 days delay. please do not wirte tomme that tou are sorry and solve the problem,3.0,4.5,0,0,1,0,0,,,4.88,,,-0.49,,en,4.5
2485,2486,"first class service with an extremely polite driver, csnt fault it. ",5.0,5.0,0,0,0,1,0,,,,7.29,,-0.49,,en,5.0
2486,2487,service superb. shame you shrank my t shirts.,5.0,5.0,1,0,1,0,0,4.38,,4.93,,,-0.49,,en,5.0
2487,2488,"the service was quick and the app was great to let you know when the driver was arriving. But some of the laundry was still wet, there was someone elses sock in the laundry and some items were missing\n",4.0,5.0,1,0,0,1,1,5.01,,,6.19,5.78,-0.5,,en,5.0
2488,2489,Really great experience!  Very smooth process!,8.0,8.5,0,0,0,0,1,,,,,6.59,-0.49,,en,8.5
2489,2490,all good! maybe use leas plastic covering? paper?,8.0,6.5,0,0,0,0,0,,,,,,-0.51,,en,6.5
2490,2491,amazing,6.5,7.0,0,0,0,0,0,,,,,,-0.51,,en,7.0
2491,2492,Best laundry service at affordable price in london,9.0,6.5,1,0,0,0,0,4.47,,,,,-0.5,,en,6.5
2492,2493,great!,9.0,8.5,0,0,0,0,0,,,,,,-0.5,,en,8.5
2493,2494,"very convenient, timing was good and the service was incredibly quick.",7.0,7.0,0,0,0,1,1,,,,7.2,6.11,-0.51,,en,7.0
2494,2495,"You actually did not clean anything I sent you, I expected you could deal with stains like a professional laundrette, I could've removed them myself at home. You clearly don't have the products or tools to professionally clean clothes.",3.0,3.5,1,1,1,0,0,4.09,5.38,4.96,,,-0.49,,en,3.5
2495,2496,the laundry is fine thank you.,8.0,6.5,1,1,0,0,0,4.43,6.59,,,,-0.5,,en,6.5
2496,2497,"a returning customer due to their impeccable service! i requested the indoor/outdoor clothes be packed seperately and request was fulfilled, which made unpacking freshly cleaned clothes much easier. delivered the very next day. they've never let me down. ",7.0,5.5,1,1,1,0,1,4.11,5.51,4.26,,5.29,-0.49,,en,5.5
2497,2498,excellent service,9.0,8.5,0,0,0,1,1,,,,6.03,6.07,-0.51,,fr,8.5
2498,2499,negative . \n\ni tried to do TWO orders as one was for hotter wash . an original order was cancelled and i spoke on the app to customer services who assured i could label two bags and explain one was for 30 and one 45 degrees … its been washed all together!,5.0,4.5,1,1,1,0,0,3.69,4.97,5.39,,,-0.5,,en,4.5
2499,2500,top !!,8.5,7.5,0,0,0,0,0,,,,,,-0.5,,en,7.5
2500,2501,Great!,9.0,8.5,0,0,0,0,0,,,,,,-0.5,,en,8.5
2501,2502,Excellent service as always,9.0,8.5,0,0,0,1,1,,,,6.55,5.89,-0.5,,en,8.5
2502,2503,it is very good,9.0,8.5,0,0,0,0,0,,,,,,-0.5,,af,8.5
2503,2504,Exvellent.  Turn around under 24 hours.,5.0,3.5,0,0,0,0,1,,,,,5.23,-0.5,,en,3.5
2504,2505,great!,9.0,8.5,0,0,0,0,0,,,,,,-0.5,,en,8.5
2505,2506,great!,9.0,8.5,0,0,0,0,0,,,,,,-0.5,,en,8.5
2506,2507,coat was slightly shrinked and some lether details were ruined,4.0,4.0,1,0,0,0,0,2.72,,,,,-0.51,,en,4.0
2507,2508,fast and efficient,6.0,6.0,0,0,0,0,1,,,,,7.2,-0.5,,en,6.0
2508,2509,"My delivery is not correct, once more. ",4.0,4.5,0,0,0,0,0,,,,,,-0.52,,en,4.5
2509,2510,Great. Frendly and kind driver,7.5,7.5,0,0,0,1,1,,,,7.72,6.25,-0.51,,en,7.5
2510,2511,my order was delivered the day after it was promised but didnt any heads up.. my coat is still unclean.. the material  in one of my coat is delicate and was not handled well so i have loose threads and running stitches in some parts,4.0,3.5,1,1,1,0,1,3.68,4.46,4.83,,3.58,-0.5,,en,3.5
2511,2512,grear service,6.0,5.0,0,0,0,0,0,,,,,,-0.5,,en,5.0
2512,2513,great service fast and cheap,7.0,7.5,0,0,0,0,1,,,,,6.31,-0.51,,en,7.5
2513,2514,Fast svs. Customer oriented,6.0,6.0,0,0,0,0,0,,,,,,-0.49,,en,6.0
2514,2515,Good and reliable service but too expensive considering discounts were applied and i sent less bags than discussed,5.0,5.0,1,1,1,0,1,4.8,5.32,4.71,,6.05,-0.51,,en,5.0
2515,2516,"brilliant experience. both delivery drivers were lovely, friendly and helpful. my washing was done with 24hours and returned neatly folded and lovely and dry. ",6.0,6.0,1,1,1,0,1,4.79,6.33,5.55,,5.61,-0.49,,en,6.0
2516,2517,"super late, no compensation for late arrival? service isnt cheap and staying up past time slot on a monday is a pain",4.0,3.0,0,0,0,0,1,,,,,4.32,-0.49,,en,3.0
2517,2518,nice！,5.0,7.0,0,0,0,0,0,,,,,,-0.49,,en,7.0
2518,2519,"service has gone down in the last few months with several missed deliveries, delays and schedule changes. will consider using an alternative service provider ",3.0,4.0,0,0,1,0,1,,,4.1,,4.84,-0.5,,en,4.0
2519,2520,"last 2 ironing services have been terrible. All the trousers are irin without any reference to the trouser crease and I have had to do them all again.\nI thought it was a one off, but the delivery last night was even worse than the previous week\n",2.0,3.0,1,0,1,0,0,4.1,,4.38,,,-0.49,,en,3.0
2520,2521,so you guys were not able to fix the stain on my shirt? i would have appreciated the heads up,3.5,4.0,1,0,1,0,0,3.95,,4.57,,,-0.49,,en,4.0
2521,2522,Picked up and delivered as scheduled. Thank you,5.0,6.5,0,0,1,0,1,,,5.2,,3.79,-0.5,,en,6.5
2522,2523,brilliant,9.0,8.0,0,0,0,0,0,,,,,,-0.52,,en,8.0
2523,2524,vous me deplacer ma livraison d’un jour et en plus vous avez une heure de retard ! et ce n’est pas la premiere fois ! quel manque de profesionnalisme !,3.0,3.0,0,0,0,0,0,,,,,,-0.51,,fr,3.0
2524,2525,very clean duvet and swift puck up and drop off.,7.0,6.5,1,0,0,0,0,3.98,,,,,-0.51,,en,6.5
2525,2526,Driver arrived several minutes before the delivery window.,5.0,6.0,0,0,0,1,1,,,,9.0,4.51,-0.49,,en,6.0
2526,2527,its not un common to wait for. pick up only for it to be cancelled,4.0,4.5,0,0,0,0,0,,,,,,-0.5,,en,4.5
2527,2528,thenk you,6.0,5.5,0,0,0,0,0,,,,,,-0.49,,en,5.5
2528,2529,professional driver.,5.0,5.0,0,0,0,1,0,,,,7.25,,-0.49,,en,5.0
2529,2530,i ak very satisfied with the end product.,8.0,7.5,0,0,0,0,0,,,,,,-0.49,,en,7.5
2530,2531,the turnaround is meant to be 24hrs i didnt recieve my clothes till 48 hrs later and it had all the childrens school uniforms this is very bad,2.0,3.0,1,0,1,0,1,3.53,,5.16,,4.38,-0.51,,en,3.0
2531,2532,reliable service.,5.0,6.0,0,0,0,1,1,,,,5.91,6.24,-0.5,,en,6.0
2532,2533,excellent. as always,9.0,8.5,0,0,0,0,0,,,,,,-0.51,,en,8.5
2533,2534,i asked for everything to be folded apart from shirts and everything was on hangers. very inconvenient and a waste of hangers. why dont follow simple instructions,4.0,3.5,1,1,1,0,0,2.56,5.28,4.46,,,-0.5,,en,3.5
2534,2535,"Impeccable, merci !",8.5,7.5,0,0,0,0,0,,,,,,-0.51,,ca,7.5
2535,2536,"Tres bien, mais 1h30m avant le créneau. Une chance que je sois la !! ",4.0,4.5,0,0,0,0,0,,,,,,-0.49,,fr,4.5
2536,2537,il manque une chemise,5.0,5.0,0,0,0,0,0,,,,,,-0.51,,fr,5.0
2537,2538,great service,8.0,8.5,0,0,0,1,1,,,,6.16,6.27,-0.51,,en,8.5
2538,2539,unimpressed. 2 out of 5.,3.0,3.5,0,0,0,0,0,,,,,,-0.49,,en,3.5
2539,2540,Did not return my bag thay laundry was picked up in,6.0,3.5,1,1,1,0,0,3.15,4.39,3.74,,,-0.51,,en,3.5
2540,2541,it was good,8.0,8.0,0,0,0,0,0,,,,,,-0.49,,en,8.0
2541,2542,Perfect! I was asked to pay an extra for my ling puffer coat which took me aback… but it was worth it! I got my coat back in great condition and on time despite the back and forth emails. Thank you !,6.0,6.0,1,0,1,0,1,4.64,,5.4,,4.64,-0.5,,en,6.0
2542,2543,okay service. wish our laubdry was folded,5.0,5.0,1,1,0,0,0,4.22,6.3,,,,-0.5,,en,5.0
2543,2544,"Pickup and delivery was good. Clothes came back very creased. I did not take the iron option, but it did not mean that I wanted my clothes so creased I cannot wear it. Not happy with this service after paying a lot of money for it.",4.5,4.5,1,1,1,1,1,4.33,5.99,5.41,6.35,5.34,-0.49,,en,4.5
2544,2545,amazing service! will definitely using again,7.5,7.5,0,0,0,0,0,,,,,,-0.5,,en,7.5
2545,2546,great service - simple to use would recommend and use again,7.0,7.0,0,0,0,0,1,,,,,6.92,-0.5,,en,7.0
2546,2547,i asked to be folded but it came hanged!,5.0,4.0,1,1,0,0,0,2.42,5.44,,,,-0.5,,en,4.0
2547,2548,"the service worked okay, for the price I paid I wouldn’t say it was great value for money. I was disappointed that our wash and dry clothes weren’t folded great - I also found two dried leaves amongst the clothes. ",6.5,5.0,1,1,1,0,1,4.84,5.81,4.31,,6.72,-0.49,,en,5.0
2548,2549,very good and polite,9.0,7.0,0,0,0,1,1,,,,5.82,5.82,-0.51,,en,7.0
2549,2550,"service très rapide et qualitatif, tarifs malheureusement très élevés comparé à un déplacement soit même chez le pressing.",5.0,5.5,0,0,0,0,0,,,,,,-0.5,,fr,5.5
2550,2551,great service,8.0,8.5,0,0,0,1,1,,,,6.16,6.27,-0.51,,en,8.5
2551,2552,they didnt even bother to try and clean my clothes! they gave them back to me without even cleaning them! i answered multiple times to their queries to proceed for the delicate cleaning and still the request didn’t go thorugh. horrible service,2.0,3.0,1,1,1,0,0,4.86,5.12,4.41,,,-0.5,,en,3.0
2552,2553,The quality of cleaning is brilliant and the drivers are professional and friendly. It’s so convenient and prices are reasonable,7.0,7.0,1,0,0,1,1,6.24,,,8.64,7.74,-0.49,,en,7.0
2553,2554,"super! recuperation le vendredi soir et livraison le dimanche, rien a dire.",7.0,5.5,0,0,0,0,0,,,,,,-0.5,,fr,5.5
2554,2555,excellent,8.0,9.0,0,0,0,0,0,,,,,,-0.5,,en,9.0
2555,2556,one piece ia damaged and has stains and another has a stain,3.0,4.5,1,0,0,0,0,3.1,,,,,-0.49,,en,4.5
2556,2557,great service!,9.0,8.5,0,0,0,1,0,,,,6.6,,-0.5,,en,8.5
2557,2558,Quick to respond for a resolution and efficient service,6.0,5.5,0,0,0,0,1,,,,,6.33,-0.51,,en,5.5
2558,2559,very convenient and fast service.,6.0,7.0,0,0,0,1,1,,,,6.78,6.61,-0.51,,en,7.0
2559,2560,very bad ironing !!!!,1.0,2.5,1,0,0,0,0,3.53,,,,,-0.5,,af,2.5
2560,2561,really super!,7.0,8.0,0,0,0,0,0,,,,,,-0.5,,en,8.0
2561,2562,"First time customer here. I was looking for dry cleaning alternatives, mainly prioritising the cost. The service was efficient and great value. ",7.0,6.0,1,0,1,0,1,5.31,,5.12,,7.32,-0.51,,en,6.0
2562,2563,You have shrunk all my clothes!,3.0,4.5,1,0,0,0,0,1.0,,,,,-0.51,,en,4.5
2563,2564,"Hey,\nYour service was the worst ever. Fuck that shit your business. You dont respect traveller time. Fuck off. What a ripped off and unreliable service ",1.0,3.0,0,0,1,0,1,,,4.82,,4.81,-0.5,,en,3.0
2564,2565,very good,8.0,8.5,0,0,0,0,0,,,,,,-0.5,,en,8.5
2565,2566,great and convenient service,7.0,7.5,0,0,0,1,1,,,,6.6,6.56,-0.51,,en,7.5
2566,2567,It is good But one of my T- shirts has unpleasant colour,4.0,5.0,1,0,0,0,0,3.52,,,,,-0.5,,en,5.0
2567,2568,good but blankets take three days,7.0,6.0,1,0,0,0,1,2.75,,,,4.54,-0.5,,en,6.0
2568,2569,all good,8.0,7.5,0,0,0,0,0,,,,,,-0.52,,en,7.5
2569,2570,My clothes came back wet. If they weren’t ready I would have preferred to have been told and have them returned to me when they were dry rather then having them back in 24 hours. I’m lucky my room had hangers so I can attempt to dry them in my room.,4.0,5.0,1,1,0,0,0,3.5,6.13,,,,-0.49,,en,5.0
2570,2571,very quick and easy service,6.0,7.5,0,0,0,1,1,,,,6.81,6.59,-0.51,,en,7.5
2571,2572,Efficient and convenient,5.0,5.5,0,0,0,0,1,,,,,8.24,-0.51,,fr,5.5
2572,2573,Way to expensive. Won’t use again,1.0,2.5,0,0,0,0,0,,,,,,-0.5,,en,2.5
2573,2574,thank you,4.0,5.0,0,0,0,0,0,,,,,,-0.49,,en,5.0
2574,2575,"ottimo servizio, puntuale, veloce e preciso. ottimo!",5.5,6.0,0,0,0,0,0,,,,,,-0.5,,it,6.0
2575,2576,It was great. Thank you for being punctual.,8.0,7.5,0,0,0,0,1,,,,,4.55,-0.49,,en,7.5
2576,2577,"hello, a euro lock key with number 45150 was accidentally dropped in my laundry bag.\nlet me know if it’s yours.",5.0,5.5,0,0,0,0,0,,,,,,-0.49,,en,5.5
2577,2578,"brilliant service, we where surprise how easy it was. will use again",7.5,6.5,0,0,0,0,1,,,,,6.35,-0.5,,en,6.5
2578,2579,very fast,6.0,5.5,0,0,0,0,1,,,,,5.9,-0.5,,en,5.5
2579,2580,"missing a full bag of clothes, so not good  ",4.0,3.5,1,1,0,0,0,2.92,5.21,,,,-0.5,,en,3.5
2580,2581,first time we have used this service due to our washing machine breaking down and it was excellent. would use again!,6.0,6.0,1,0,1,0,1,4.89,,5.07,,6.41,-0.5,,en,6.0
2581,2582,I have not received my items,6.0,4.5,1,0,1,0,0,2.52,,4.34,,,-0.51,,en,4.5
2582,2583,"i am not happy my cloth still smelt bad and were serverly creased up, shriveled and definitely not cleaned properly! never again. ",2.0,4.0,1,1,1,0,0,3.93,5.3,4.33,,,-0.5,,en,4.0
2583,2584,My first time to have my laundry done outside of the hotel. Excellent job! Great service for a reasonable and affordable cost. Will definitely be using Laundryheap services again and again while in a hotel.,7.0,7.5,1,1,0,0,0,5.0,7.37,,,,-0.49,,en,7.5
2584,2585,Seamless fuss free process. Prompt pick up and delivery within time frame selected. Kept up to date in every step!,5.5,6.0,0,0,1,1,1,,,5.78,7.29,5.18,-0.5,,en,6.0
2585,2586,x,5.0,5.0,0,0,0,0,0,,,,,,-0.51,,en,5.0
2586,2587,"Really really happy with your service. It’s quite expensive but when I saw how my son’s puffer jacket turned out, I understand why. It literally looks brand new! Drivers were also super professional and friendly. ",6.5,7.0,1,0,1,1,1,5.15,,4.98,8.24,6.22,-0.5,,en,7.0
2587,2588,Very quick and easy 5*,9.0,6.5,0,0,0,0,1,,,,,6.45,-0.48,,en,6.5
2588,2589,You lost some pieces and no feedback yet. Please support,3.0,3.0,0,0,1,0,0,,,3.94,,,-0.52,,en,3.0
2589,2590,worst service ever,1.0,1.5,0,0,0,0,0,,,,,,-0.5,,en,1.5
2590,2591,\nexcellent service,9.0,5.5,0,0,0,1,0,,,,4.04,,-0.52,,fr,5.5
2591,2592,Great!,8.0,8.5,0,0,0,0,0,,,,,,-0.5,,en,8.5
2592,2593,Delivery service is fast and on time. All clothes are arranged nicely and covered for everg piece.,7.0,6.5,1,1,1,1,1,4.7,6.2,6.05,7.74,6.2,-0.51,,en,6.5
2593,2594,perfect service,9.0,7.5,0,0,0,1,0,,,,6.12,,-0.51,,en,7.5
2594,2595,Clothes dont smell fresh. They don’t smell like they were cleaned. Im used to dry cleaned clothes smelling really fresh 😏,6.0,6.0,1,1,0,0,0,4.06,6.23,,,,-0.49,,en,6.0
2595,2596,"i requested to keep my bag as i needed it for my conpression luggages, but they still threw away my bag",5.0,4.0,0,1,1,0,0,,3.88,3.39,,,-0.49,,en,4.0
2596,2597,"Really disapponted, clothes are still wet and jumper is missing a zip. ",3.0,3.0,1,1,0,0,0,2.67,4.7,,,,-0.49,,en,3.0
2597,2598,"I’m generally impressed with the service. The drivers responsible for the collection and delivery were incredibly friendly. The jackets returned to me were impeccably cleaned and neatly packaged. Pricing was reasonable, especially considering the quality.",7.0,6.0,1,0,1,1,1,4.83,,4.94,7.86,6.32,-0.5,,en,6.0
2598,2599,"driver was good, responsive and helpful",8.0,7.0,0,0,0,1,1,,,,7.16,6.02,-0.5,,en,7.0
2599,2600,trally fast service,6.0,5.5,0,0,0,0,1,,,,,6.49,-0.51,,en,5.5
2600,2601,"Dear customer service,\nI have been now a regular user for a while. This last time i was disappointed. The washing and ironing of the female shirts have been priced as \""blouses\"", which resulted in an overcharge. These were just female shirts. ",2.0,4.0,1,0,1,0,0,3.74,,5.24,,,-0.5,,en,4.0
2601,2602,"never again: you didnt fold the laundry (just washed, dried and shoved it in a bag without the most basic fold)… damages both tshirts that were dry cleaned. and sent me a random sock that doesnt belong to me so a clear lack of attention.",1.0,3.0,1,1,1,0,0,2.5,5.33,4.57,,,-0.49,,en,3.0
