,ID,Review,Convenience of the hotel's location, Professionalism of staff during check-in, Ease of getting around from the hotel,Cleanliness of the room,Noise level at night, Reliability of the Wi-Fi connection,Comfort and quality of sleep,Length of the check-in process,Overall smoothness of the stay,How frustrating the experience felt,Cleanliness of the room.1,Delays or friction during parts of the stay,Minor inconveniences in the room or facilities,Overall convenience of the stay,How enjoyable the experience felt,Smoothnesss of the check-in process,Emotionality_1to9,pred_Satisfaction_final,lang,hotel's_location_convenience,Staff_Professionalism,Check_in_process,Room_cleanliness,Noise_level_at_night,Wi-Fi_Reliability,Comfort_and_quality_of_sleep,Inconveniences_in_the_room_or_facilities,hotel's_location_convenience_sentiment,Staff_Professionalism_sentiment,Check_in_process_sentiment,Room_cleanliness_sentiment,Noise_level_at_night_sentiment,Wi-Fi_Reliability_sentiment,Comfort_and_quality_of_sleep_sentiment,Inconveniences_in_the_room_or_facilities_sentiment,Overall_review_sentiment
0,1,I'd recommend this hotel. Service was good and it was clean. I did have a few minor hiccups but nothing that caused me major trouble. ,,,,,,,,,,,,,,,,,7,6.0,en,0,1,1,0,0,0,0,1,,4.86,5.65,,,,,4.81,0.93
1,2,I wish it could have gone better.  I wasn't really pleased with my experience other than the location itself.,,,,,,,,,,,,,,,,,3,4.0,en,0,0,0,0,0,0,0,0,,,,,,,,,-0.92
2,3,"The staff and distance to my meeting were good, but everything else was awful. The room was dirty, I couldn't use the wifi, and it was so noisy and uncomfortable at night!",,,,,,,,,,,,,,,,,3,3.0,en,0,1,0,0,0,0,0,1,,4.65,,,,,,4.84,-0.91
3,4,"I had a rough time at this hotel. While the staff were professional, check-in took a long time. The room was not as clean as it could be, the WiFi was unreliable, the room was noisy, and the bed was uncomfortable. While it was close to my meeting and thus convenient, I would not stay here again.",,,,,,,,,,,,,,,,,2,3.5,en,0,1,1,0,0,0,0,1,,4.96,5.37,,,,,4.66,-0.89
4,5,"Check-in took very long, room was unclean and not maintained, wi-fi was unreliable, room was noisy and uncomfortable to be in. The staff seemed professional at check-in and the location was near my meetings but I would not recommend this place to anyone.",,,,,,,,,,,,,,,,,2,3.0,en,0,1,1,0,0,0,0,1,,4.92,5.21,,,,,4.56,-0.94
5,6,"I loved the hotels location and the staff themselves but they need to work on the cleanliness of rooms and the noise level at night, I had trouble sleeping. For this price it needs to be a bit better. ",,,,,,,,,,,,,,,,,5,4.0,en,0,1,1,0,0,0,0,1,,4.9,5.51,,,,,4.69,0.12
6,7,A perfectly pleasant experience! Everything I wanted to go well did and no issues popped up at any point. I could not be happier.,,,,,,,,,,,,,,,,,9,9.0,en,0,1,0,0,0,0,0,0,,5.43,,,,,,,0.97
7,8,Overall an acceptable stay. Easy check in and clean rooms. Close to the things I was needing to do. The only downsides were a very slow elevator and limited outlets in the room. ,,,,,,,,,,,,,,,,,7,6.5,en,0,1,1,0,0,0,0,1,,4.96,5.17,,,,,4.93,0.54
8,9,Everything meets expectations ,,,,,,,,,,,,,,,,,6,7.5,en,0,0,0,0,0,0,0,0,,,,,,,,,0.38
9,10,5 stars. Great service overall. I enjoyed the clean room and reliable WiFi. It was conveniently located. Other than the elevator being a little slow it was pretty extraordinary ,,,,,,,,,,,,,,,,,9,8.0,en,0,1,1,0,0,0,0,1,,5.21,5.4,,,,,4.5,0.98
10,11,My stay at this hotel was very comfortable. The only small inconvenience was lack of outlets nearby asnd a slow elevator. I'd definitely go back and also recommend to others.,,,,,,,,,,,,,,,,,8,7.5,en,0,1,1,0,0,0,0,1,,4.91,5.63,,,,,4.87,0.95
11,12,My hotel stay went smoothly. Check-in was fast and easy. My room was comfortable and clean. The wi-fi worked well. I found the location convenient for my visit.,,,,,,,,,,,,,,,,,7,6.5,en,0,1,1,0,0,1,0,1,,5.07,5.44,,,5.42,,4.77,0.98
12,13,"Overall this hotel is very pleasant. It is in a great location, efficient staff, comfortable, and quite. Great for a night's stay. There are some minor inconveniences, but nothing that is that big of a deal.",,,,,,,,,,,,,,,,,7,7.0,en,0,1,1,0,0,0,0,1,,5.36,6.04,,,,,4.58,0.98
13,14,No complaints. Pleasant stay!,,,,,,,,,,,,,,,,,8,9.5,en,0,1,0,0,0,0,0,0,,5.55,,,,,,,0.92
14,15,convenient location however did not out way inconveniences. Overall fine for a last minute stay.,,,,,,,,,,,,,,,,,4,4.5,en,0,1,1,0,0,0,0,1,,4.97,4.98,,,,,5.02,0.82
15,16,I had a great time. Really good service. And the beds were amazing. ,,,,,,,,,,,,,,,,,8,7.5,en,0,1,1,0,0,0,0,1,,5.09,5.21,,,,,4.81,0.99
16,17,"Overall, I had a very good experience at this hotel. I would encourage them to add more convenient outlets and increase the elevator speed but I would definitely stay here again. ",,,,,,,,,,,,,,,,,8,7.5,en,0,1,1,0,0,0,0,1,,5.01,5.6,,,,,4.63,0.99
17,18,The hotel met or exceeded my expectations. Would stay again!,,,,,,,,,,,,,,,,,8,8.0,en,0,1,1,0,0,0,0,1,,5.24,5.32,,,,,4.78,0.91
18,19,"It was a pleasant stay, the room was great, wifi and it was quiet and comfortable. Only problem included a few minor ones like the elevator being slow and not a lot of outlets. Was a great area also.",,,,,,,,,,,,,,,,,8,6.0,en,0,1,1,0,0,0,0,1,,5.06,5.4,,,,,4.81,0.96
19,20,nice stay would stay again,,,,,,,,,,,,,,,,,7,7.5,en,0,0,0,0,0,0,0,0,,,,,,,,,0.69
20,21,"Hey y'all! Just wanted you to know I had a lovely stay at &lt;property name&gt;. I was in town for some business meetings at the convention center, so the location couldn't be beat. Had a couple issues with a slow elevator and some inconveniently-placed outlets, but overall this is a great place to stay! And don't forget to smash that subscribe button if you want more hotel videos from me, The Hotel Bro!! ",,,,,,,,,,,,,,,,,8,9.0,en,0,1,1,0,0,0,0,1,,5.33,5.62,,,,,4.7,0.98
21,22,"Nice easy place to stay, convenient, clean, everything works and no complaints.",,,,,,,,,,,,,,,,,8,6.0,en,0,1,1,0,0,0,0,1,,5.08,5.49,,,,,4.39,0.96
22,23,"Excellent service, would stay again! ",,,,,,,,,,,,,,,,,9,8.5,en,0,1,0,0,0,0,0,0,,5.26,,,,,,,0.96
23,24,Check in was quick. Room was clean and quiet. Could use a few more outlets around. ,,,,,,,,,,,,,,,,,7,7.5,en,0,0,1,0,0,0,0,0,,,5.09,,,,,,0.75
24,25,My expectations for this hotel was high so I was a bit disappointed with my stay. The staff was not very compassionate. ,,,,,,,,,,,,,,,,,3,3.5,en,0,1,1,0,0,0,0,1,,4.91,5.35,,,,,4.59,-0.96
25,26,"This hotel was very nice.  The staff were professional and helpful, and the room was very clean and comfortable.  The only downside to the stay is that the room does not have enough electrical outlets for all of my technology, and the elevator was very slow (first world problems!)  Overall though, I would recommend this hotel!",,,,,,,,,,,,,,,,,8,7.0,en,0,1,1,0,0,0,0,1,,5.17,5.94,,,,,4.6,0.85
26,27,Overall good if you need a place to stay in area I'd go with this one.,,,,,,,,,,,,,,,,,6,6.5,en,0,1,0,0,0,0,0,0,,5.07,,,,,,,0.95
27,28,"The room was clean, comfortable and I slept wonderfully.  My expectations were exceeded.  I would definitely recommend!",,,,,,,,,,,,,,,,,9,7.0,en,0,1,1,1,0,0,1,1,,5.21,5.64,5.29,,,5.05,5.05,0.99
28,29,my experience in the hotel was good everything was good the only complaint is that it should of have more outlets to plug-in devices but other than that it was a good stay.,,,,,,,,,,,,,,,,,7,6.0,en,0,1,1,0,0,0,0,1,,4.85,5.45,,,,,4.8,0.95
29,30,Overall this was not a good experience due to the hotel's cleanliness and reliability. Service was slow as well. ,,,,,,,,,,,,,,,,,3,2.5,en,0,1,1,1,0,0,0,1,,4.59,5.02,4.58,,,,4.67,-0.94
30,31,"As convenient as this place was, I would not stay again. Check-in took much longer than it should have and on top of being frustrated when I got to my room, it wasn't even that clean. Wi-fi was terrible and I couldn't sleep it off with all the noise. Would not recommend. ",,,,,,,,,,,,,,,,,2,3.0,en,0,1,1,0,0,0,0,1,,4.95,5.2,,,,,4.58,-0.97
31,32,"The hotel met my basic needs well. It was clean, smooth, and comfortable. There were some small issues that kept it from being perfect, but I would recommend it.",,,,,,,,,,,,,,,,,7,8.0,en,0,1,1,0,0,0,0,1,,4.99,5.85,,,,,4.68,0.87
32,33,everything about the experience was bad,,,,,,,,,,,,,,,,,1,0.5,en,0,0,0,0,0,0,0,0,,,,,,,,,-0.98
33,34,The hotel was clean and quiet and I enjoyed my stay.,,,,,,,,,,,,,,,,,7,8.0,en,0,1,0,0,0,0,0,0,,5.13,,,,,,,0.98
34,35,"Unfortunately this hotel did not meet my expectations. Super long check in, unclean room and spotty internet were frustrating. Then I didn't even get a good night's sleep due to the noise level. I will not stay here again.",,,,,,,,,,,,,,,,,2,3.0,en,0,1,1,0,0,0,0,1,,5.02,5.47,,,,,4.47,-0.97
35,36,The hotel is in a good location. Front desk staff is professional. Rooms were lacking - not well cleaned and noisy,,,,,,,,,,,,,,,,,4,4.5,en,0,1,1,0,0,0,0,1,,4.94,5.56,,,,,4.71,0.37
36,37,This place was perfect and I would recommend it to anyone traveling to the area,,,,,,,,,,,,,,,,,9,9.0,en,0,1,0,0,0,0,0,0,,5.48,,,,,,,0.99
37,38,"Had a great time , will stay in the future ",,,,,,,,,,,,,,,,,8,7.5,en,0,0,0,0,0,0,0,0,,,,,,,,,0.98
38,39,"This was a great stay for my work trip. Staff was professional, room was comfortable. The internet was reliable, I slept great, and the hotel is in a convenient location. Only con was limited outlets and a slow elevator but otherwise it was great. If you need somewhere to stay, this is a good choice.",,,,,,,,,,,,,,,,,8,6.0,en,0,1,1,0,0,0,0,1,,5.11,5.71,,,,,4.66,0.98
39,40,"The hotel's location was convenient and had good staff, however the place wasn't clean and there was so much noise at night.",,,,,,,,,,,,,,,,,3,1.5,en,0,1,0,0,1,0,0,1,,4.56,,,4.71,,,4.84,-0.21
40,41,My stay was one night and I was pleasantly surprised.  I did not expect and A+ stay but that is what it was.   Everything exceeded my expectations.   Great job!,,,,,,,,,,,,,,,,,9,6.5,en,0,1,1,0,0,0,0,1,,5.13,5.13,,,,,5.05,0.98
41,42,"I'd avoid this hotel. While it is convenient and easy to get around the city due to location, I found check-in to be delayed and unpleasant, even though the staff itself was professional and helpful. But my room wasn't very clean and the noise at night was not pleasant. I was also disappointed that wi-fi was spotty and I couldn't really do my work tasks efficiently.",,,,,,,,,,,,,,,,,2,4.5,en,0,1,1,0,0,0,0,1,,5.1,5.81,,,,,4.43,-0.9
42,43,My stay was fine. Checking in was easy and I had a quiet night sleep. There were minor inconveniences but nothing that would prevent me from returning.,,,,,,,,,,,,,,,,,7,5.5,en,0,1,1,0,0,0,0,0,,4.67,4.84,,,,,,0.83
43,44,"The staff I worked with were professional and I don't have any direct complaints, however, they were clearly overworked as there was a significant delay in checking in. The room itself wasn't in the best shape, being quite dirty and uncomfortable to rest in. The biggest issue was the volume at night. The hotel did not seem to have any policy regarding noise which made the stay quite miserable - especially as I had important work meetings to attend. ",,,,,,,,,,,,,,,,,2,3.5,en,0,1,1,0,0,0,0,1,,4.74,5.24,,,,,4.81,-0.87
44,45,"Very disappointed by the quality of workmanship, the internet was unreliable. Noise throughout the night, I didn't properly rest. Never again.",,,,,,,,,,,,,,,,,1,3.0,en,0,0,0,0,0,0,0,0,,,,,,,,,-0.98
45,46,"Had a great night at this hotel. Was very comfortable and accomadating, great Wifi. There were a couple of small issues with the elevators and building access, but other than that would heartily recommend it.",,,,,,,,,,,,,,,,,8,7.0,en,0,1,1,0,0,0,0,1,,5.19,5.99,,,,,4.54,0.96
46,47,"It was not a place I would stay at again, as many important factors such as wifi and prompt check in were lacking. The staff were professional, though!",,,,,,,,,,,,,,,,,3,4.0,en,0,1,1,0,0,0,0,1,,5.03,5.17,,,,,4.5,-0.27
47,48,"I am not interested in booking again in this hotel. Noisy, not clean enough, checking out took too long, and Wifi was not reliable. Besides that, location was fine and staff professional. ",,,,,,,,,,,,,,,,,2,4.0,en,0,1,1,0,0,0,0,1,,5.07,5.66,,,,,4.46,-0.95
48,49,"Staff was competent but that's about the extent of the good. Dirty, noise room, terrible Wi-Fi. ",,,,,,,,,,,,,,,,,2,2.0,en,0,1,0,0,0,0,0,1,,4.63,,,,,,4.56,-0.49
49,50,The hotel stay exceeded my expectations and I will definitely return,,,,,,,,,,,,,,,,,9,7.0,en,0,1,1,0,0,0,0,1,,5.25,5.35,,,,,4.86,0.96
50,51,"I didn't have a good stay here. While it was in the same place that my meetings were, which made it convenient, that doesn't make up for the long check-in, the noisiness, and the less-than-clean conditions of the room. Even though it's not a high-end hotel brand, those things should still be there. I was on a business trip, so I only stayed one night...but I can't imagine if I were on a personal trip and was here for a few days.",,,,,,,,,,,,,,,,,3,3.5,en,0,1,1,1,0,0,0,1,,4.8,5.39,4.94,,,,4.98,-0.68
51,52,"This was not a great experience. Service was low quality, dirty and the Wi-Fi wasn't working. I'll stay away from here next time.",,,,,,,,,,,,,,,,,2,2.0,en,0,1,0,0,0,1,0,0,,4.77,,,,4.94,,,-0.98
52,53,I was disappointed with my stay at this hotel. The check in process was slow. The room I was assigned was dirty and worn. The wi fi signal was sporadic and the room location was very noisy. I do not recommend this hotel.,,,,,,,,,,,,,,,,,2,3.0,en,0,1,1,0,0,0,0,1,,5.01,5.54,,,,,4.41,-0.98
53,54,The location was very convenient for me since its close to work and the employees were very professional. ,,,,,,,,,,,,,,,,,6,6.5,en,0,1,0,0,0,0,0,0,,5.09,,,,,,,0.98
54,55,"The only thing positive about the stay at this hotel was that it was close to where my meetings were located. Other than that it was not a pleasant stay and would not recommend,. ",,,,,,,,,,,,,,,,,2,3.5,en,0,1,1,0,0,0,0,1,,4.9,5.51,,,,,4.85,-0.19
55,56,I enjoyed my stay. Check-in was fast and the room was clean. Wifi worked perfectly. Only minor issue was limited outlets and for some reason the elevator was very slow.,,,,,,,,,,,,,,,,,8,6.5,en,0,1,1,0,0,1,0,1,,4.92,5.17,,,5.37,,4.8,0.86
56,57,I feel comfortable staying this hotel.,,,,,,,,,,,,,,,,,6,6.5,en,0,1,0,0,0,0,0,0,,5.4,,,,,,,0.92
57,58,"This hotel gave me everything I needed to make this work trip easy and seamless. The hotel was conveniently located. The staff made check in smooth and easy. The Wifi was reliable. The room was quiet, and I had a great night sleep. Thank you!",,,,,,,,,,,,,,,,,9,8.0,en,0,1,1,0,0,0,0,1,,5.48,5.74,,,,,4.48,0.99
58,59,Hotel stay fell flat. Will probably not stay here again.,,,,,,,,,,,,,,,,,3,3.0,en,0,0,0,0,0,0,0,1,,,,,,,,4.88,-0.92
59,60,Not a great experience Slow check in Dirty Noisy Bad Wi-Fi However location is convenient ,,,,,,,,,,,,,,,,,2,2.5,en,0,0,0,0,0,0,0,0,,,,,,,,,-0.71
60,61,"I had a great experience at this hotel. The price was good, everything was clean and well kept. Staff was friendly and out of the way. Could've used more outlets and the elevator was a bit slow, but aside from those minor inconveniences, I would stay again.",,,,,,,,,,,,,,,,,8,8.0,en,0,1,1,0,0,0,0,1,,5.11,5.81,,,,,4.65,0.97
61,62,My stay was definitely 5 stars. The check in process was fast and efficient. My room was clean and quiet. The hotel has a prime location so I easily able to get to my meetings. My only minor complaint is that the elevator either was out of service or if it was in service it went very very slow. Overall it was a great stay and I would recommend staying at this hotel.,,,,,,,,,,,,,,,,,9,8.0,en,0,1,1,0,0,0,0,1,,5.14,5.56,,,,,4.73,0.9
62,63,"They could do a whole lot better. Service was slow, room wasn't clean and too much noise.",,,,,,,,,,,,,,,,,2,2.5,en,0,1,0,0,0,0,0,1,,4.56,,,,,,4.65,-0.85
63,64,"The hotel took forever to check me in, had a dirty room, and the WiFi barely worked... I do NOT recommend staying here! ",,,,,,,,,,,,,,,,,1,1.5,en,0,1,1,0,0,1,0,1,,4.64,5.13,,,5.22,,4.73,-0.98
64,65,"Starting from check-in, the process took way too long. The only saving grace was the professional staff. When I got to the room, it wasn't very clean or well maintained. When trying to use the wi-fi, it was unreliable. Once it was finally time to sleep, I was kept up due to the noise. The only silver linings were the staff and the fact it was in a convenience location for me. ",,,,,,,,,,,,,,,,,2,3.0,en,0,1,1,0,0,0,0,1,,4.77,4.82,,,,,4.85,-0.29
65,66,"Thank you for the amazing hotel stay! I had to be in town for work and this hotel did not disappoint. The room was clean, the staff professional, the WIFI reliable, and it was close to my conference. It met all my expectations and I slept well! Highly recommend",,,,,,,,,,,,,,,,,9,8.5,en,0,1,1,0,0,0,0,1,,5.39,5.77,,,,,4.75,0.99
66,67,"even though the staff at the front desk was professional in dealing with me, i was still frustrated over the whole experience due to a long delayed check-in, the unreliability of wi-fi and the noise levels at night. Sure the hotel was convenient for my business, but i was not fully rested to deal with my business. ",,,,,,,,,,,,,,,,,3,3.0,en,0,1,1,0,0,0,0,1,,4.81,4.97,,,,,4.72,-0.84
67,68,"The hotel was conveniently located and that’s about the only good thing I can say about it.  The Wi-Fi was spotty, the room wasn’t very clean and it was noisy all night long.  Would not recommend ",,,,,,,,,,,,,,,,,2,3.0,en,0,1,1,0,0,0,0,1,,4.9,5.46,,,,,4.74,-0.46
68,69,Check in took way too long. Room didn't feel clean. Noise level high. Convenient location to my work.,,,,,,,,,,,,,,,,,3,4.0,en,0,1,1,0,0,0,0,1,,4.85,4.8,,,,,4.8,-0.77
69,70,It was a great place to stay - clean and close to the location I needed to be. I liked the wifi and the slow elevators was okay in that it was a good place to stay. ,,,,,,,,,,,,,,,,,7,6.0,en,0,1,1,0,0,0,0,1,,5.04,5.41,,,,,4.62,0.98
70,71,"At the price point, the stay was very enjoyable and met expectations. ",,,,,,,,,,,,,,,,,7,8.5,en,0,1,0,0,0,0,0,0,,5.46,,,,,,,0.97
71,72,I unfortunately had a terrible experience at this hotel! I took much longer to check in as usual and the room was untidy when arriving.  The bed was uncomfortable and the walls were thin with spotty WiFi at best.  Would not recommend. ,,,,,,,,,,,,,,,,,1,3.0,en,0,1,1,0,0,0,0,1,,4.94,5.64,,,,,4.45,-0.98
72,73,This was a great hotel and did a great job of meeting all of my needs!,,,,,,,,,,,,,,,,,9,8.0,en,0,1,1,0,0,0,0,1,,5.26,5.69,,,,,4.58,0.99
73,74,"I had a great experience with the customer service team, but my room was noisy and unclean. ",,,,,,,,,,,,,,,,,4,3.5,en,0,1,1,0,0,0,0,1,,4.7,5.04,,,,,4.7,0.03
74,75,The checking process was frustrating. Long delays during check in is never a good start. The room itself was worn out and dirty which is surprising given the cost of the hotel room for the night. WiFi was borderline unusable which is crazy given the technology available in 2026. This hotel seems to me to be taking advantage of it’s premier location to overcharge for subpar rooms. ,,,,,,,,,,,,,,,,,2,3.5,en,0,1,1,0,0,0,0,1,,4.89,5.24,,,,,4.65,-0.92
75,76,"The only good thing about this stay was the location. While the staff was professional, checking in took way too long, the room was filthy and dated, and the Wi-Fi was spotty at best. I do not recommend staying here.",,,,,,,,,,,,,,,,,2,3.0,en,0,1,1,0,0,0,0,1,,4.93,5.23,,,,,4.8,-0.78
76,77,"This was a horrible stay. The staff was professional in their attitude, but horrible in their execution. At least it was close to my meeting destinations.",,,,,,,,,,,,,,,,,2,3.0,en,0,1,1,0,0,0,0,1,,4.79,4.92,,,,,4.68,-0.88
77,78,Hotel was not very clean and not well maintained. Location is convenient but needs better care.,,,,,,,,,,,,,,,,,3,2.0,en,0,1,1,1,0,0,0,1,,4.5,5.25,4.56,,,,4.56,-0.72
78,79,"My day was business related, and I found everything up to par from checkout to check in. Jerome was fresh and clean, and I felt very comfortable. The only thing lacking was a few more outlets, which might be a consideration for management given the electronic nature of the new age. Other than that, everything was Wonderful.",,,,,,,,,,,,,,,,,8,8.5,en,0,1,1,0,0,0,0,0,,5.25,5.09,,,,,,0.89
79,80,"Overall good experience, just a problem with the elevators and outlets.",,,,,,,,,,,,,,,,,7,7.5,en,0,1,1,0,0,0,0,1,,4.89,5.0,,,,,4.75,0.13
80,81,Overall this was a great hotel I would stay at again.,,,,,,,,,,,,,,,,,8,7.5,en,0,1,1,0,0,0,0,1,,5.13,5.48,,,,,4.71,0.98
81,82,"The hotel is in a very convenient location and staff were very professional. However, my room wasn't clean or quiet, so I didn't have a very enjoyable stay. There were also issues with the check-in process, which added to my frustration.",,,,,,,,,,,,,,,,,4,4.0,en,0,1,1,0,0,0,0,1,,4.98,5.44,,,,,4.73,-0.83
82,83,"The room was not comfortable due to noise level at night & it being a bit not up to par in cleanliness.  Also, the Wi-Fi was not reliable which was frustrating as I had to prepare for a meeting the day.  Two positives out of the stay which is why I provided three stars is the staff was very professional & friendly, also the location was ideal for my meetings. ",,,,,,,,,,,,,,,,,3,4.5,en,0,1,1,1,0,0,0,1,,5.1,5.51,5.11,,,,4.74,0.01
83,84,"Had a wonderful experience in this hotel. It was nice and spacious. The rooms were clean and I got a good night rest, Will stay here again ",,,,,,,,,,,,,,,,,8,7.5,en,0,1,1,0,0,0,0,1,,5.24,5.88,,,,,4.58,0.99
84,85,"My stay here had almost everything you could want: a quick check-in process, professional hotel staff, good Wi-fi, and a quiet, comfortable, and clean room. I had to come for a work trip so I wish some things would be updated (having more outlets in the rooms would've been helpful, and the elevator was a bit slow). Overall, though, I loved it and would definitely come to stay here again!",,,,,,,,,,,,,,,,,9,7.5,en,0,1,1,0,0,0,0,1,,5.13,5.47,,,,,4.86,0.98
85,86,"The check in process was a nightmare, way too long.  In addition, I barely got any sleep because it was noisy and I honestly didn't feel comfortable because the room was barely cleaned.  The only saving grace for this hotel was its convivence to my meetings. ",,,,,,,,,,,,,,,,,2,3.5,en,0,1,1,0,0,0,0,1,,4.75,5.06,,,,,5.01,-0.86
86,87,"This was not a good stay at this hotel. While it was located nicely, I did not appreciate the service or cleanliness of the room. ",,,,,,,,,,,,,,,,,3,2.5,en,0,1,1,1,0,0,0,1,,4.82,5.37,4.73,,,,4.59,-0.94
87,88,"This is a clean, professional hotel.  The room was quiet at night and conveniently located to local attractions and necessities.  The elevator is noticeably slow but otherwise a nice hotel.",,,,,,,,,,,,,,,,,7,7.0,en,0,1,1,0,0,0,0,1,,5.39,6.02,,,,,4.56,0.89
88,89,"The only thing that could have improved my stay was a few minor logistical adjustments, but overall the experience was near perfect. Great check-in experience, clean room, good wifi, and a quiet comfortable room made my stay exceed expectations. ",,,,,,,,,,,,,,,,,9,7.0,en,0,1,1,0,0,0,0,1,,5.06,5.1,,,,,5.08,0.95
89,90,The hotel was convenient but had several issues such as delays on checkin and overall noise levels at night,,,,,,,,,,,,,,,,,4,3.5,en,0,1,1,0,1,0,0,1,,4.71,5.15,,4.78,,,4.91,-0.57
90,91,"Good experience. Clean, quiet rooms. Decent wifi. Elevators are slow. Could use more outlets.",,,,,,,,,,,,,,,,,7,6.5,en,0,1,1,0,0,0,0,1,,4.93,5.34,,,,,4.61,0.82
91,92,Everything was efficient and simple and convenient based off of the intent of my stay.,,,,,,,,,,,,,,,,,7,8.0,en,0,1,0,0,0,0,0,0,,5.29,,,,,,,0.89
92,93,"Overall my experience at this hotel was pretty terrible, and I would not stay here again. The most important things, to me, are the cleanliness of the room and my ability to comfortably rest there, and in both regards I was let down. My rest was nonexistent due to the noise and the general state of the room felt unhygienic. On top of all that, the wifi sucked.",,,,,,,,,,,,,,,,,2,3.5,en,0,1,1,0,0,0,0,1,,4.89,5.54,,,,,4.59,-0.97
93,94,I have an enjoyable experience and would stay here again,,,,,,,,,,,,,,,,,8,7.5,en,0,0,0,0,0,0,0,0,,,,,,,,,0.98
94,95,I did not find my room very enjoyable and appealing to me. Noisy and not very clean at all. Plus the Wi-Fi was unreliable also. I did not enjoy my stay here at all.,,,,,,,,,,,,,,,,,1,3.0,en,0,1,0,1,0,0,0,1,,4.83,,4.83,,,,4.69,-0.97
95,96,"Dirty room, unreliable wifi, noisy and a slow check-in. Avoid.",,,,,,,,,,,,,,,,,1,1.5,en,0,0,1,1,0,1,0,1,,,4.68,4.44,,5.09,,4.55,-0.93
96,97,"I chose to stay at this hotel because I was attending a nearby business conference.  Unfortunately, the hotel fell short of my expectations.  After a long flight I looked forward to getting to my room but the check in process was very slow for no apparent reason.  The room itself was not as clean as I would have liked and the wifi was unreliable.  This is a problem since I needed to work remotely.  On the plus side the hotel was in a good location and it was easy to commute to my conference, although it was not in the quietest neighborhood.  I wouldn't stay there again.",,,,,,,,,,,,,,,,,2,4.0,en,0,1,1,0,0,0,0,1,,4.81,5.45,,,,,4.72,-0.64
97,98,"This hotel was fairly priced, convenient, and run very professionally.",,,,,,,,,,,,,,,,,7,7.5,en,0,1,1,0,0,0,0,0,,5.21,5.96,,,,,,0.96
98,99,"This hotel was perfect for myself, in every way, except for one minor inconvenience with the elevator.. nobody is perfect with everything, so I couldn't ask for more! Very clean, quiet and professional.",,,,,,,,,,,,,,,,,9,7.5,en,0,1,1,0,0,0,0,1,,5.17,5.93,,,,,4.67,0.96
99,100,Overall I wasn't all that happy about my stay even though I was treated professionally during checkin and the location was great to where I needed to go. The noise level and cleanliness of the room was very poor and the wi fi connection was unreliable. ,,,,,,,,,,,,,,,,,2,3.5,en,0,1,1,0,0,1,0,1,,4.87,5.07,,,5.34,,4.78,-0.87
100,101,"The room itself was not very clean and the wifi was terrible. It was also noisy at night. However, the hotel is in a good location. The staff, though, are very unprofessional.",,,,,,,,,,,,,,,,,2,2.5,en,0,1,1,1,0,0,0,1,,4.76,5.53,4.96,,,,4.77,-0.85
101,102,"The hotel exceeded my expectations in terms of cleanliness, quietness, and friendliness. It gave me easy access to my itinerary and was a pleasant stay. ",,,,,,,,,,,,,,,,,8,8.0,en,0,1,1,0,0,0,0,1,,5.38,5.83,,,,,4.71,0.97
102,103,"Check-in took a long time, and the room was somewhat dirty and not well-maintained. The WiFi also wasn't very good, and there was noise at night. Overall not a very pleasant stay.",,,,,,,,,,,,,,,,,3,3.0,en,0,1,1,0,0,1,0,1,,4.75,4.89,,,5.33,,4.9,-0.96
103,104,"The stay at the hotel was very nice. The service was very good. The room was clean, and I, slept well. The only thing I, didn’t like was there were not enough outlets, and the elevator was slow.",,,,,,,,,,,,,,,,,8,6.0,en,0,1,1,0,0,0,0,1,,5.13,5.14,,,,,4.82,0.48
104,105,"Very convenient location, close to necessities. Check in took much longer than expected and the room was not super clean. The WiFi connection was spotty, as is usually the case for hotels. Very loud at night which impacted my sleep. Overall would find somewhere else next time.",,,,,,,,,,,,,,,,,3,4.5,en,0,1,1,0,0,0,0,1,,5.09,5.38,,,,,4.74,-0.45
105,106,"The hotel was terrible it was dirty with unreliable wifi, noisy and the check-in process was horrible.",,,,,,,,,,,,,,,,,1,0.0,en,0,1,1,0,0,0,0,1,,4.2,4.68,,,,,4.66,-0.98
106,107,"Great location, bad or medium everything else.  ",,,,,,,,,,,,,,,,,3,5.5,en,0,0,0,0,0,0,0,0,,,,,,,,,0.46
107,108,"It was a nightmare staying here, from the long wait to check in to the unreliable Wi-Fi and the noise at night. Do not recommend. ",,,,,,,,,,,,,,,,,1,2.0,en,0,1,1,0,0,1,0,1,,4.78,4.93,,,5.11,,4.58,-0.96
108,109,"Overall, I really enjoyed my experience here. I have no complaints except for minor inconveniences such as limited outlets or slow moving elevator ",,,,,,,,,,,,,,,,,8,7.0,en,0,1,1,0,0,0,0,1,,4.79,4.92,,,,,4.7,0.95
109,110,I would have given this 5 stars except for a slow elevator but it was a great stay,,,,,,,,,,,,,,,,,8,7.5,en,0,1,1,0,0,0,0,1,,5.12,5.15,,,,,4.81,0.93
110,111,"Was not a very pleasant experience - check in took longer than expected, the room felt unclean, the WiFi was spotty, and it was noisy at night.",,,,,,,,,,,,,,,,,2,2.5,en,0,1,1,0,0,0,0,1,,4.66,4.67,,,,,4.81,-0.97
111,112,"My hotel stay was mediocre at best. While the staff was professional and the hotel conveniently located, it could not make up for the dirty room, sketchy wi-fi, and my lack of sleep due to my noisy neighbors. ",,,,,,,,,,,,,,,,,3,3.5,en,0,1,1,0,0,0,0,1,,4.66,5.18,,,,,4.89,-0.94
112,113,"The place was nice and clean, staff were super friendly and helpful! Overall, a very nice place to stay if you need to!",,,,,,,,,,,,,,,,,8,6.5,en,0,1,1,0,0,0,0,1,,5.21,5.57,,,,,4.76,0.99
113,114,"Everything that could have gone wrong pretty much did. While the hotel is conveniently located, it wasn't very clean. The checkin process took far longer than it should have and I couldn't sleep because of the noise.",,,,,,,,,,,,,,,,,1,2.0,en,0,1,1,0,0,0,0,1,,4.61,4.85,,,,,5.3,-0.88
114,115,"I enjoyed my stay at this hotel. The room was clean, comfortable and quiet. The staff members were professional, and my check-in was quick. The hotel provides reliable WI-FI. The only issue, which was minor, was fewer outlets than expected. I would stay here again.",,,,,,,,,,,,,,,,,8,7.0,en,0,1,1,0,0,0,0,1,,5.31,5.85,,,,,4.37,0.97
115,116,"I had a good stay the major things were all great. Wifi, location, noise level etc. The only things I feel you might find discomfort with are the lack of outlets for charging devices and the slower elevators. I would still recommend this property. ",,,,,,,,,,,,,,,,,8,6.0,en,0,1,1,0,0,1,0,1,,4.86,5.34,,,5.48,,4.76,0.7
116,117,This hotel is excellent with smooth check-in. It was very quiet and easy to get a good night's sleep. The Wi-Fi worked and was reliable. I would give my stay 5 stars.,,,,,,,,,,,,,,,,,9,6.5,en,0,1,1,0,0,0,0,1,,5.16,5.69,,,,,4.53,0.99
117,118,While I found the location highly convient I felt the whole experience to be challenging. There were certain features that were sub-par at best for both business and entertainment.,,,,,,,,,,,,,,,,,3,4.0,en,0,0,0,0,0,0,0,1,,,,,,,,4.69,-0.77
118,119,This is a really nice hotel to use for a business trip. Everything was smooth and the room was clean and comfortable.,,,,,,,,,,,,,,,,,8,7.5,en,0,1,1,0,0,0,0,1,,5.24,5.88,,,,,4.64,0.99
119,120,"This was a great stay.  I have no complaints. It was clean, convenient.",,,,,,,,,,,,,,,,,8,7.5,en,0,1,1,1,0,0,0,1,,5.04,5.28,5.13,,,,4.92,0.98
120,121,Check in was quick and effortless. Personal were proficient and courteous. The room was clean and comfortable and WiFi adequate for my needs. Limited outlets were the only drawback in the room. Great bed and quiet so sleep was excellent . Would definitely stay here again and will recommend that my company continue to book this property.,,,,,,,,,,,,,,,,,9,6.5,en,0,1,1,0,0,0,0,1,,4.99,5.25,,,,,4.7,0.97
121,122,"Check-in took much longer than expected. Staff completed the process professionally without issues, but the delay was frustrating. The room was not well maintained and the wi-fi was unreliable. The room was noisy and uncomfortable and the overall stay fell short of what was expected.",,,,,,,,,,,,,,,,,2,3.0,en,0,1,1,0,0,0,0,1,,4.95,4.72,,,,,4.84,-0.89
122,123,"My stay here wasn't what I expected, from the beginning at check in it took way longer than I expected it to be. Once I arrived in my room it did not feel like it was as clean as it could have been and I'm not sure if that was from the maintenance crew or if it just wasn't fresh. I just wasn't very happy with my stay or felt like I was in a upscale hotel. I hoped that this was just an off day and hopefully it is not what the norm is for this hotel.",,,,,,,,,,,,,,,,,3,4.5,en,0,1,1,0,0,0,0,1,,4.87,5.23,,,,,4.86,-0.9
123,124,"My experience overall was pretty good. Aside from the elevator being a little slow in my opinion, this was a pretty good hotel. I also thought that I would probably stay at this hotel again in the future. ",,,,,,,,,,,,,,,,,7,7.0,en,0,1,1,0,0,0,0,1,,4.98,5.52,,,,,4.78,0.98
124,125,The hotel was very nice and efficient for my needs. I traveled for work and this was a convenient location. Everything was great and exceeded my expectations. Everything was as offered but the service of the staff was just sufficient and not outgoing. Overall I reccomend this location in the future.,,,,,,,,,,,,,,,,,8,6.0,en,0,1,1,0,0,0,0,1,,5.11,5.65,,,,,4.51,0.98
125,126,The location was great but the service and the room were not up to par and the WiFi was horrible,,,,,,,,,,,,,,,,,3,3.5,en,0,1,1,0,0,0,0,1,,4.84,5.09,,,,,4.63,-0.81
126,127,"The hotel cleanliness did not meet the standard. There was noise at night. The check-in process took longer than expected. Still, the hotel is in a great location.",,,,,,,,,,,,,,,,,3,4.0,en,0,1,1,1,0,0,0,1,,5.09,5.28,5.08,,,,4.76,-0.48
127,128,Most uncomfortable trip ever,,,,,,,,,,,,,,,,,1,2.0,ca,0,0,0,0,0,0,0,0,,,,,,,,,-0.93
128,129,"While this was a convenient location to where I was staying, the problems I faced were not worth it. The room was not cleaned to standard, and the noise level was disruptive. I use Wi-Fi for working purposes and it was unreliable. ",,,,,,,,,,,,,,,,,2,2.5,en,0,1,0,0,0,0,0,1,,4.88,,,,,,4.44,-0.88
129,130,"aside from a few minor inconviniences, this hotel exceeded my expectations and provided a clean and enjoyable stay.",,,,,,,,,,,,,,,,,8,7.0,en,0,1,1,0,0,0,0,1,,5.16,5.59,,,,,4.92,0.92
130,131,My check in was very smooth and convenient. I was close to locations I needed to go but the only issue I had was limited outlets for charging my appliances. Overall I would stay again and recommend this hotel ,,,,,,,,,,,,,,,,,8,7.0,en,0,1,1,0,0,0,0,1,,4.98,5.39,,,,,4.89,0.95
131,132,"This was a good hotel for a good price. It was quiet, the WiFi worked well, and the staff was professional and friendly. The elevator was noticeably slow and there are limited outlets but overall this is still a good hotel to stay at. ",,,,,,,,,,,,,,,,,7,6.5,en,0,1,1,0,0,0,0,1,,5.18,5.82,,,,,4.54,0.97
132,133,"My experience at this hotel was very good. Staffers were accommodating, attentive  and professional which made my stay very comfortable. The minor inconveniences such as the slow elevator were just that minor and does not in any way affect my overall experience at the hotel. I definitely recommend giving them a try if you are in the area.",,,,,,,,,,,,,,,,,9,6.5,en,0,1,1,0,0,0,0,1,,4.91,5.65,,,,,4.76,0.98
133,134,The hotel not only met but exceeded my expectations. The minor logistical inconveniences did not detract from making this an extremely good hotel experience.,,,,,,,,,,,,,,,,,9,7.0,en,0,1,1,0,0,0,0,1,,5.25,5.39,,,,,4.88,0.92
134,135,"Although this property was convenient as far as my travel needs, I was disappointed overall. Check in was slow, the room was only moderately cleaned, the wifi was slow and the surroundings were noisy. I would not stay there again.",,,,,,,,,,,,,,,,,2,3.0,en,0,1,1,0,0,0,0,1,,5.01,5.38,,,,,4.44,-0.93
135,136,"this hotel was near perfect from an accommodation and location stand point. There were a few minor inconveniences like an older building with limited outlets, but they were quickly over shadowed by the wonderful experience.",,,,,,,,,,,,,,,,,9,8.0,en,0,1,1,0,0,0,0,1,,5.5,6.07,,,,,4.6,0.91
136,137,"It was awful, wish I had picked a different place. ",,,,,,,,,,,,,,,,,1,2.0,en,0,0,0,0,0,0,0,0,,,,,,,,,-0.9
137,138,"This hotel was amazing. When I arrived the check in process went very smooth. The room was quiet, clean and well maintained. The wifi worked very well. The bed was super comfortable and it was close to my meetings so it was easy to travel back and forth. I highly recommend this hotel!",,,,,,,,,,,,,,,,,9,6.5,en,0,1,1,0,0,0,0,1,,5.3,5.8,,,,,4.43,0.99
138,139,"Very unsatisfied. I booked this hotel due to proximity to my location, but it turned out to be a very bad decision. The check-in time was very long, the rooms were unclean and there was loud noise at night. Wi-fi was spotty. Overall, I regret booking here.",,,,,,,,,,,,,,,,,1,2.5,en,0,1,1,0,0,0,0,1,,5.08,5.46,,,,,4.44,-0.97
139,140,"The hotel was great - it fit everything that I needed. There were some small minor inconveniences (outlets not working, elevator being small), but it did not fully disrupt my stay at the hotel. ",,,,,,,,,,,,,,,,,7,5.5,en,0,1,1,0,0,0,0,1,,4.87,5.53,,,,,4.77,0.92
140,141,"Great location and staff did what they could to help the check-in, but the rest of my stay was not pleasant. Room was not very clean and the noise at night kept me from getting any rest. Would not recommend. ",,,,,,,,,,,,,,,,,3,5.5,en,0,1,1,0,0,0,0,1,,5.12,5.34,,,,,4.72,-0.88
141,142,"Nice, quiet hotel, perfect for what i needed",,,,,,,,,,,,,,,,,8,7.0,en,0,1,0,0,0,0,0,0,,5.33,,,,,,,0.97
142,143,"Check in was hassle-free. Room was quiet and comfortable. Locations was quick and convenient to business meetings. wifi was reliable. could've had a few more outlets, but overall, recommend.",,,,,,,,,,,,,,,,,8,7.0,en,0,1,1,0,0,0,0,1,,5.06,5.29,,,,,4.73,0.95
143,144,"I booked this hotel because it was conveniently located next to my meetings, but I overall was dissatisfied with my stay. Next time I would rather book a farther hotel that has better service.",,,,,,,,,,,,,,,,,3,3.5,en,0,1,1,0,0,0,0,1,,4.93,5.55,,,,,4.53,-0.58
144,145,"While this hotel was close to where I needed to be, check in process was frustrating and long, and the wi-fi was unreliable with an unclean room. All in all I felt very disappointed with this stay. ",,,,,,,,,,,,,,,,,2,3.0,en,0,1,1,0,0,0,0,1,,5.01,5.45,,,,,4.5,-0.96
145,146,"I highly recommend staying at this hotel.  The overall stay exceeded my expectations.  Everything was clean, well maintained, close to where I needed to be and the staff was direct and helpful when needed.  The only negative things to be said were there were limited outlets and a slow elevator.  Minor things when considering all of the other positive things!",,,,,,,,,,,,,,,,,9,7.5,en,0,1,1,0,0,0,0,1,,5.16,5.79,,,,,4.63,0.95
146,147,The only good thing about this hotel is that the desk staff seems to be professional.  My room was dirty and poorly maintained as well as loud at night. The wifi was slow and cut out multiple times. The hotel was in a pretty convenient location but is that really a positive about the hotel or just a coincidence?,,,,,,,,,,,,,,,,,2,2.0,en,0,1,1,0,0,0,0,1,,4.78,5.42,,,,,4.74,0.5
147,148,"Some times, you end up in a hotel that makes you think you should have just stayed home.  This was not one of those times.  Everything here was better than I hoped to get during my stay.  It wasn't perfect, but I haven't mastered perfection yet, so who am I to expect it?",,,,,,,,,,,,,,,,,8,5.0,en,0,1,0,0,0,0,0,1,,5.29,,,,,,4.95,-0.05
148,149,Check-in was quick and my room was clean and I always had good wifi connection and it was quiet enough at night that I could sleep well. Everything was close by save for a slow elevator but other than that I would definitely stay at this hotel again.,,,,,,,,,,,,,,,,,9,6.5,en,0,1,1,0,0,0,0,1,,5.04,5.53,,,,,4.82,0.94
149,150,"The hotel didn't seem very well maintained or well cleaned. It was noisy at night. The WiFi was unreliable. Other than that, no complaints.",,,,,,,,,,,,,,,,,3,3.5,en,0,1,1,0,0,1,0,1,,4.67,5.22,,,5.14,,4.91,-0.9
150,151,"My experience at the hotel was great overall. Check-in was quick, and rooms were clean with reliable Wi-Fi. Only minor issue is the slow elevator and limited outlets, but overall the hotel stay was awesome. Highly recommend, and will return for sure.",,,,,,,,,,,,,,,,,9,6.5,en,0,1,1,0,0,0,0,1,,5.14,5.59,,,,,4.56,0.99
151,152,"Unfortunately my experience staying the night here wasn't very enjoyable. Check-in took an unusually long time. Once I finally got to my room, it wasn't very clean. It was noisy through the night and the wi-fi was unreliable. It was hard to sleep. Overall, an unpleasant experience.",,,,,,,,,,,,,,,,,2,3.5,en,0,1,1,0,0,0,0,1,,4.87,5.11,,,,,4.85,-0.96
152,153,"The two positives of the stay were that the staff were courteous and professional, and the hotel was conveniently located for my purposes.  However, the bad far outweighed the good.  Check-in took way too long, the room was dirty, and the Wi-Fi was unreliable, which is unacceptable for even a mid-priced hotel today.  On top of that, I was unable to get a good night's sleep due to the noise.  I would not recommend staying here.",,,,,,,,,,,,,,,,,2,3.5,en,0,1,1,0,0,0,0,1,,4.95,5.42,,,,,4.86,-0.85
153,154,"My stay overall was a good experience check-in was quick and easy the employee work at the front desk was Pleasant respectful hotel room were clean and up-to-date the Wi-Fi was reliable and I was quiet. There wasn’t a lot of people running in the halls or making a lot of noise or a lot of outdoor noise. The hotel is close to where I needed to be, which was nice so it wasn’t a lot of driving around overall it was a good stay. I would stay here again.",,,,,,,,,,,,,,,,,8,6.5,en,0,1,1,0,0,0,0,1,,5.06,5.42,,,,,4.77,0.97
154,155,Everything about it is top-notch.,,,,,,,,,,,,,,,,,9,9.0,en,0,0,0,0,0,0,0,0,,,,,,,,,0.83
155,156,"Would not recommend! Long check in process, room did not look clean, unreliable wifi, and it was too noisy.",,,,,,,,,,,,,,,,,2,3.0,en,0,1,0,0,0,0,0,0,,4.99,,,,,,,-0.97
156,157,Overall great stay in this hotel. Quiet and clean. No major issues. ,,,,,,,,,,,,,,,,,8,6.5,en,0,1,1,0,0,0,0,1,,4.93,5.49,,,,,4.83,0.97
157,158,"This is a great place to stay for business. The hotel checks all the necessary boxes, its clean, convenient, friendly and efficient. What more are you looking for when on a business stay?",,,,,,,,,,,,,,,,,8,6.5,en,0,1,1,0,0,0,0,1,,5.28,5.96,,,,,4.41,0.98
158,159,"Check in was easy, staff was professional, and wi-fi was fast and reliable. The room was very clean and I had a comfortable, peaceful night’s sleep. However, the elevator was a bit slow which delayed me getting to my meeting on time. Overall, I can still say I was satisfied with my experience. ",,,,,,,,,,,,,,,,,8,6.0,en,0,1,1,0,0,0,0,1,,5.17,5.17,,,,,4.69,0.88
159,160,"We got everything we wanted from our stay here. Everything was clean and comfortable, and interactions with staff were quick and easy.",,,,,,,,,,,,,,,,,8,8.0,en,0,1,1,0,0,0,0,1,,5.12,5.25,,,,,4.72,0.98
160,161,"It was a trade off.  The location made sense, it made my trip easy.  However, what professionalism I experienced from the front desk staff was offset by many faults.  The delay at the front desk to check in was slow and cumbersome.  The noise at night, the dirty room, wi-fi was slow.  It's was a struggle to just be at peace.  I caught myself wondering why the professionalism didn't spread to other areas of the hotel.  But it is what it is.  ",,,,,,,,,,,,,,,,,3,3.5,en,0,1,1,0,0,0,0,1,,4.75,5.18,,,,,4.93,-0.5
161,162,"While at this hotel I experienced the worst, I was uncomfortable with the bed and the room and how gross it was seeing all the dirt and stink in the room, its like it was never cleaned. I had a bad time connecting to the Wifi and the connection was poor and would disconnect. I would ask staff for help to lead to no help at all. If i were to give this place a negative review I would of. 10/10 would never come again.",,,,,,,,,,,,,,,,,1,1.5,en,0,1,1,0,0,0,0,1,,4.52,5.36,,,,,4.54,-0.97
162,163,"The convenient location does not compensate for other problematic issues: check-in took way too long, the room wasn't very clean or well-maintained, wi-fi connection was sporadic and unreliable, and the noise level was too high. I will not choose this hotel again.",,,,,,,,,,,,,,,,,1,2.5,en,0,1,1,0,0,0,0,1,,4.88,5.34,,,,,4.66,-0.97
163,164,While the hotel was close to my meetings it lacked in several areas.  The wifi was sporadic the rooms could have been cleaner and the hotel was noisy all night.  I would not recommend this hotel.,,,,,,,,,,,,,,,,,2,3.0,en,0,1,1,0,0,0,0,1,,4.99,5.71,,,,,4.46,-0.88
164,165,I had a good experience with this hotel. A couple of mishaps but overall I enjoyed my stay here.,,,,,,,,,,,,,,,,,7,7.0,en,0,1,1,0,0,0,0,1,,5.0,5.66,,,,,4.77,0.97
165,166,"check in took to long, the room was dirty, wifi was bad overall I would not recommend",,,,,,,,,,,,,,,,,2,2.5,en,0,1,1,0,0,0,0,1,,4.78,4.93,,,,,4.66,-0.98
166,167,"My experience was a lack of good management at this hotel, noise levels, cleanliness, prompt service, and poor wifi service, all were lacking in many ways.",,,,,,,,,,,,,,,,,1,1.5,en,0,1,1,0,0,1,0,1,,4.45,4.81,,,5.04,,4.56,-0.93
167,168,"While the distance from the hotel to my destination was convenient, I found the check in time took longer than necessary, and the room I was a checked into was dirty and not well maintained. The noise level at night also caused me to miss out on crucial sleep. I would not recommend this hotel.",,,,,,,,,,,,,,,,,2,4.0,en,0,1,1,0,0,0,0,1,,5.13,5.64,,,,,4.53,-0.95
168,169,"The hotel was nice. The most important thing is that I slept well and did not experience any loud or disruptive sounds. Check in was easy and quick. The room is clean and pleasant upon arrival. Staffing was professional and polite. Location was convenient for my purposes of being in the area. The only things I had complaints about were the amount of wall outlets available in my room and the dreadfully slow elevator. Overall, the hotel provided a pleasant experience ",,,,,,,,,,,,,,,,,8,6.5,en,0,1,1,0,0,0,0,1,,5.13,5.73,,,,,4.69,0.88
169,170,"Nice stay at this hotel, no real complaints. I slept well, the room was clean, and near what I needed to do. A few minor inconveniences such as not enough outlets, but what else is new. The wifi, however, was fine, that wasn't the issue, charging things was a bit of a challenge. But overall a great place to stay for business. ",,,,,,,,,,,,,,,,,8,7.0,en,0,1,1,0,0,0,0,1,,5.11,5.59,,,,,4.72,0.95
170,171,"Although my hotel was close to the meetings I had to go to, I was pretty unhappy with my experience. Checking in took much longer than expected, my room was fairly dirty, and the unreliable Wi-Fi connection made it difficult to work or communicate with my family at home. I also was not able to sleep well due to the room being noisy and uncomfortable. I would likely not stay here again.",,,,,,,,,,,,,,,,,2,3.5,en,0,1,1,0,0,0,0,1,,4.74,5.22,,,,,4.8,-0.97
171,172,"I did not have a good experience at this hotel. While close to my destination, I experienced a long check in, unclean room, unreliable wifi, and very noisy at night. Whole staff was very professional, my stay made me very uncomfortable and I will not stay here again. ",,,,,,,,,,,,,,,,,2,3.5,en,0,1,1,0,0,0,0,1,,5.03,5.65,,,,,4.47,-0.95
172,173,The stay was warm and restful. Staff professional. I enjoyed my stay at this hotel. I would recommend. ,,,,,,,,,,,,,,,,,8,7.5,en,0,1,1,0,0,0,0,1,,5.22,5.64,,,,,4.76,0.98
173,174,"Everything was great, no complaints!",,,,,,,,,,,,,,,,,9,9.5,en,0,0,0,0,0,0,0,0,,,,,,,,,0.98
174,175,"Convienent location but noisy, unclean and took too long to check in",,,,,,,,,,,,,,,,,3,1.5,en,0,0,0,0,0,0,0,0,,,,,,,,,-0.93
175,176,"I had a great stay. Check-in was smooth and efficient, the room was clean, quiet and comfortable. The elevator was a bit slow, and I wish they had a few more outlets in the rooms, but overall I can definitely recommend this hotel, and I will definitely stay here again.",,,,,,,,,,,,,,,,,9,7.5,en,0,1,1,0,0,0,0,1,,5.16,5.64,,,,,4.8,0.98
176,177,Great hotel stay for exactly what I needed. Elevator was a bit slow but didn't really bother me.,,,,,,,,,,,,,,,,,8,8.5,en,0,1,1,0,0,0,0,1,,5.12,5.35,,,,,4.89,0.82
177,178,I had a great stay at the hotel! It was close to my conference and it couldn't have been more convenient. Would definitely stay again!,,,,,,,,,,,,,,,,,9,8.0,en,0,1,1,0,0,0,0,1,,5.1,5.56,,,,,4.93,0.99
178,179,"This hotel was very convenient for my work trip. The staff is professional and does a fabulous job with check in and room cleaning/maintenance. The reliable WiFi and close proximity to my meetings made the trip smooth. However, the limited outlets to  charge my devices and the slow elevator prevented a truly flawless 5 star experience.",,,,,,,,,,,,,,,,,8,7.0,en,0,1,1,0,0,0,0,1,,5.26,5.81,,,,,4.39,0.97
179,180,This hotel was a great overall stay!  It was a clean room and well maintained. I slept well. There were just a minor inconveniences like iimited outlets and a slow elevator.,,,,,,,,,,,,,,,,,8,7.5,en,0,1,1,0,0,0,0,1,,5.12,5.75,,,,,4.71,0.97
180,181,"The location was good and close to where I needed to be. but the room was dirty, the Wi-Fi didn't work well, and I couldn't sleep because of the noise. I would not stay here again.",,,,,,,,,,,,,,,,,2,2.5,en,0,1,0,1,0,0,0,1,,4.7,,4.65,,,,4.77,-0.81
181,182,"I was unimpressed with the hotel, the room was left dirty and uncleaned as if staff never cleaned it before giving me the room. I tried the wifi and was disappointed with the connection speeds and it disconnecting all the time. I attempted to get some help with staff and the staff didnt bother to help me and was unable to fix any of my issues to give me another room that is actually clean. if i were to give this place a negative review i would. 10/10 i would never go here again.",,,,,,,,,,,,,,,,,1,2.5,en,0,1,1,0,0,0,0,1,,4.85,5.56,,,,,4.48,-0.94
182,183,"Outside of the location of the hotel itself, this was a poor experience.",,,,,,,,,,,,,,,,,3,-0.0,en,0,0,0,0,0,0,0,1,,,,,,,,4.75,-0.93
183,184,"Great hotel to get the job done. Get in, get the work done, get out.",,,,,,,,,,,,,,,,,6,6.0,en,0,1,1,0,0,0,0,1,,5.26,5.43,,,,,4.54,0.88
184,185,"This was a good value.  The room was quiet and clean.  Staff were professional, prompt and courteous.  Minor inconveniences in equipment did not detract from the stay and I was able to focus on why I was there and not on issues with the room.  I recommend if you are looking for a quality hotel for work purposes.",,,,,,,,,,,,,,,,,8,6.5,en,0,1,1,0,0,0,0,1,,5.02,5.66,,,,,4.67,0.94
185,186,"Noisy, inefficient check-in and dirty rooms. The only positive was the location.",,,,,,,,,,,,,,,,,2,1.5,en,0,1,0,0,0,0,0,1,,4.44,,,,,,4.83,-0.42
186,187,"Overall the room was great and my stay was pleasant. There were a couple minor inconveniences, but these are things to be expected.",,,,,,,,,,,,,,,,,7,6.5,en,0,1,1,1,0,0,0,1,,5.04,5.33,5.11,,,,5.05,0.92
187,188,"4.5 stars.  Quiet, clean, close to my meetings and, efficient.  1/2 star for limited outlets and a slow elevator.  Other than, highly recommend.",,,,,,,,,,,,,,,,,9,8.0,en,0,1,0,0,0,0,0,0,,5.19,,,,,,,0.9
188,189,"Convenient location and helpful staff. But.time consuming process, not clean or maintained, high noise, low reliability wifi",,,,,,,,,,,,,,,,,3,2.0,en,0,0,0,0,0,0,0,1,,,,,,,,4.02,-0.69
189,190,"Good for business trip, with clean and quick service. I slept fine for what it was, with no issues. Only thing is that some of the logistics of the stay seem somewhat slow or outdated.",,,,,,,,,,,,,,,,,7,6.0,en,0,1,0,0,0,0,0,1,,5.04,,,,,,4.77,0.63
190,191,This hotel was a perfect day for me. The check-in was smooth and easy. My room was very clean and the Wi-Fi was great. I had a great night sleep and would stay here again.,,,,,,,,,,,,,,,,,9,7.5,en,0,1,1,0,0,0,0,1,,5.41,5.67,,,,,4.62,0.99
191,192,"Check in was smooth, room was spotless, and the bed was super soft. However, the room needed more outlets and the elevator was pretty slow. This hotel is placed so close to my meetings though that it saved me lots of time so it is easy to overlook the minor inconveniences ",,,,,,,,,,,,,,,,,8,6.5,en,0,1,1,0,0,0,0,1,,4.94,5.43,,,,,5.14,0.87
192,193,"I was overall displeased with my stay, although the staff was professional, check in time took to long, my room wasn't cleaned well and the internet was unreliable.  ",,,,,,,,,,,,,,,,,2,3.5,en,0,1,1,0,0,1,0,1,,4.7,4.94,,,5.35,,4.8,-0.97
193,194,Aside from noise and slow check in the hotel met my needs ,,,,,,,,,,,,,,,,,5,4.0,en,0,1,1,0,0,1,0,1,,4.96,4.98,,,5.23,,4.88,0.38
194,195,"Overall, this stay was a great experience. The room was clean and comfortable. Interactions were professional and friendly. I had a great night's sleep at a good price!",,,,,,,,,,,,,,,,,8,7.5,en,0,1,1,1,0,0,1,1,,5.26,5.33,5.25,,,5.09,4.89,0.99
195,196,"The location was ideal, took longer than expected to check in, but the staff remained professional. The WiFi was unreliable and the room seemed dirty even though it was “clean”. Would not choose to stay in this hotel given the option.",,,,,,,,,,,,,,,,,2,3.5,en,0,1,1,0,0,0,0,1,,5.05,5.5,,,,,4.56,-0.52
196,197,very good accomidations for my one night stay...very clean and friendly staff..i would recommend this hotel to family and friends..if given the opportunity i will stay here again in the future,,,,,,,,,,,,,,,,,8,7.0,en,0,1,1,0,0,0,0,1,,5.31,5.88,,,,,4.55,0.99
197,198,"The location was convenient, but the cleanliness was disappointing,",,,,,,,,,,,,,,,,,4,2.0,en,0,0,0,1,0,0,0,0,,,,4.48,,,,,-0.65
198,199,I did not have a good experience at the hotel. The only good experience was that the hotel was close to where the meeting was.,,,,,,,,,,,,,,,,,2,3.5,en,0,1,1,0,0,0,0,1,,4.78,5.34,,,,,4.89,-0.33
199,200,"This hotel was dirty. It was loud. The wifi was on and off the entire time I was there. In all, this was not an experience I liked.  ",,,,,,,,,,,,,,,,,1,1.5,en,0,1,1,1,0,1,0,1,,4.64,5.21,4.57,,5.1,,4.53,-0.96
200,201,"Check-in was quick and smooth. Staff interactions were brief and professional. It felt clean and well-maintained, and the Wi-Fi connection was reliable. The room was quiet and comfortable. A few minor logistical inconveniences (e.g., limited outlets or a slow elevator).",,,,,,,,,,,,,,,,,8,7.5,en,0,1,1,0,0,1,0,1,,5.22,5.16,,,5.49,,4.81,0.92
201,202,Would not stay here again. Long check in and noisy rooms.,,,,,,,,,,,,,,,,,2,2.5,en,0,1,1,0,0,0,0,1,,4.59,4.46,,,,,4.94,-0.94
202,203,"While the check-in did take longer than expected I appreciated the professional courtesy of the staff, however things just went downhill from there. There room was not clean, the wifi not reliable, and whether it was the thin walls or just other noisy guests I could not sleep well due to the noise and the room was just generally uncomfortable.",,,,,,,,,,,,,,,,,2,3.5,en,0,1,1,0,0,0,0,1,,4.87,4.96,,,,,4.99,-0.9
203,204,"I feel treated well, and also the hotel met with my expectations and it is an experience to always remember and I see the hotel recommendation and worth visiting again",,,,,,,,,,,,,,,,,8,6.5,en,0,1,1,0,0,0,0,1,,5.18,5.58,,,,,4.71,0.98
204,205,Overall excellent stay! Friendly staff and reliable wifi. The room was clean and comfortable. Slept well since it was nice and quiet. Just a couple of issues with the lack of enough charging outlets and a slow elevator. But close to all of my meetings so can't really complain. ,,,,,,,,,,,,,,,,,9,6.5,en,0,1,1,0,0,0,0,1,,5.08,5.27,,,,,4.76,0.92
205,206,"Although this was convenient for my meetings, I found the other issues to be problematic. The check-in process was not smooth, the Wi-Fi was unstable and unreliable, and the room was poorly maintained.",,,,,,,,,,,,,,,,,2,2.5,en,0,0,0,0,0,0,0,1,,,,,,,,4.77,-0.93
206,207,"It was an unpleasant experience with long wait times, unreliable wifi and uncleaned rooms, I am very unsatisfied and uncomfortable and won't be staying here again.",,,,,,,,,,,,,,,,,1,1.5,en,0,1,1,0,0,0,0,1,,4.58,4.73,,,,,4.65,-0.98
207,208,Staff was professional and location was convenient but that’s about it. Check in took forever. The room was dirty and WiFi didn’t work!,,,,,,,,,,,,,,,,,2,3.0,en,0,1,1,0,0,0,0,1,,4.84,4.81,,,,,4.75,-0.79
208,209,"Overall, had a great experience at the hotel! Check in was smooth and rooms were clean. Minor inconvenience with there not being enough wall outlets, but everything else was great.",,,,,,,,,,,,,,,,,8,7.5,en,0,1,1,0,0,0,0,1,,5.01,5.39,,,,,4.91,0.97
209,210,"The room did not feel that was clean . I spend a terrible night. Only two things save this hotel, the employees and lication.",,,,,,,,,,,,,,,,,3,3.0,en,0,1,1,1,0,0,0,1,,4.66,5.44,4.82,,,,4.95,-0.93
210,211,"This hotel was convenient, comfy, and everything I needed. The staff were pleasant and I had a restful night sleep in my room.",,,,,,,,,,,,,,,,,8,7.5,en,0,1,1,0,0,0,0,1,,5.35,5.81,,,,,4.67,0.98
211,212,This hotel perfectly met all my expectations. No problems. I’d happily stay again. ,,,,,,,,,,,,,,,,,8,7.0,en,0,1,1,0,0,0,0,1,,5.11,5.38,,,,,4.74,0.97
212,213,"I visited this hotel on a work trip and during my stay encountered several issues. I chose this hotel due to its proximity to my meeting locations and, after a long day of travel, I had hoped to get to my room quickly to unwind, but the check-in process was frustratingly long. Once I got to my room, the experience didn’t improve. The room itself felt dirty and in need of maintenance and the Wi-Fi connection was spotty. When I decided to turn in for the night, the volume from the hallway and surrounding rooms made it difficult to sleep.  The staff were highly professional and well-trained and the location was convenient, but overall, due to the problems I experienced, I would not stay here again. ",,,,,,,,,,,,,,,,,2,2.5,en,0,1,1,0,0,0,0,1,,4.86,5.42,,,,,4.49,-0.7
213,214,"The stay was frustrating on many levels, from the long check in to the state of the room (not sufficiently clean) to the sketchy quality of amenities. I did not switch because it was close to my meeting location but I would not recommend this hotel.",,,,,,,,,,,,,,,,,2,2.5,en,0,1,1,0,0,0,0,1,,4.77,5.32,,,,,4.72,-0.96
214,215,"Located conveniently to many eateries and shopping centers but my stay was uncomfortable - noisy room, less than clean room and very unreliable wifi.",,,,,,,,,,,,,,,,,2,4.0,en,0,1,1,0,0,0,0,1,,5.03,5.55,,,,,4.38,-0.86
215,216,"The hotel was clean, professional, quiet, and close to where I needed to be. There could have been more outlets in the room and the elevator was a bit slow, but overall a good stay. ",,,,,,,,,,,,,,,,,7,8.0,en,0,1,1,0,0,0,0,1,,5.16,5.62,,,,,4.89,0.93
216,217,"Decent hotel for a quick trip. Had everything needed, was clean and quiet.",,,,,,,,,,,,,,,,,7,7.5,en,0,1,1,0,0,0,0,1,,5.18,5.45,,,,,4.84,0.93
217,218,"It took a long time for the hotel staff to help me, and when I arrived at my room, it was unclean. It was noisy at night, and the wifi was unreliable/slow. I was in a convenient location, so that was a positive.",,,,,,,,,,,,,,,,,2,1.5,en,0,1,1,0,0,1,0,1,,4.58,5.15,,,5.08,,4.75,-0.11
218,219,My experience at this hotel was nothing short of what you would expect from five-star service. The staff are attentive and friendly. The rooms are quiet and clean. The wifi is reliable. My only critique is that there could be more outlets and the elevator is a little slow. ,,,,,,,,,,,,,,,,,9,7.0,en,0,1,1,0,0,0,0,1,,5.16,5.74,,,,,4.44,0.61
219,220,"During my stay at this hotel, it was top tier as check in was quick and easy. The staff held a high level of efficiency and professionalism. My room was very clean and I was able to sleep extremely well due to the comfort and quietness. They have great WIFI and I was able to catch up with work without any issues. The only things that were of the slightest inconvenience is the limited outlets and slow elevators. However, overall I felt this hotel was a great choice to stay and I'd recommend it to others. ",,,,,,,,,,,,,,,,,9,6.5,en,0,1,1,0,0,0,0,1,,5.15,5.64,,,,,4.56,0.97
220,221,"My stay at this hotel left a lot to be desired. To begin, I was met with a lengthy check in delay. Although my room was conveniently located to my meeting place, it was not well maintained. In addition to the uncleanliness and uncomfortable furnishings, the wifi connection was insufficient and the noise level prevented a good night's sleep. This visit fell short of my expectations with exception of my room's location and the professional attitude of staff, which was appreciated.",,,,,,,,,,,,,,,,,2,3.5,en,0,1,1,0,0,0,0,1,,5.11,5.44,,,,,4.45,-0.88
221,222,"The overall stay was not as expected. The room was not well maintained, it was noisy and the wifi sucked.",,,,,,,,,,,,,,,,,2,2.5,en,0,1,1,1,0,1,0,1,,4.75,4.8,4.75,,5.16,,4.83,-0.96
222,223,I was disappointed with my experience at the hotel. The room wasn't clean or well maintained. I didn't sleep well because it wasn't comfortable and it was noisy.,,,,,,,,,,,,,,,,,2,3.0,en,0,1,1,0,0,0,0,1,,4.79,5.32,,,,,4.71,-0.97
223,224,"My stay here was very pleasant. Check in was easy and the staff was professional. My room was very quiet and comfortable. Everything is clean and well maintained. The WiFi works consistently. The elevator was a little bit slow and not very many outlets, but those are very small things compared to the rest of my stay.",,,,,,,,,,,,,,,,,8,7.0,en,0,1,1,0,0,0,0,1,,5.02,5.38,,,,,4.75,0.97
224,225,"This was the perfect choice for my trip.  Check in was quick and efficient with professional staff.  The room was clean and well maintained.  The bed was comfortable, quiet and the wifi reliable.  It was conveniently located.  The only thing I could mention negative was the elevator was slow and the outlets to the street limited.  ",,,,,,,,,,,,,,,,,9,6.0,en,0,1,1,0,0,0,0,1,,5.08,5.39,,,,,4.61,0.91
225,226,It was a good time.,,,,,,,,,,,,,,,,,7,7.0,en,0,0,0,0,0,0,0,0,,,,,,,,,0.96
226,227,"Overall I would recommend this hotel! The room was clean, had reliable WiFi, and was very close to my meetings. Besides a few minor quirks like a slow elevator and not enough outlets, I had a good experience here. ",,,,,,,,,,,,,,,,,8,6.5,en,0,1,1,0,0,0,0,1,,5.14,5.85,,,,,4.6,0.97
227,228,"This experience did not exceed or meet my expectations. The room was not clean, the Wi-Fi was not working properly and the hotel was noisy. I regret not going with my other option because I lost sleep before important work meetings.",,,,,,,,,,,,,,,,,2,2.0,en,0,1,1,0,0,1,0,1,,4.89,5.24,,,5.13,,4.64,-0.96
228,229,This was a good hotel. The staff were professional and the room was clean. My only complaints are that the elevator was slow and the outlets were limited. Overall though I had a great experience at this hotel.,,,,,,,,,,,,,,,,,8,7.0,en,0,1,1,0,0,0,0,1,,5.11,5.74,,,,,4.62,0.88
229,230,"While the closeness of the hotel to my work was very convenient and the staff very professional,  every other aspect of my stay was very disappointing.  The room was dirty, noise was overwhelming and wifi was spotty",,,,,,,,,,,,,,,,,2,3.0,en,0,1,1,0,0,0,0,1,,4.84,5.3,,,,,4.74,-0.84
230,231,"The hotel was very conveniently located, but the overall experience was not what I expected. The check in process was very long and the wi-fi at the hotel was not very reliable.  The room did not feel very clean and the noise level at night made sleeping difficult.",,,,,,,,,,,,,,,,,2,4.0,en,0,1,1,0,0,0,0,1,,5.1,5.48,,,,,4.58,-0.87
231,232,I had numerous problems. Wouldn't reccomend.,,,,,,,,,,,,,,,,,2,2.0,en,0,0,0,0,0,0,0,0,,,,,,,,,-0.9
232,233,Wonderful hotel! Had a great stay and would definitely stay here again.,,,,,,,,,,,,,,,,,9,9.0,en,0,1,1,0,0,0,0,1,,5.32,5.65,,,,,4.84,0.99
233,234,clean comfortable and conveniently located. minor inconveniences but overall a smooth stay/,,,,,,,,,,,,,,,,,7,6.5,en,0,0,0,0,0,0,0,0,,,,,,,,,0.84
234,235,"Hotel wasn’t awful, really noisy at night, not the cleanest. But convenient location. ",,,,,,,,,,,,,,,,,4,3.0,en,0,1,1,0,1,0,0,1,,4.69,5.24,,4.82,,,5.07,0.59
235,236,"I recently stayed at this hotel for a work trip and found this hotel to be conveniently located within walking distance of my meetings. Unfortunately this hotel fell short in a few areas. I was depending on the wi-fi so I could prepare for my meeting, but it was spotty. Also, the room was not as organized or cozy as I would have liked. The noise level also made it hard for me to rest up for an important day. Overall staff was great but I would rather find a different hotel on my next visit.",,,,,,,,,,,,,,,,,3,4.5,en,0,1,1,0,0,0,0,1,,5.02,5.77,,,,,4.51,-0.57
236,237,This hotel was amazing! Th elevator is a little slow but other than that it was perfect! ,,,,,,,,,,,,,,,,,9,8.0,en,0,1,1,0,0,0,0,1,,5.08,5.56,,,,,4.93,0.98
237,238,The hotel had a courteous and professional staff but it seems like they were understaffed in a certain things were dirty the room was dirty the Wi-Fi wasn't any good it's just the spotty and it kept cutting on in and out then the noise was just way too loud to even sleep but it was close to where I had my meeting at so that was good.,,,,,,,,,,,,,,,,,2,2.0,en,0,1,1,1,0,0,0,1,,4.66,5.06,4.74,,,,4.87,-0.11
238,239,"My stay was strictly average , the check in process took much longer than expected which was frustrating start to the trip. Additionally i was disappointed with the cleanilness of the room ` , it did not feel it was made for yhr new guest so the issue was bumby",,,,,,,,,,,,,,,,,3,5.0,en,0,1,1,0,0,0,0,1,,4.92,5.16,,,,,4.87,-0.95
239,240,I had a great time staying at the hotel. My experience was smooth and the stay was pleasant.,,,,,,,,,,,,,,,,,8,8.0,en,0,1,1,0,0,0,0,1,,5.11,5.6,,,,,5.05,0.99
240,241,I would not recommend this hotel to friends and family. My basic needs were not met and it negatively impacted the quality of my work trip. The room was filthy. The noise level was unacceptable. My stress level was high due to bad wifi and not enough sleep. The staff was pleasant and professional though they should have accommodated me for a below par hotel stay experience.,,,,,,,,,,,,,,,,,1,4.0,en,0,1,1,0,0,0,0,1,,5.06,5.76,,,,,4.48,-0.96
241,242,Excellent,,,,,,,,,,,,,,,,,9,7.5,en,0,0,0,0,0,0,0,0,,,,,,,,,0.18
242,243,"Overall I had a good stay at the hotel. There were a few minor issues that stood out, but they were not major.",,,,,,,,,,,,,,,,,7,6.5,en,0,1,1,0,0,0,0,1,,4.82,5.3,,,,,5.1,0.9
243,244,"Loved my stay here! It was well-maintained and it had great internet,  which is very important to me when on a business trip. It was very quiet and clean. I slept very well. I would stay again and I highly recommend. ",,,,,,,,,,,,,,,,,9,6.5,en,0,1,1,0,0,0,0,1,,5.08,5.42,,,,,4.69,0.99
244,245,while it was convenient to be close for my meetings this wasn't the best experience. the check in process was frustrating the room didn't feel clean and the noise level at night was terrible,,,,,,,,,,,,,,,,,2,3.5,en,0,1,1,0,0,0,0,1,,4.95,5.17,,,,,4.64,-0.93
245,246,"The room was dirty, the hotel was loud and the staff was slow. It was close to my location but id rather stay further away and sleep in a clean room. Wifi was sucked. ",,,,,,,,,,,,,,,,,1,1.5,en,0,1,1,0,0,0,0,1,,4.57,5.15,,,,,4.75,-0.92
246,247,"Staff is great at this hotel and is convenient location wise, but those are the only good things I can say about my visit.  Wifi didn't work well, check in took forever, and the room wasn't up to standards cleanliness wise.  Will not be coming back",,,,,,,,,,,,,,,,,2,4.5,en,0,1,1,0,0,0,0,1,,5.01,5.48,,,,,4.61,0.33
247,248,I was very disappointed with my hotel stay because I was expecting a much better experience overall.,,,,,,,,,,,,,,,,,3,2.5,en,0,0,0,0,0,0,0,1,,,,,,,,4.76,-0.92
248,249,"Overall, this hotel is great. The rooms are comfortable, the location is very convenient and everyone is very professional and helpful. There were very few minor in communities that I ran into but nothing that wouldn’t make me stay here again.",,,,,,,,,,,,,,,,,8,8.0,en,0,1,1,0,0,0,0,1,,5.28,5.9,,,,,4.56,0.98
249,250,"When I arrived to the hotel, check in took a while. However, staff was professional and took care of me as soon as they could. I stayed here because it was close to some work meetings I had and made traveling much easier for me. That being said, the room itself left a lot to be desired. The WiFi was spotty, it looked like it hadn’t been cleaned thoroughly, the bed was so uncomfortable, and the noise from outside kept me up. I would not stay again out points for location and staff. ",,,,,,,,,,,,,,,,,2,4.0,en,0,1,1,0,0,0,0,1,,4.93,5.29,,,,,4.83,-0.65
250,251,"Overall, my experience at this hotel was negative. I enjoyed the cleanliness of the room, but the Wi-Fi, check-in time, and noise level at night was not acceptable. ",,,,,,,,,,,,,,,,,3,3.5,en,0,1,1,0,0,0,0,1,,5.0,5.53,,,,,4.55,-0.87
251,252,"Great, affordable hotel. While I was a little bit frustrated waiting for the elevators, and wish they had more convenient outlets for laptops, phone chargers, and that sort of thing, that is where my complaints end. Service was great and professional, checking was efficient, and the room was clean. I slept very well due to the comfortable beds, and quiet environment around me.",,,,,,,,,,,,,,,,,8,7.0,en,0,1,1,0,0,0,0,1,,5.13,5.66,,,,,4.57,0.89
252,253,I would not be visiting this hotel again and I do not recommend this hotel to anyone,,,,,,,,,,,,,,,,,1,2.5,en,0,1,1,0,0,0,0,1,,4.8,5.56,,,,,4.45,-0.97
253,254,This was a great experience. Far exceeded my expectations as far as cleanliness and room!,,,,,,,,,,,,,,,,,9,7.5,en,0,0,0,1,0,0,0,0,,,,5.33,,,,,0.99
254,255,"Many basics amenities or expectations like a clean room or consistent wifi were not up to par. Staff was friendly and hotel is in a convenient location, but it was far outweighed by noise, and lack of comfort",,,,,,,,,,,,,,,,,2,2.5,en,0,1,1,1,0,1,0,1,,4.77,5.06,4.77,,5.22,,4.68,-0.6
255,256,I had a very nice stay at this hotel. It was clean and relaxing. The service i received was professional. The hotel was very conveniently located. ,,,,,,,,,,,,,,,,,8,7.5,en,0,1,1,0,0,0,0,1,,5.26,5.97,,,,,4.48,0.99
256,257,"They stay was good, minor inconveniences but easy to work around. ",,,,,,,,,,,,,,,,,7,6.5,en,0,0,0,0,0,0,0,0,,,,,,,,,0.89
257,258,Really good hotel. Everything was almost perfect. A couple of minor inconveniences like very few outlets and a slow elevator. Overall a great place to stay.,,,,,,,,,,,,,,,,,8,8.0,en,0,1,1,0,0,0,0,1,,5.29,5.69,,,,,4.64,0.97
258,259,The hotel room was nice and clean and a super easy check in process with professional hotel desk workers! The only thing I can complain about is there wasn’t many outlets and the elevator was a little slow! ,,,,,,,,,,,,,,,,,8,8.5,en,0,1,1,0,0,0,0,1,,4.99,5.42,,,,,5.03,0.72
259,260,"Upon arrival the check in process took way longer than expected. This was frustrating as I had a long travel day. Once I got to the room the room was not clean and the WiFi was spotty. It was also very noisy at night. Although the location was great, there are too many negatives that outweigh the positives of this hotel. I do not recommend. ",,,,,,,,,,,,,,,,,2,3.0,en,0,1,1,0,0,0,0,1,,4.98,5.39,,,,,4.65,-0.93
260,261,It was helpful and good.,,,,,,,,,,,,,,,,,6,6.0,en,0,0,0,0,0,0,0,0,,,,,,,,,0.97
261,262,"While the hotel is conveniently located, the rooms were not very clean and it was quite noisy at night. The wifi was spotty which isn't ideal for work related trips. ",,,,,,,,,,,,,,,,,3,2.5,en,0,1,1,0,0,0,0,1,,4.84,5.48,,,,,4.68,-0.88
262,263,"Although the staff was sufficient in checking me in, the wait time was unacceptable.  The internet was unreliable and the room was not clean and well maintained.  The only good thing about this hotel was the location to my meeting. . ",,,,,,,,,,,,,,,,,2,3.5,en,0,1,1,0,0,0,0,1,,5.08,5.42,,,,,4.54,-0.61
263,264,"I appreciated the affordable accomodations and the fact that it was centrally located.  However, the room was not clean, WiFi was slow, customer service was okay, and it was noisy at night.  I do not think I would stay here again.",,,,,,,,,,,,,,,,,3,4.0,en,0,1,1,0,0,0,0,1,,4.94,5.33,,,,,4.64,-0.35
264,265,"It was a so-so experience. While the location was convenient, the room was not clean and the wifi was unreliable. The noise was unbearable also. Also, eventhough the customer service was solid and the staff was professional, there was a delay in getting the room.",,,,,,,,,,,,,,,,,3,3.5,en,0,1,1,0,0,0,0,1,,4.89,5.19,,,,,4.69,-0.8
265,266,While check in took a long time and was frustrating the staff handled it professional and fixed the issue. The room was not very clean and the wifi was not very good. The only reason I stayed is because the convenient location for my job.,,,,,,,,,,,,,,,,,3,3.5,en,0,1,1,0,0,1,0,1,,4.79,4.82,,,5.32,,4.89,-0.53
266,267,"The only positive was that it was located close by for work meetings. Other than that the check-in was very long. The hotel was not clean. Wifi was very unreliable. It was so noisy at night that I could not sleep. I would not recommend this hotel nor will I stay here again, even if it was free!",,,,,,,,,,,,,,,,,1,2.5,en,0,1,1,0,0,0,0,1,,4.93,5.42,,,,,4.85,-0.83
267,268,"I had a wonderful experience at this hotel. Everything went smoothly during my stay. Check in was easy, the staff was great, and my room was perfect. The location is very convenient. There were a few minor hiccups. But overall I would definitely recommend. I would be happy to stay here again!",,,,,,,,,,,,,,,,,9,7.5,en,0,1,1,0,0,0,0,1,,5.16,5.82,,,,,4.65,0.99
268,269,Overall a great experience! Small imperfections like slow elevators but overall highly recommend. Would stay again,,,,,,,,,,,,,,,,,9,8.5,en,0,1,0,0,0,0,0,1,,5.24,,,,,,4.61,0.98
269,270,It was on underwhelming experience overall. ,,,,,,,,,,,,,,,,,4,3.0,en,0,0,0,0,0,0,0,0,,,,,,,,,-0.86
270,271,This hotel had everything you would need for an effortless stay. I highly recommend for your next trip.,,,,,,,,,,,,,,,,,9,8.0,en,0,1,1,0,0,0,0,1,,5.3,5.75,,,,,4.86,0.98
271,272,"Overall, my experience was very good at this hotel. The staff was professional and helpful, They did a great job cleaning my room as it was always clean. The hotel is close to everything which is nice. The hotel has excellent wifi which is awesome. Altough there where a limited amount of outlets for all my electronic gizmos and the elevator was a bit slow. Overall though, my experience staying at this mid-tier hotel exceeded my expectations, as it was a better experience than some of the ""high end"" hotels that I've stayed at.   ",,,,,,,,,,,,,,,,,8,6.5,en,0,1,1,0,0,0,0,1,,5.16,5.71,,,,,4.51,0.98
272,273,"I was quite impressed when I arrived at the hotel. The staff were very professional, but not personal. The room was clean, however my ride in the elevator took longer than anticipated, however I arrived. He outlet were ready available and the wii worked so I settled in for a good night's rest, in which I got.",,,,,,,,,,,,,,,,,7,7.5,en,0,1,1,0,0,0,0,1,,5.19,5.34,,,,,4.85,0.94
273,274,"Easy from check in through stay. Convenient location, easy choice to stay here ",,,,,,,,,,,,,,,,,7,6.5,en,0,1,1,0,0,0,0,0,,5.11,5.19,,,,,,0.94
274,275,"My hotel stay was great. The check in process was smooth and the room was clean. There were a few minor details that could have been improved upon such as more outlets or better working elevator, but overall I would recommend the hotel and enjoyed my stay. I will stay here again if in the area.",,,,,,,,,,,,,,,,,8,8.0,en,0,1,1,0,0,0,0,1,,5.02,5.62,,,,,4.79,0.98
275,276,"I had a good experience in this hotel. Check in was easy and staff was kind. The room was very clean, quiet, and I was able to work off of the hotel's Wi-Fi with ease.  The elevators were a little slow, but it wasn't a huge problem because I was so close to my meeting space. Overall, I'd highly recommend this hotel. ",,,,,,,,,,,,,,,,,9,7.0,en,0,1,1,0,0,0,0,1,,5.18,5.85,,,,,4.5,0.98
276,277,The hotel was nice and comfortable. Overall it met my needs with only minor inconveniences here and there. ,,,,,,,,,,,,,,,,,7,7.5,en,0,1,1,0,0,0,0,1,,4.98,5.56,,,,,4.99,0.97
277,278,"Terrible experience.  Rooms were not clean, internet was unreliable and I didn't sleep well because it was so nosy.  do not recommend.",,,,,,,,,,,,,,,,,1,2.5,en,0,1,0,0,0,0,0,0,,4.81,,,,,,,-0.98
278,279,I loved it here,,,,,,,,,,,,,,,,,9,8.0,en,0,0,0,0,0,0,0,0,,,,,,,,,0.98
279,280,"My experience at the hotel was subpar! It was super noisy at night, preventing me from getting a good night's sleep. Check-in took much longer than expected and was neither smooth nor seamless. Wi-Fi was unreliable and made it difficult to do work. The room was also not clean and not up to standards. Overall, would not recommend.",,,,,,,,,,,,,,,,,1,4.0,en,0,1,1,0,0,0,0,1,,4.98,5.63,,,,,4.5,-0.97
280,281,"Chose this Hotel out of convenience location-wise but probably would not chose again. Check in times took forever, although the staff was professional. Who's to judge, maybe it was just a busy day. But upon walking into my room, nothing felt clean either which is inexcusable. I didnt sleep well due to noise throughout the night and overall uncomfortability. Not a great experience, wouldnt recommend unless you are going for the budget route or need it for location purposes.",,,,,,,,,,,,,,,,,3,4.0,en,0,1,1,0,0,0,0,1,,4.93,5.53,,,,,4.6,-0.93
281,282,it was a terrible experience,,,,,,,,,,,,,,,,,1,0.5,en,0,0,0,0,0,0,0,0,,,,,,,,,-0.97
282,283,"I enjoyed my stay here. no fuss. exceeded my expectations. Clean, quiet room. Professional staff that made interactions quick and easy. Only a few minor inconveniences (not that many outlets, slow elevator). Good experience overall. Would stay here again. ",,,,,,,,,,,,,,,,,8,7.5,en,0,1,1,0,0,0,0,1,,5.03,5.27,,,,,4.79,0.98
283,284,I had a good experience and would be back here again.,,,,,,,,,,,,,,,,,7,9.0,en,0,0,0,0,0,0,0,0,,,,,,,,,0.98
284,285,"Great value for the price! I had to be very picky to point out flaws but overall one of the best hotels I’ve stayed in. I travel for business a lot, and for the price, one of the best hotels I have stayed in!",,,,,,,,,,,,,,,,,9,7.5,en,0,1,1,0,0,0,0,1,,5.16,5.65,,,,,4.6,0.97
285,286,Very bad hotel! DO NOT STAY HERE! SLEEP IN YOUR CAR!,,,,,,,,,,,,,,,,,1,2.0,en,0,1,1,0,0,0,0,1,,4.73,5.15,,,,,4.55,-0.97
286,287,"Everything was wonderful checking in, rooms where clean. Had no issues with wifi, had some slight elevator issues being slow but over all 10/10",,,,,,,,,,,,,,,,,9,7.0,en,0,1,1,0,0,0,0,1,,5.07,5.02,,,,,4.95,0.95
287,288,"The hotel fell short of my expectations in many ways. The check in took too long, the WiFi was unreliable and it was too noisy. I don't think I would recommend this hotel for business travelers.",,,,,,,,,,,,,,,,,2,3.5,en,0,1,1,0,0,0,0,1,,5.01,5.54,,,,,4.37,-0.97
288,289,"Overall, it was a good experience. The check-in process was smooth and I slept well. It was conveniently located to my meetings. The only minor problems were limited outlets and a slow elevator. The WiFi was reliable so overall the stay was good for what I needed.",,,,,,,,,,,,,,,,,7,6.5,en,0,1,1,0,0,0,0,1,,4.97,5.05,,,,,4.86,0.98
289,290,"Had a good experience, there was nothing that stood out as a major inconvenience or anything to complain about. Can't rate it 5 stars since nothing is perfect. Would stay here again if needed in the future.",,,,,,,,,,,,,,,,,7,7.5,en,0,1,1,0,0,0,0,1,,5.01,5.13,,,,,4.76,0.71
290,291,"Not the best hotel to stay at, but because of its location and convenience getting around, you can suffer through the stay",,,,,,,,,,,,,,,,,3,5.0,en,0,1,1,0,0,0,0,1,,5.15,5.56,,,,,4.95,-0.36
291,292,"Even when it felt like it couldn't get worse, it always did. The check in process was lengthy and frustrating. The room did not feel clean, it was almost impossible to sleep because of the noise levels in the hotel, and when trying to work -- the wi-fi kept dropping. The only positive aspect was the convenience of the location to where I had to be for work, but this was a disappointing stay overall.",,,,,,,,,,,,,,,,,1,1.0,en,0,1,1,0,0,0,0,1,,4.46,4.76,,,,,4.9,-0.89
292,293,"Overall a pleasant experience. Room was clean, quiet and had reliable Wi-Fi. Check-in process was smooth and the staff were professional. The only inconveniences that stood out were limited outlets and a slow elevator. Great hotel for business trips!",,,,,,,,,,,,,,,,,8,6.5,en,0,1,1,0,0,0,0,1,,5.16,5.57,,,,,4.67,0.98
293,294,Horrible experience!  Anything that could go wrong did go wrong. Would never stay here again.,,,,,,,,,,,,,,,,,1,2.5,en,0,0,0,0,0,0,0,0,,,,,,,,,-0.97
294,295,"It took awhile to check in. Once we were finally able to get into our room, it wasnt very comfortable as it didn’t look very well maintained. Additionally, the WiFi was unreliable and there were high noise levels at night making it hard to sleep. ",,,,,,,,,,,,,,,,,2,3.0,en,0,0,1,0,0,0,0,0,,,4.94,,,,,,-0.9
295,296,My experience with this hotel was less than desireable. Starting off check in too a long time. It seems it wasn’t the fault of the staff they were professional. Nonetheless it was long. The room wasn’t well maintained and quite loud which ruined my sleep. The wifi was unreliable which is also a big problem. The only good thing was the location as it wasn’t far from where I needed to go. ,,,,,,,,,,,,,,,,,2,3.5,en,0,1,1,0,0,0,0,1,,5.11,5.62,,,,,4.44,-0.81
296,297,"Overall, my stay at this hotel met all my expectations. I would recommend and stay here again. ",,,,,,,,,,,,,,,,,8,7.0,en,0,1,1,0,0,0,0,1,,5.19,5.53,,,,,4.64,0.97
297,298,"Convenient but all the areas need much attention such as low noise levels, reliable wi-fi and cleanliness is paramount.",,,,,,,,,,,,,,,,,3,5.5,en,0,0,0,0,0,0,0,0,,,,,,,,,0.61
298,299,"I had a wonderful experience at this hotel. Check in was easy and staff was helpful. The rooms were clean and comfortable, and the WiFi connection let me do my work. It was a convenient location, and other than a slow elevator it was great! ",,,,,,,,,,,,,,,,,8,7.5,en,0,1,1,0,0,0,0,1,,5.18,5.7,,,,,4.54,0.99
299,300,"This was a very average hotel. Book for the price, not for the experience.",,,,,,,,,,,,,,,,,4,3.0,en,0,1,0,0,0,0,0,1,,4.61,,,,,,4.94,-0.71
300,301,Great service ,,,,,,,,,,,,,,,,,7,8.0,en,0,0,0,0,0,0,0,0,,,,,,,,,0.91
301,302,"There was a long delay while waiting to be checked it, the room wasn't as clean as it should be, wifi was unreliable and the rooms were noisy and uncomfortable. Although the staffs were professional in handling our affairs.",,,,,,,,,,,,,,,,,2,1.5,en,0,1,1,1,0,1,0,1,,4.69,4.56,4.72,,5.13,,4.71,-0.76
302,303,"This hotel got the job done. I rate everything 5 stars because everything that was important to me was efficient, good quality and service was good. I was not upset about anything and I had no issues. It wasn't luxury or above and beyond but I was fully satisfied with my visit.",,,,,,,,,,,,,,,,,7,7.5,en,0,1,1,0,0,0,0,1,,5.25,5.8,,,,,4.52,0.98
303,304,The customer service was professional but took longer than expected. The rooms were not clean and it was noisy. Although this hotel was close to my meeting location I would have had a nicer experience and drove further than to endure the experience what this hotel offered.  ,,,,,,,,,,,,,,,,,2,4.5,en,0,1,1,0,0,0,0,1,,4.88,5.48,,,,,4.66,-0.31
304,305,Check in was very easy. The room was clean and the hotel was quiet. Only issues were a very slow elevator and limited outlets in the room. Overall a good stay. ,,,,,,,,,,,,,,,,,7,7.5,en,0,1,1,0,0,0,0,1,,5.04,5.44,,,,,5.08,0.94
305,306,"Room dirty, noise all night and poor Wi-Fi. Will not stay here again",,,,,,,,,,,,,,,,,1,0.5,en,0,0,0,1,0,0,0,0,,,,4.07,,,,,-0.96
306,307,Overall I had a great stay at this hotel.  The staff was professional and courteous.  I found the rooms to be clean and comfortable.  I really appreciated the low noise level when sleeping.  It was also in a convenient location for the meetings I had to attend.,,,,,,,,,,,,,,,,,8,6.5,en,0,1,1,0,0,0,0,1,,5.13,5.74,,,,,4.62,0.99
307,308,Great front desk staff even when they were busy and had some issues with other people staying close by (noise) and it was not the cleanest room I've ever stayed in but it was very convenient and close to my meetings so not bad overall. Would recommend you plan to hotspot your phone as internet was spotty.,,,,,,,,,,,,,,,,,6,6.0,en,0,1,1,0,0,0,0,1,,4.96,5.21,,,,,4.73,0.86
308,309,"THe Hotel was pleasant. It met all of my basic needs. I could use a faster elevator, but I wasn't in rush to get anywhere. ",,,,,,,,,,,,,,,,,6,8.0,en,0,1,1,0,0,0,0,1,,5.0,5.44,,,,,5.0,0.81
309,310,i loved it despite the few inconveniences which can be rectified and as sure i would come back and give recommedations,,,,,,,,,,,,,,,,,8,6.0,en,0,1,0,0,0,0,0,0,,4.95,,,,,,,0.95
310,311,Exceeded my expectations.  Would stay again.,,,,,,,,,,,,,,,,,9,7.0,en,0,1,0,0,0,0,0,0,,5.28,,,,,,,0.87
311,312,The noise was horrible. The room was filthy. Though it was convient and close to my needs I will not be staying here again. ,,,,,,,,,,,,,,,,,1,1.5,en,0,0,0,1,1,0,0,1,,,,4.54,4.25,,,4.83,-0.96
312,313,"The hotel stay was overall a great experience. The room was clean, I had no trouble with WI-Fi connections and I was able to get where I needed to go within a reasonable time frame. Staff was helpful and friendly and I slept great. The price was okay. There were a few minor issues, such as needing more outlets and waiting a long time for the elevator, but overall the stay was pretty good. ",,,,,,,,,,,,,,,,,8,7.5,en,0,1,1,0,0,0,0,1,,5.02,5.47,,,,,4.88,0.97
313,314,"The check in was long, the room felt nasty, and the wifi was very unreliable. Overall not a good experience. The only perk was the location. ",,,,,,,,,,,,,,,,,2,3.0,en,0,1,1,0,0,0,0,0,,4.83,4.74,,,,,,-0.96
314,315,"The convenience and expectations of my stay at the hotel were met. I am pleased at satisfied with the accommodation and service of the staff. The hotel was simple, clean, and comfortable. I recommend this place to customers who want to enjoy a simple and homey place to stay in the midst of their travels.",,,,,,,,,,,,,,,,,7,7.0,en,0,1,1,0,0,0,0,1,,5.5,5.86,,,,,4.48,0.98
315,316,"good location but dirty rooms, poor wifi and noisy . ",,,,,,,,,,,,,,,,,2,2.0,en,0,0,0,0,0,0,0,1,,,,,,,,4.36,-0.64
316,317,"Check in was a breeze. My room was spotless and spacious, with a very comfortable bed that ensured a great night's sleep. There no noise at night.",,,,,,,,,,,,,,,,,9,6.5,en,0,1,1,0,0,0,0,0,,5.06,5.14,,,,,,0.97
317,318,"It may have been a fluke, but it was a disappointing stay.  My room wasn't very clean, and the wifi was very flaky.  There was also a lot of noise that night and just wasn't comfortable.  Good location and the staff I interacted with were professional though.",,,,,,,,,,,,,,,,,3,3.0,en,0,1,1,0,0,0,0,1,,4.9,4.98,,,,,4.99,-0.83
318,319,"Overall, a pleasant yet unremarkable experience for a quick trip. ",,,,,,,,,,,,,,,,,6,6.0,fr,0,0,0,0,0,0,0,0,,,,,,,,,0.91
319,320,"Overall had a wonderful stay. Staff was nice Room was clean and the bed was comfortable. Great location. Only a few minor inconveniences-lack of outlets and the slow elevator. Otherwise, enjoyed my stay.",,,,,,,,,,,,,,,,,8,6.5,en,0,1,1,0,0,0,0,1,,5.01,5.29,,,,,4.81,0.98
320,321,The check in took a long time. The room wasn't as clean as it should have been. The Internet signal was unreliable and the noise level at night made it difficult to get any rest. The only good point was it's close to my destination.,,,,,,,,,,,,,,,,,2,3.5,en,0,1,1,0,0,1,0,1,,4.84,4.72,,,5.31,,4.85,-0.6
321,322,"I had a nice relaxing stay at this property. The check-in process was effecient and smooth. Although I did not chat much with the staff, they were attentive and professional. The facilities and the room were clean and the WiFi throughout was steady. The soundproofing was quite good, so I slept well, but the room really needs some extra outlets or extensions cords, and during the morning checkout took a whil since the elevators are shared between many guests. It was very close to my meeting so I would stay here again! ",,,,,,,,,,,,,,,,,8,7.0,en,0,1,1,0,0,0,0,1,,5.22,5.6,,,,,4.57,0.96
322,323,Great experience and made the trip very pleasant!,,,,,,,,,,,,,,,,,9,9.5,en,0,0,0,0,0,0,0,0,,,,,,,,,0.99
323,324,"I recently stayed one night at this hotel during a work trip, and unfortunately, the experience did not meet my expectations.  Check-in took much longer than it should have. While the staff handled the process professionally and were courteous throughout, the extended wait after a long day of travel was frustrating.  Upon entering the room, I was disappointed by its overall condition. It did not feel as clean or well-maintained as I would expect from a mid-priced hotel. Additionally, the Wi-Fi connection was unreliable, which created challenges since I needed to get some work done in the evening.  The night itself was also uncomfortable. The room was quite noisy, and the overall comfort level made it difficult to get a good night’s sleep. For a business trip, a quiet and restful environment is especially important, so this was a significant drawback.  On the positive side, the hotel’s location was very convenient and close to my meetings, which made getting around easy. However, this benefit did not fully make up for the other issues I encountered.  Overall, the stay fell short of my expectations. With improvements to room maintenance, noise control, and Wi-Fi reliability, this hotel could provide a much better experience for business travelers.",,,,,,,,,,,,,,,,,2,3.5,en,0,1,1,0,0,0,0,1,,4.98,5.58,,,,,4.5,-0.57
324,325,"My stay at the hotel was not a pleasing one as a lot of things did not work for me ranging from check in time to the room not being clean enough, noisy environment and poor internet connection",,,,,,,,,,,,,,,,,2,2.5,en,0,1,1,0,0,1,0,1,,4.65,5.08,,,5.15,,4.8,-0.97
325,326,"It's a nice, clean hotel in a great location.  However, you might want to consider bring a power bank because the outlet situation in my room was scarce.",,,,,,,,,,,,,,,,,7,7.5,en,0,1,1,0,0,0,0,1,,5.19,6.07,,,,,4.64,0.79
326,327,I fully enjoyed my stay at this hotel and would highly recommend it to all business travelers!  The only things keeping it from 5 stars can be remedied easily,,,,,,,,,,,,,,,,,8,6.5,en,0,1,1,0,0,0,0,1,,5.04,5.71,,,,,4.56,0.96
327,328,"I appreciated the convenience of the location to my business meeting that brought me to town. Aside from that, I would not return to this hotel. ",,,,,,,,,,,,,,,,,3,6.0,en,0,1,1,0,0,0,0,1,,5.05,5.54,,,,,4.88,0.44
328,329," This was a terrible hotel experience for me.  The staff did their best but there are things the hotel as a whole needs to work on. I didn't get any sleep, my wifi didn't work at all; It was just an awful experience",,,,,,,,,,,,,,,,,1,1.5,en,0,1,1,0,0,0,0,1,,4.6,5.06,,,,,4.66,-0.97
329,330,Absolutely amazing amenities available here! My only complaints are the lack of outlets in the room and the slow elevator.,,,,,,,,,,,,,,,,,9,7.5,en,0,1,1,0,0,0,0,1,,4.97,5.33,,,,,4.67,0.57
330,331,"Good location and kind staff, but room was dirty, noisy, and had unreliable wifi. Will not stay here again.",,,,,,,,,,,,,,,,,2,3.0,en,0,1,1,1,0,0,0,1,,4.89,5.12,4.92,,,,4.64,-0.79
331,332,Stay at any other location or cheap hotel or just stay in your car. The rooms arent that clean and the checkin process isnt worth it.  I could have got better room service somewhere else. ,,,,,,,,,,,,,,,,,2,3.0,en,0,0,1,0,0,0,0,0,,,4.88,,,,,,-0.9
332,333,"I had a great experience at this hotel. The staff were professional and friendly. The room was clean and I was able to sleep well. There were a few minor inconveniences of the hotel, but otherwise, a great hotel.",,,,,,,,,,,,,,,,,8,7.0,en,0,1,1,0,0,0,0,1,,5.2,5.91,,,,,4.56,0.99
333,334,"check in was seamless, staff were professional. well maintained room, dependable wifi, quiet and comfortable in the evening, close to meetings, just a few hiccups with getting there",,,,,,,,,,,,,,,,,8,6.0,en,0,1,1,0,0,0,0,1,,5.12,5.23,,,,,4.77,0.92
334,335,Four star,,,,,,,,,,,,,,,,,7,8.0,en,0,0,0,0,0,0,0,0,,,,,,,,,0.28
335,336,"The good thing about the hotel is the location. Also, the staff was professional. Unfortunately, the room was dirty, the wi-fi was not reliable, it was noisy, etc.",,,,,,,,,,,,,,,,,2,4.5,en,0,1,1,0,0,0,0,1,,4.9,5.48,,,,,4.9,-0.1
336,337,Awful check in process and extremely noisy.  Would not stay here again.,,,,,,,,,,,,,,,,,2,2.0,en,0,1,1,0,0,0,0,0,,4.55,4.53,,,,,,-0.96
337,338,"I stayed at this Hotel and here is my experience. When I was checking in, it took longer than expected and I was standing in line for a long time. Also when I finally got to my room, it was not clean and it did not look like it had been cleaned for my stay. The Wi-Fi was unreliable while trying to watch a movie. That night, the noise level was keeping me up and I could not sleep. The hotel was close to my meetings for work, however I would not recommend staying in this hotel.",,,,,,,,,,,,,,,,,2,3.0,en,0,1,1,0,0,0,0,1,,4.78,5.61,,,,,4.61,-0.89
338,339,"Very poor experience.  Check in was slow, room was dirty and the hotel was noisy all night!  I will not be  coming back.",,,,,,,,,,,,,,,,,1,2.5,en,0,1,1,0,0,0,0,1,,4.81,5.12,,,,,4.65,-0.97
339,340,"Though the staff and convenience of the hotel are good. The cleanliness, noise levels and overall reliability are far from desirable. In a pinch it works but overall not very enjoyable.",,,,,,,,,,,,,,,,,3,3.5,en,0,1,1,0,0,0,0,1,,4.92,5.62,,,,,4.54,-0.37
340,341,"The room was quiet and comfortable. Access to nearby businesses was great. For business use, the rooms could use additional outlets. Enjoyable stay.",,,,,,,,,,,,,,,,,7,7.0,en,0,1,1,1,0,0,0,1,,5.33,5.66,5.31,,,,4.69,0.98
341,342,overall it was a pleasant stay with only a few hiccups.  the restful nights sleep was better than expected allowing me to be refreshed for the next day. thank you,,,,,,,,,,,,,,,,,7,7.5,en,0,1,1,0,0,0,0,0,,5.34,5.05,,,,,,0.98
342,343,"Very professional staff, well maintained building, and overall a great experience",,,,,,,,,,,,,,,,,8,7.5,en,0,1,0,0,0,0,0,0,,5.32,,,,,,,0.98
343,344,"Would not recommend. Not the worst but not worth the money either. If you can, find somewhere quiet where the wi-fi actually works ",,,,,,,,,,,,,,,,,3,2.5,en,0,0,0,0,0,0,0,0,,,,,,,,,-0.59
344,345,"This hotel was convenient for my meetings but that was the most positive thing about it.  Check in took a long time, the room was not as clean as I expected and the internet was unreliable.  It was also very noisy and not conducive to a good night's sleep.",,,,,,,,,,,,,,,,,2,3.5,en,0,1,1,0,0,0,0,1,,5.0,5.61,,,,,4.64,-0.09
345,346,Nice experience.  Staff was professional and attentive.  Room was comfortable and quiet.  WiFi was reliable.  Location is convenient.  The stay wasn't perfect but it was more than adequate for my needs and better than I expected.,,,,,,,,,,,,,,,,,8,7.0,en,0,1,1,0,0,0,0,1,,5.2,5.34,,,,,4.7,0.97
346,347,"no thrills experience, clean room, comfy bed, close to the places I needed to visit",,,,,,,,,,,,,,,,,6,5.0,en,0,0,0,0,0,0,1,0,,,,,,,4.92,,0.89
347,348,Great location but the room was noisy and needed a deep cleaning. The wifi also did not work well.,,,,,,,,,,,,,,,,,3,3.5,en,0,1,0,0,0,0,0,1,,4.99,,,,,,4.61,-0.9
348,349,"I had wonderful stay here, the elevetor was a little slow but the room was clean and the service was excellent.",,,,,,,,,,,,,,,,,8,7.0,en,0,1,1,0,0,0,0,1,,5.07,5.38,,,,,4.8,0.98
349,350,Everything went smooth the first night. ,,,,,,,,,,,,,,,,,7,7.0,en,0,0,0,0,0,0,0,0,,,,,,,,,0.73
350,351,The only thing that was pleasant was the check in process for this hotel. The room was noisy and it did not feel very clean or very well maintained. The only good thing about this hotel is that it is close to the meeting that I have for work.,,,,,,,,,,,,,,,,,2,3.5,en,0,1,1,0,0,0,0,1,,4.84,5.47,,,,,5.03,0.33
351,352,I had a great stay at this hotel. To start the check-in was quick and hassle-free. The location was also very convenient for me having been close to the city center. The room had great wifi and was well maintained with a comfortable bed. The only negative about the place was not having a wall outlet to charge my phone close to the bed. Overall 4.5 stars would highly recommend.,,,,,,,,,,,,,,,,,9,7.5,en,0,1,1,0,0,0,0,1,,5.3,5.91,,,,,4.36,0.96
352,353,"this did not live up to my expectations at all, the wifi was unstable and unreliable, the room didn’t even feel fully clean and the staff did not seem very fit for their job ",,,,,,,,,,,,,,,,,2,2.0,en,0,1,0,1,0,0,0,1,,4.91,,5.05,,,,4.49,-0.96
353,354,This was a bad experience.,,,,,,,,,,,,,,,,,2,1.0,en,0,0,0,0,0,0,0,0,,,,,,,,,-0.97
354,355,"The hotel was overall a good experience, a very typical mid-level hotel with good clean rooms, good wifi, & good staff. ",,,,,,,,,,,,,,,,,7,6.5,en,0,1,1,0,0,0,0,1,,5.14,5.68,,,,,4.57,0.98
355,356,"The location of the hotel, was of getting around, and professionalism of the staff were the only redeeming factors to my stay. The room was unclean and noisy.",,,,,,,,,,,,,,,,,3,2.5,en,0,1,1,1,1,0,0,1,,4.81,5.08,4.72,4.92,,,4.86,0.43
356,357,"The hotel staff and location were good, but the room cleanliness, check in process, and WiFi connection could be improved.",,,,,,,,,,,,,,,,,4,4.5,en,0,1,1,1,0,1,0,1,,5.0,5.29,5.04,,5.24,,4.76,0.89
357,358,"While the staff had been helpful and professional, the hotel itself was not great. There was lots of noise that had made it difficult to sleep, and even though my meetings were close, it took me a long time to get to them because i was so exhausted. The wifi connection was very bad and I had a difficult time browsing the internet in my downtime.",,,,,,,,,,,,,,,,,3,2.5,en,0,1,1,0,1,1,0,1,,4.81,5.04,,4.96,5.16,,4.79,-0.92
358,359,"Great stay for a mid-priced hotel! Easy check-in, courteous staff, clean room, good WiFi, slept well. Super convenient to my conference location. Would stay again!",,,,,,,,,,,,,,,,,9,7.0,en,0,1,1,0,0,0,0,1,,5.24,5.47,,,,,4.74,0.99
359,360,"Overall the hotel stay was good and I would go back again. However, there were some small minor inconveniences like having a slow elevator and not having a lot of outlets. Despite this, the comfort and staffing were bearable. ",,,,,,,,,,,,,,,,,7,6.5,en,0,1,1,0,0,0,0,1,,4.89,5.51,,,,,4.91,0.9
360,361,"Overall, decent stay for a work trip. Clean, good service, convenient location. ",,,,,,,,,,,,,,,,,7,7.5,en,0,1,1,0,0,0,0,1,,5.12,5.41,,,,,4.63,0.96
361,362,"While the location was convenient and the staff friendly and competent, this location left much to be desired. The room did not feel clean, the wi-fi was not reliable, and the noise level didn't let me sleep at night. As this was a business trip wi-fi and sleep were pretty important to me. ",,,,,,,,,,,,,,,,,2,3.0,en,0,1,1,1,0,0,0,1,,4.97,5.19,5.03,,,,4.62,-0.71
362,363,Great location but the room wasn't clean and wifi was spotty,,,,,,,,,,,,,,,,,4,3.0,en,0,0,0,1,0,0,0,1,,,,5.03,,,,4.83,-0.59
363,364,Overall a great experience. Will give 5 stars once they upgrade amenities like their elevators and outlets.,,,,,,,,,,,,,,,,,8,8.5,en,0,1,1,0,0,0,0,1,,5.14,5.29,,,,,4.45,0.98
364,365,this was an experience I want to prevent happening in the future. You pay too much for a room to have to put up with all these inconveniences,,,,,,,,,,,,,,,,,2,2.0,en,0,0,0,0,0,0,0,1,,,,,,,,4.99,-0.89
365,366,"Good location, but everything else was awful. I would recommend another hotel if you don't mind a little extra distance!",,,,,,,,,,,,,,,,,2,5.0,en,0,1,1,0,0,0,0,1,,4.87,5.31,,,,,4.87,-0.52
366,367,Great hotel overall! ,,,,,,,,,,,,,,,,,8,9.0,en,0,1,1,0,0,0,0,0,,5.34,5.68,,,,,,0.97
367,368,"While conveniently located, I cannot recommend this hotel.  The staff were professional but check in took too long, the room was not clean, wifi was spotty, and the room was noisy and uncomfortable.  Look elsewhere for your accommodations!",,,,,,,,,,,,,,,,,2,4.5,en,0,1,1,0,0,0,0,1,,5.17,5.78,,,,,4.4,-0.95
368,369,"Overall, this hotel was extremely good. Check in was a breeze and everyone was prompt and professional. The room was clean, quiet, and what I hoped for. The elevator was a little slow and there weren’t a lot of outlets, but that was a minor thing when it comes to the overall stay. Will be returning!",,,,,,,,,,,,,,,,,9,7.5,en,0,1,1,0,0,0,0,1,,5.2,5.65,,,,,4.68,0.98
369,370,"I enjoyed staying here. Everything I expected more than met my standards. It's exactly what I needed for my meetings- convenient, reliable wi fi, clean. No frills, but everything you'd want. ",,,,,,,,,,,,,,,,,8,7.0,en,0,1,1,0,0,0,0,1,,5.16,5.29,,,,,4.63,0.93
370,371,"Although the staff was professional and the hotel was conveniently located, I would not recommend this hotel. The rooms were uncomfortable and unclean which did not help with overall satisfaction. Maybe a onetime thing but beware.",,,,,,,,,,,,,,,,,3,4.0,en,0,1,1,0,0,0,0,1,,5.07,5.81,,,,,4.53,-0.93
371,372,"This stay was not what I was expecting. The wi-fi was unreliable, the room was not clean (which is a priority for me), it was noisy at night and while check in went smoothly it took a lot longer than it should. The staff and the convenience of the location were the only positive things about this hotel.",,,,,,,,,,,,,,,,,2,4.0,en,0,1,1,0,0,0,0,1,,5.05,5.44,,,,,4.72,-0.4
372,373,"My stay at this hotel was just as expected. It was clean, convenient and comfortable. The staff was attentive and professional. It was a generally basic hotel but met all my needs.",,,,,,,,,,,,,,,,,7,7.5,en,0,1,1,0,0,0,0,1,,5.27,5.74,,,,,4.66,0.96
373,374,"Staying at this hotel was a nightmare waiting to happen! Almost nothing went the way it should have. If I were you, I'd find a better hotel to stay at because everything from the Wi-Fi to the check-in process to the noise level at night was horrible. Never going back again!",,,,,,,,,,,,,,,,,1,2.0,en,0,1,1,0,0,0,0,1,,4.62,5.1,,,,,4.91,-0.94
374,375,"Overall excellent stay at this hotel. The check in process was smooth and the staff is professional. The hotel is clean, quiet and comfortable. The WIFI was excellent and the location was very convenient. There were only some very small minor problems such as a slow elevator and lack of outlets. However, this really does not effect the quality of the stay. I would highly recommend staying here. ",,,,,,,,,,,,,,,,,9,6.5,en,0,1,1,0,0,0,0,1,,5.28,5.69,,,,,4.44,0.93
375,376,Best Stay and Rest Ever! A++++++ highly recommended!,,,,,,,,,,,,,,,,,9,7.5,en,0,1,0,0,0,0,0,0,,5.47,,,,,,,0.98
376,377,"This hotel was close to where I needed to be, but was a bit noisy and uncomfortable ",,,,,,,,,,,,,,,,,4,4.5,en,0,1,1,0,0,0,0,1,,4.91,5.51,,,,,4.88,-0.71
377,378,"My stay was wonderful, checkin was smooth and quick, and noise level was very quiet. Hotel was located close to my meetings and WiFi connection was fast. The only mishap was not enough outlets in the room, but this was a very try minor inconvenience. ",,,,,,,,,,,,,,,,,8,5.5,en,0,1,1,0,0,1,0,1,,4.89,5.34,,,5.37,,4.89,0.89
378,379,"While the staff were professional and the proximity to work met my expectations, I found the wifi to be unreliable, the check-in process to be tedious and long, and the noise level and cleanliness to be dissappointing, thus I am rating my overall experience 3 Stars.",,,,,,,,,,,,,,,,,3,5.0,en,0,1,1,0,0,0,0,0,,5.06,5.13,,,,,,-0.76
379,380,"I feel the hotel was worth the stay, the amenities were worth it. Overall, 4.99/5 minus the slow elevator ",,,,,,,,,,,,,,,,,8,7.0,en,0,1,1,0,0,0,0,1,,4.9,5.3,,,,,4.89,0.92
380,381,This hotel was convenient for everything that I needed to do during my stay. The elevator did not work but other than that the hotel was nicely maintained. I had no issues during check in or check out and it was quiet and I was able to rest. I would stay here again.,,,,,,,,,,,,,,,,,7,6.5,en,0,1,1,0,0,0,0,1,,5.06,5.76,,,,,4.61,0.94
381,382,"I enjoyed my stay at (mid-priced) hotel. The area was conveniently located to my meeting location. The check-in was easy and hassle free. When interacting with staff, they were courteous, and professional. The only complaint I had was with a slow running elevator and limited outlet space for my electronics. Other than that, my stay was fine. I would visit this hotel again in the future. ",,,,,,,,,,,,,,,,,8,6.5,en,0,1,1,0,0,0,0,1,,5.01,5.64,,,,,4.71,0.96
382,383,"Although this hotel was reasonably priced, and conveniently located, it feel short of my expectations. The check in process took longer than expected, which was quite frustrating, but my overall disappointment was in the quality of the rooms. They were not very clean, and the wifi was barely working. It was also very noisy at night, making it difficult to get good quality sleep. This lead overall to a very uncomfortable experience. ",,,,,,,,,,,,,,,,,2,4.0,en,0,1,1,0,0,0,0,1,,5.1,5.58,,,,,4.44,-0.95
383,384,"I enjoyed staying at this hotel! Though it has a few quirks, it was clean and suited my needs. ",,,,,,,,,,,,,,,,,7,9.0,en,0,1,1,0,0,0,0,1,,5.23,5.87,,,,,4.8,0.98
384,385,"Long check in time, room felt unclean, and high noise level at night with horribly WIFI to top it off. Staff were professional but the hotel itself is not worth staying in.",,,,,,,,,,,,,,,,,2,1.5,en,0,1,1,0,0,1,0,1,,4.72,5.09,,,5.21,,4.63,-0.87
385,386,Everything was great! Wish they had more outlets but aside from that it was perfect! Would definitely stay here again!,,,,,,,,,,,,,,,,,9,9.5,en,0,1,0,0,0,0,0,0,,5.13,,,,,,,0.99
386,387,"The staff was professional but the wait time was ridiculous. The wifi was awful, the room was not cleanly. The only good thing about this hotel was the convenience of it being located close to my meetings.",,,,,,,,,,,,,,,,,2,3.5,en,0,1,1,0,0,0,0,1,,4.84,5.39,,,,,4.67,-0.3
387,388,"Overall a tolerable experience. Slight delay in check in, room was a bit unclean, and the WiFi and noise were problematic. However, given my situation and its convenience regarding the business I was here to attend to, this hotel did its job. Would recommend for business work, would not recommend for vacation purposes",,,,,,,,,,,,,,,,,5,6.0,en,0,1,1,0,0,0,0,1,,5.03,5.49,,,,,4.69,-0.09
388,389,Really great experience overall! Professional and efficient service. Very clean and quiet room with stable wifi for working. The hotel is in a convenient location as well. Some minor inconveniences like limited outlets and a slow elevator but nothing that detracted from my stay.,,,,,,,,,,,,,,,,,9,7.0,en,0,1,1,0,0,0,0,1,,5.23,5.65,,,,,4.59,0.97
389,390,"They had a great staff when checking in. However, the room should be cleaner and there should be more security to regulate noise levels at night. It’s a great location.",,,,,,,,,,,,,,,,,5,4.0,en,0,1,1,0,0,0,0,1,,4.99,5.15,,,,,4.84,0.93
390,391,My experience literally felt bad and i was so displeased and don't feel like returning.,,,,,,,,,,,,,,,,,2,2.5,en,0,0,0,0,0,0,0,0,,,,,,,,,-0.97
391,392,"I am disappointed with my stay at this hotel. Too many frustrating things happened, which made my stay uncomfortable. I highly doubt I will be stay here ever again, and I would encourage anyone else to avoid this hotel if possible. Look for better options, because no one paying their money should have to endure a stay such as the one I had. ",,,,,,,,,,,,,,,,,2,2.0,en,0,1,1,0,0,0,0,1,,4.81,5.25,,,,,4.6,-0.97
